SLURM_JOB_NODELIST: kn[014,038]
HEAD_NODE: kn014
MASTER_ADDR: kn014
MASTER_PORT: 29500
HF_HOME: /scratch/indrisch/huggingface/hub
HF_HUB_CACHE: /scratch/indrisch/huggingface/hub
TRITON_CACHE_DIR: /scratch/indrisch/.triton_cache
HF_HOME: /scratch/indrisch/huggingface/hub
FLASHINFER_WORKSPACE_BASE: /scratch/indrisch/
HF_HUB_CACHE: /scratch/indrisch/huggingface/hub
BEST_GPU: h100
TRITON_CACHE_DIR: /scratch/indrisch/.triton_cache
TORCH_EXTENSIONS_DIR: /scratch/indrisch/.cache/torch_extensions
FLASHINFER_WORKSPACE_BASE: /scratch/indrisch/
SIF_FILE: /scratch/indrisch/huggingface/hub/datasets--cvis-tmu--compute_canada_sif_files/snapshots/382a3b3e54a9fa9450c6c99dd83efaa2f0ca4a5a/llamafactory.sif
BEST_GPU: h100
MEDIA_DIR: /project/aip-wangcs/shared/data/
TORCH_EXTENSIONS_DIR: /scratch/indrisch/.cache/torch_extensions
VENV_LLAMAFACTORY: /scratch/indrisch/venv_llamafactory_cu126_qwen35/
RUNNING_MODE: VENV
SIF_FILE: /scratch/indrisch/huggingface/hub/datasets--cvis-tmu--compute_canada_sif_files/snapshots/382a3b3e54a9fa9450c6c99dd83efaa2f0ca4a5a/llamafactory.sif
MEDIA_DIR: /project/aip-wangcs/shared/data/
VENV_LLAMAFACTORY: /scratch/indrisch/venv_llamafactory_cu126_qwen35/
RUNNING_MODE: VENV
VENV_LLAMAFACTORY: /tmp/venv_llamafactory_cu126_qwen35
AVX-512 support detected — enabling AVX-512 compile flags for native extensions
gcc (Gentoo 12.3.1_p20230526 p2) 12.3.1 20230526
Copyright (C) 2022 Free Software Foundation, Inc.
This is free software; see the source for copying conditions.  There is NO
warranty; not even for MERCHANTABILITY or FITNESS FOR A PARTICULAR PURPOSE.

g++ (Gentoo 12.3.1_p20230526 p2) 12.3.1 20230526
Copyright (C) 2022 Free Software Foundation, Inc.
This is free software; see the source for copying conditions.  There is NO
warranty; not even for MERCHANTABILITY or FITNESS FOR A PARTICULAR PURPOSE.

Setting up environment for CUDA 12.x
VENV_LLAMAFACTORY: /tmp/venv_llamafactory_cu126_qwen35
AVX-512 support detected — enabling AVX-512 compile flags for native extensions
gcc (Gentoo 12.3.1_p20230526 p2) 12.3.1 20230526
Copyright (C) 2022 Free Software Foundation, Inc.
This is free software; see the source for copying conditions.  There is NO
warranty; not even for MERCHANTABILITY or FITNESS FOR A PARTICULAR PURPOSE.

g++ (Gentoo 12.3.1_p20230526 p2) 12.3.1 20230526
Copyright (C) 2022 Free Software Foundation, Inc.
This is free software; see the source for copying conditions.  There is NO
warranty; not even for MERCHANTABILITY or FITNESS FOR A PARTICULAR PURPOSE.

Setting up environment for CUDA 12.x
created virtual environment CPython3.12.4.final.0-64 in 1002ms
  creator CPython3Posix(dest=/tmp/venv_llamafactory_cu126_qwen35, clear=False, no_vcs_ignore=False, global=False)
  seeder FromAppData(download=False, pip=bundle, via=copy, app_data_dir=/home/indrisch/.local/share/virtualenv)
    added seed packages: pip==26.1.1
  activators BashActivator,CShellActivator,FishActivator,NushellActivator,PowerShellActivator,PythonActivator
created virtual environment CPython3.12.4.final.0-64 in 814ms
  creator CPython3Posix(dest=/tmp/venv_llamafactory_cu126_qwen35, clear=False, no_vcs_ignore=False, global=False)
  seeder FromAppData(download=False, pip=bundle, via=copy, app_data_dir=/home/indrisch/.local/share/virtualenv)
    added seed packages: pip==26.1.1
  activators BashActivator,CShellActivator,FishActivator,NushellActivator,PowerShellActivator,PythonActivator
Looking in links: /cvmfs/soft.computecanada.ca/custom/python/wheelhouse/gentoo2023/x86-64-v3, /cvmfs/soft.computecanada.ca/custom/python/wheelhouse/gentoo2023/generic, /cvmfs/soft.computecanada.ca/custom/python/wheelhouse/generic
Requirement already satisfied: pip in /tmp/venv_llamafactory_cu126_qwen35/lib/python3.12/site-packages (26.1.1)
Looking in links: /cvmfs/soft.computecanada.ca/custom/python/wheelhouse/gentoo2023/x86-64-v3, /cvmfs/soft.computecanada.ca/custom/python/wheelhouse/gentoo2023/generic, /cvmfs/soft.computecanada.ca/custom/python/wheelhouse/generic
Requirement already satisfied: pip in /tmp/venv_llamafactory_cu126_qwen35/lib/python3.12/site-packages (26.1.1)
Collecting pip
  Using cached pip-26.1.2-py3-none-any.whl.metadata (4.6 kB)
Collecting pip
  Using cached pip-26.1.2-py3-none-any.whl.metadata (4.6 kB)
Processing /cvmfs/soft.computecanada.ca/custom/python/wheelhouse/generic/setuptools-82.0.1+computecanada-py3-none-any.whl
Collecting wheel
  Using cached wheel-0.47.0-py3-none-any.whl.metadata (2.3 kB)
Requirement already satisfied: packaging>=24.0 in /cvmfs/soft.computecanada.ca/easybuild/software/2023/x86-64-v3/Compiler/gcccore/scipy-stack/2026a/lib/python3.12/site-packages (from wheel) (26.0+computecanada)
Using cached pip-26.1.2-py3-none-any.whl (1.8 MB)
Using cached wheel-0.47.0-py3-none-any.whl (32 kB)
Processing /cvmfs/soft.computecanada.ca/custom/python/wheelhouse/generic/setuptools-82.0.1+computecanada-py3-none-any.whl
Installing collected packages: wheel, setuptools, pip
Collecting wheel
  Using cached wheel-0.47.0-py3-none-any.whl.metadata (2.3 kB)
Requirement already satisfied: packaging>=24.0 in /cvmfs/soft.computecanada.ca/easybuild/software/2023/x86-64-v3/Compiler/gcccore/scipy-stack/2026a/lib/python3.12/site-packages (from wheel) (26.0+computecanada)
Using cached pip-26.1.2-py3-none-any.whl (1.8 MB)
Using cached wheel-0.47.0-py3-none-any.whl (32 kB)
Installing collected packages: wheel, setuptools, pip
  Attempting uninstall: pip
    Found existing installation: pip 26.1.1
    Uninstalling pip-26.1.1:
      Successfully uninstalled pip-26.1.1
  Attempting uninstall: pip
    Found existing installation: pip 26.1.1
    Uninstalling pip-26.1.1:
      Successfully uninstalled pip-26.1.1

Successfully installed pip-26.1.2 setuptools-82.0.1+computecanada wheel-0.47.0
Installing transformers>=5.2.0 for Qwen3.5 compatibility

Successfully installed pip-26.1.2 setuptools-82.0.1+computecanada wheel-0.47.0
Installing transformers>=5.2.0 for Qwen3.5 compatibility
Looking in links: /cvmfs/soft.computecanada.ca/custom/python/wheelhouse/gentoo2023/x86-64-v3, /cvmfs/soft.computecanada.ca/custom/python/wheelhouse/gentoo2023/generic, /cvmfs/soft.computecanada.ca/custom/python/wheelhouse/generic
Obtaining file:///project/6110552/indrisch/LLaMA-Factory
  Installing build dependencies: started
Looking in links: /cvmfs/soft.computecanada.ca/custom/python/wheelhouse/gentoo2023/x86-64-v3, /cvmfs/soft.computecanada.ca/custom/python/wheelhouse/gentoo2023/generic, /cvmfs/soft.computecanada.ca/custom/python/wheelhouse/generic
Obtaining file:///project/6110552/indrisch/LLaMA-Factory
  Installing build dependencies: started
  Installing build dependencies: finished with status 'done'
  Checking if build backend supports build_editable: started
  Installing build dependencies: finished with status 'done'
  Checking if build backend supports build_editable: started
  Checking if build backend supports build_editable: finished with status 'done'
  Getting requirements to build editable: started
  Checking if build backend supports build_editable: finished with status 'done'
  Getting requirements to build editable: started
  Getting requirements to build editable: finished with status 'done'
  Preparing editable metadata (pyproject.toml): started
  Preparing editable metadata (pyproject.toml): finished with status 'done'
  Getting requirements to build editable: finished with status 'done'
  Preparing editable metadata (pyproject.toml): started
Requirement already satisfied: packaging in /cvmfs/soft.computecanada.ca/easybuild/software/2023/x86-64-v3/Compiler/gcccore/scipy-stack/2026a/lib/python3.12/site-packages (26.0+computecanada)
Requirement already satisfied: psutil in /cvmfs/soft.computecanada.ca/easybuild/software/2023/x86-64-v3/Compiler/gcccore/ipykernel/2026a/lib/python3.12/site-packages (7.2.2+computecanada)
Requirement already satisfied: pandas in /cvmfs/soft.computecanada.ca/easybuild/software/2023/x86-64-v3/Compiler/gcccore/scipy-stack/2026a/lib/python3.12/site-packages (3.0.0+computecanada)
Requirement already satisfied: pillow in /cvmfs/soft.computecanada.ca/easybuild/software/2023/x86-64-v3/Compiler/gcccore/scipy-stack/2026a/lib/python3.12/site-packages (12.1.0+computecanada)
Requirement already satisfied: decorator in /cvmfs/soft.computecanada.ca/easybuild/software/2023/x86-64-v3/Compiler/gcccore/ipykernel/2026a/lib/python3.12/site-packages (5.2.1+computecanada)
Requirement already satisfied: scipy in /cvmfs/soft.computecanada.ca/easybuild/software/2023/x86-64-v3/Compiler/gcccore/scipy-stack/2026a/lib/python3.12/site-packages (1.17.0+computecanada)
Requirement already satisfied: matplotlib in /cvmfs/soft.computecanada.ca/easybuild/software/2023/x86-64-v3/Compiler/gcccore/scipy-stack/2026a/lib/python3.12/site-packages (3.10.8+computecanada)
Requirement already satisfied: platformdirs in /cvmfs/soft.computecanada.ca/easybuild/software/2023/x86-64-v3/Compiler/gcccore/ipykernel/2026a/lib/python3.12/site-packages (4.5.1+computecanada)
Requirement already satisfied: pyarrow in /cvmfs/soft.computecanada.ca/easybuild/software/2023/x86-64-v3/Compiler/gcccore/arrow/24.0.0/lib/python3.12/site-packages (24.0.0)
Requirement already satisfied: sympy in /cvmfs/soft.computecanada.ca/easybuild/software/2023/x86-64-v3/Compiler/gcccore/scipy-stack/2026a/lib/python3.12/site-packages (1.14.0+computecanada)
  Preparing editable metadata (pyproject.toml): finished with status 'done'
Requirement already satisfied: packaging in /cvmfs/soft.computecanada.ca/easybuild/software/2023/x86-64-v3/Compiler/gcccore/scipy-stack/2026a/lib/python3.12/site-packages (26.0+computecanada)
Requirement already satisfied: psutil in /cvmfs/soft.computecanada.ca/easybuild/software/2023/x86-64-v3/Compiler/gcccore/ipykernel/2026a/lib/python3.12/site-packages (7.2.2+computecanada)
Requirement already satisfied: pandas in /cvmfs/soft.computecanada.ca/easybuild/software/2023/x86-64-v3/Compiler/gcccore/scipy-stack/2026a/lib/python3.12/site-packages (3.0.0+computecanada)
Requirement already satisfied: pillow in /cvmfs/soft.computecanada.ca/easybuild/software/2023/x86-64-v3/Compiler/gcccore/scipy-stack/2026a/lib/python3.12/site-packages (12.1.0+computecanada)
Requirement already satisfied: decorator in /cvmfs/soft.computecanada.ca/easybuild/software/2023/x86-64-v3/Compiler/gcccore/ipykernel/2026a/lib/python3.12/site-packages (5.2.1+computecanada)
Requirement already satisfied: scipy in /cvmfs/soft.computecanada.ca/easybuild/software/2023/x86-64-v3/Compiler/gcccore/scipy-stack/2026a/lib/python3.12/site-packages (1.17.0+computecanada)
Requirement already satisfied: matplotlib in /cvmfs/soft.computecanada.ca/easybuild/software/2023/x86-64-v3/Compiler/gcccore/scipy-stack/2026a/lib/python3.12/site-packages (3.10.8+computecanada)
Requirement already satisfied: platformdirs in /cvmfs/soft.computecanada.ca/easybuild/software/2023/x86-64-v3/Compiler/gcccore/ipykernel/2026a/lib/python3.12/site-packages (4.5.1+computecanada)
Requirement already satisfied: pyarrow in /cvmfs/soft.computecanada.ca/easybuild/software/2023/x86-64-v3/Compiler/gcccore/arrow/24.0.0/lib/python3.12/site-packages (24.0.0)
Requirement already satisfied: sympy in /cvmfs/soft.computecanada.ca/easybuild/software/2023/x86-64-v3/Compiler/gcccore/scipy-stack/2026a/lib/python3.12/site-packages (1.14.0+computecanada)
Processing /cvmfs/soft.computecanada.ca/custom/python/wheelhouse/gentoo2023/generic/wandb-0.24.0+computecanada-py3-none-linux_x86_64.whl
Processing /cvmfs/soft.computecanada.ca/custom/python/wheelhouse/gentoo2023/generic/wandb-0.24.0+computecanada-py3-none-linux_x86_64.whl
Processing /cvmfs/soft.computecanada.ca/custom/python/wheelhouse/generic/ray-2.54.1+computecanada-cp312-cp312-linux_x86_64.whl
Processing /cvmfs/soft.computecanada.ca/custom/python/wheelhouse/generic/ray-2.54.1+computecanada-cp312-cp312-linux_x86_64.whl
Processing /cvmfs/soft.computecanada.ca/custom/python/wheelhouse/gentoo2023/x86-64-v3/h5py-3.16.0+computecanada-cp312-cp312-linux_x86_64.whl
Collecting transformers>=5.2.0
  Using cached transformers-5.10.2-py3-none-any.whl.metadata (33 kB)
Collecting flash_linear_attention
  Using cached flash_linear_attention-0.5.0-py3-none-any.whl.metadata (44 kB)
Processing /cvmfs/soft.computecanada.ca/custom/python/wheelhouse/gentoo2023/generic/causal_conv1d-1.5.4+computecanada-cp312-cp312-linux_x86_64.whl
Processing /cvmfs/soft.computecanada.ca/custom/python/wheelhouse/gentoo2023/x86-64-v3/h5py-3.16.0+computecanada-cp312-cp312-linux_x86_64.whl
Collecting transformers>=5.2.0
  Using cached transformers-5.10.2-py3-none-any.whl.metadata (33 kB)
Collecting flash_linear_attention
  Using cached flash_linear_attention-0.5.0-py3-none-any.whl.metadata (44 kB)
Processing /cvmfs/soft.computecanada.ca/custom/python/wheelhouse/gentoo2023/generic/causal_conv1d-1.5.4+computecanada-cp312-cp312-linux_x86_64.whl
Processing /cvmfs/soft.computecanada.ca/custom/python/wheelhouse/generic/datasets-4.0.0+computecanada-py3-none-any.whl (from llamafactory==0.9.4.dev0)
Processing /cvmfs/soft.computecanada.ca/custom/python/wheelhouse/generic/accelerate-1.11.0+computecanada-py3-none-any.whl (from llamafactory==0.9.4.dev0)
Processing /cvmfs/soft.computecanada.ca/custom/python/wheelhouse/generic/peft-0.19.1+computecanada-py3-none-any.whl (from llamafactory==0.9.4.dev0)
Processing /cvmfs/soft.computecanada.ca/custom/python/wheelhouse/generic/trl-0.9.6+computecanada-py3-none-any.whl (from llamafactory==0.9.4.dev0)
Collecting gradio<=5.45.0,>=4.38.0 (from llamafactory==0.9.4.dev0)
  Using cached gradio-5.45.0-py3-none-any.whl.metadata (16 kB)
Processing /cvmfs/soft.computecanada.ca/custom/python/wheelhouse/generic/tyro-0.8.14+computecanada-py3-none-any.whl (from llamafactory==0.9.4.dev0)
Processing /cvmfs/soft.computecanada.ca/custom/python/wheelhouse/generic/einops-0.8.2+computecanada-py3-none-any.whl (from llamafactory==0.9.4.dev0)
Processing /cvmfs/soft.computecanada.ca/custom/python/wheelhouse/gentoo2023/generic/numpy-1.26.4+computecanada-cp312-cp312-linux_x86_64.whl (from llamafactory==0.9.4.dev0)
Processing /cvmfs/soft.computecanada.ca/custom/python/wheelhouse/generic/datasets-4.0.0+computecanada-py3-none-any.whl (from llamafactory==0.9.4.dev0)
Processing /cvmfs/soft.computecanada.ca/custom/python/wheelhouse/generic/accelerate-1.11.0+computecanada-py3-none-any.whl (from llamafactory==0.9.4.dev0)
Processing /cvmfs/soft.computecanada.ca/custom/python/wheelhouse/gentoo2023/generic/sentencepiece-0.2.0+computecanada-cp312-cp312-linux_x86_64.whl (from llamafactory==0.9.4.dev0)
Processing /cvmfs/soft.computecanada.ca/custom/python/wheelhouse/generic/peft-0.19.1+computecanada-py3-none-any.whl (from llamafactory==0.9.4.dev0)
Processing /cvmfs/soft.computecanada.ca/custom/python/wheelhouse/gentoo2023/generic/tiktoken-0.12.0+computecanada-cp312-cp312-linux_x86_64.whl (from llamafactory==0.9.4.dev0)
Processing /cvmfs/soft.computecanada.ca/custom/python/wheelhouse/generic/trl-0.9.6+computecanada-py3-none-any.whl (from llamafactory==0.9.4.dev0)
Collecting modelscope>=1.14.0 (from llamafactory==0.9.4.dev0)
  Using cached modelscope-1.37.1-py3-none-any.whl.metadata (43 kB)
Collecting gradio<=5.45.0,>=4.38.0 (from llamafactory==0.9.4.dev0)
  Using cached gradio-5.45.0-py3-none-any.whl.metadata (16 kB)
Processing /cvmfs/soft.computecanada.ca/custom/python/wheelhouse/gentoo2023/generic/hf_transfer-0.1.9+computecanada-cp38-abi3-linux_x86_64.whl (from llamafactory==0.9.4.dev0)
Processing /cvmfs/soft.computecanada.ca/custom/python/wheelhouse/generic/tyro-0.8.14+computecanada-py3-none-any.whl (from llamafactory==0.9.4.dev0)
Processing /cvmfs/soft.computecanada.ca/custom/python/wheelhouse/generic/einops-0.8.2+computecanada-py3-none-any.whl (from llamafactory==0.9.4.dev0)
Processing /cvmfs/soft.computecanada.ca/custom/python/wheelhouse/gentoo2023/generic/safetensors-0.5.3+computecanada-cp38-abi3-linux_x86_64.whl (from llamafactory==0.9.4.dev0)
Processing /cvmfs/soft.computecanada.ca/custom/python/wheelhouse/generic/fire-0.7.1+computecanada-py3-none-any.whl (from llamafactory==0.9.4.dev0)
Processing /cvmfs/soft.computecanada.ca/custom/python/wheelhouse/gentoo2023/generic/numpy-1.26.4+computecanada-cp312-cp312-linux_x86_64.whl (from llamafactory==0.9.4.dev0)
Processing /cvmfs/soft.computecanada.ca/custom/python/wheelhouse/generic/omegaconf-2.3.0+computecanada-py3-none-any.whl (from llamafactory==0.9.4.dev0)
Processing /cvmfs/soft.computecanada.ca/custom/python/wheelhouse/gentoo2023/generic/sentencepiece-0.2.0+computecanada-cp312-cp312-linux_x86_64.whl (from llamafactory==0.9.4.dev0)
Processing /cvmfs/soft.computecanada.ca/custom/python/wheelhouse/gentoo2023/generic/tiktoken-0.12.0+computecanada-cp312-cp312-linux_x86_64.whl (from llamafactory==0.9.4.dev0)
Collecting modelscope>=1.14.0 (from llamafactory==0.9.4.dev0)
  Using cached modelscope-1.37.1-py3-none-any.whl.metadata (43 kB)
Processing /cvmfs/soft.computecanada.ca/custom/python/wheelhouse/gentoo2023/x86-64-v3/protobuf-7.35.0+computecanada-cp312-cp312-linux_x86_64.whl (from llamafactory==0.9.4.dev0)
Processing /cvmfs/soft.computecanada.ca/custom/python/wheelhouse/generic/pyyaml-6.0.3+computecanada-cp312-cp312-linux_x86_64.whl (from llamafactory==0.9.4.dev0)
Processing /cvmfs/soft.computecanada.ca/custom/python/wheelhouse/gentoo2023/generic/hf_transfer-0.1.9+computecanada-cp38-abi3-linux_x86_64.whl (from llamafactory==0.9.4.dev0)
Processing /cvmfs/soft.computecanada.ca/custom/python/wheelhouse/generic/pydantic-2.10.6+computecanada-py3-none-any.whl (from llamafactory==0.9.4.dev0)
Processing /cvmfs/soft.computecanada.ca/custom/python/wheelhouse/gentoo2023/generic/safetensors-0.5.3+computecanada-cp38-abi3-linux_x86_64.whl (from llamafactory==0.9.4.dev0)
Collecting uvicorn (from llamafactory==0.9.4.dev0)
  Using cached uvicorn-0.49.0-py3-none-any.whl.metadata (6.7 kB)
Processing /cvmfs/soft.computecanada.ca/custom/python/wheelhouse/generic/fire-0.7.1+computecanada-py3-none-any.whl (from llamafactory==0.9.4.dev0)
Processing /cvmfs/soft.computecanada.ca/custom/python/wheelhouse/generic/fastapi-0.136.3+computecanada-py3-none-any.whl (from llamafactory==0.9.4.dev0)
Processing /cvmfs/soft.computecanada.ca/custom/python/wheelhouse/generic/omegaconf-2.3.0+computecanada-py3-none-any.whl (from llamafactory==0.9.4.dev0)
Processing /cvmfs/soft.computecanada.ca/custom/python/wheelhouse/generic/sse_starlette-3.4.4+computecanada-py3-none-any.whl (from llamafactory==0.9.4.dev0)
Processing /cvmfs/soft.computecanada.ca/custom/python/wheelhouse/gentoo2023/x86-64-v3/av-15.1.0+computecanada-cp312-cp312-linux_x86_64.whl (from llamafactory==0.9.4.dev0)
Processing /cvmfs/soft.computecanada.ca/custom/python/wheelhouse/gentoo2023/x86-64-v3/protobuf-7.35.0+computecanada-cp312-cp312-linux_x86_64.whl (from llamafactory==0.9.4.dev0)
Processing /cvmfs/soft.computecanada.ca/custom/python/wheelhouse/generic/pyyaml-6.0.3+computecanada-cp312-cp312-linux_x86_64.whl (from llamafactory==0.9.4.dev0)
Processing /cvmfs/soft.computecanada.ca/custom/python/wheelhouse/generic/librosa-0.11.0+computecanada-py3-none-any.whl (from llamafactory==0.9.4.dev0)
Processing /cvmfs/soft.computecanada.ca/custom/python/wheelhouse/generic/pydantic-2.10.6+computecanada-py3-none-any.whl (from llamafactory==0.9.4.dev0)
Processing /cvmfs/soft.computecanada.ca/custom/python/wheelhouse/generic/propcache-0.5.2+computecanada-cp312-cp312-linux_x86_64.whl (from llamafactory==0.9.4.dev0)
Collecting uvicorn (from llamafactory==0.9.4.dev0)
  Using cached uvicorn-0.49.0-py3-none-any.whl.metadata (6.7 kB)
Processing /cvmfs/soft.computecanada.ca/custom/python/wheelhouse/gentoo2023/x86-64-v3/torch-2.12.0+computecanada-cp312-cp312-linux_x86_64.whl (from llamafactory==0.9.4.dev0)
Processing /cvmfs/soft.computecanada.ca/custom/python/wheelhouse/generic/fastapi-0.136.3+computecanada-py3-none-any.whl (from llamafactory==0.9.4.dev0)
Processing /cvmfs/soft.computecanada.ca/custom/python/wheelhouse/generic/sse_starlette-3.4.4+computecanada-py3-none-any.whl (from llamafactory==0.9.4.dev0)
Processing /cvmfs/soft.computecanada.ca/custom/python/wheelhouse/gentoo2023/x86-64-v3/av-15.1.0+computecanada-cp312-cp312-linux_x86_64.whl (from llamafactory==0.9.4.dev0)
Processing /cvmfs/soft.computecanada.ca/custom/python/wheelhouse/generic/librosa-0.11.0+computecanada-py3-none-any.whl (from llamafactory==0.9.4.dev0)
Processing /cvmfs/soft.computecanada.ca/custom/python/wheelhouse/generic/propcache-0.5.2+computecanada-cp312-cp312-linux_x86_64.whl (from llamafactory==0.9.4.dev0)
Processing /cvmfs/soft.computecanada.ca/custom/python/wheelhouse/gentoo2023/x86-64-v3/torch-2.12.0+computecanada-cp312-cp312-linux_x86_64.whl (from llamafactory==0.9.4.dev0)
Processing /cvmfs/soft.computecanada.ca/custom/python/wheelhouse/gentoo2023/generic/torchvision-0.27.0+computecanada-cp312-cp312-linux_x86_64.whl (from llamafactory==0.9.4.dev0)
Collecting nltk (from llamafactory==0.9.4.dev0)
  Using cached nltk-3.9.4-py3-none-any.whl.metadata (3.2 kB)
Processing /cvmfs/soft.computecanada.ca/custom/python/wheelhouse/generic/jieba-0.42.1+computecanada-py3-none-any.whl (from llamafactory==0.9.4.dev0)
Collecting rouge-chinese (from llamafactory==0.9.4.dev0)
  Using cached rouge_chinese-1.0.3-py3-none-any.whl.metadata (7.6 kB)
Processing /cvmfs/soft.computecanada.ca/custom/python/wheelhouse/generic/deepspeed-0.16.4+computecanada-py3-none-any.whl (from llamafactory==0.9.4.dev0)
Collecting liger-kernel>=0.5.5 (from llamafactory==0.9.4.dev0)
  Using cached liger_kernel-0.8.0-py3-none-any.whl.metadata (27 kB)
Collecting huggingface_hub>=0.21.0 (from accelerate<=1.11.0,>=1.3.0->llamafactory==0.9.4.dev0)
  Using cached huggingface_hub-1.18.0-py3-none-any.whl.metadata (14 kB)
Collecting filelock (from datasets<=4.0.0,>=2.16.0->llamafactory==0.9.4.dev0)
  Using cached filelock-3.29.1-py3-none-any.whl.metadata (2.0 kB)
Processing /cvmfs/soft.computecanada.ca/custom/python/wheelhouse/generic/dill-0.3.8+computecanada-py3-none-any.whl (from datasets<=4.0.0,>=2.16.0->llamafactory==0.9.4.dev0)
Processing /cvmfs/soft.computecanada.ca/custom/python/wheelhouse/generic/requests-2.34.2+computecanada-py3-none-any.whl (from datasets<=4.0.0,>=2.16.0->llamafactory==0.9.4.dev0)
Collecting tqdm>=4.66.3 (from datasets<=4.0.0,>=2.16.0->llamafactory==0.9.4.dev0)
  Using cached tqdm-4.68.1-py3-none-any.whl.metadata (57 kB)
Processing /cvmfs/soft.computecanada.ca/custom/python/wheelhouse/generic/xxhash-3.5.0+computecanada-cp312-cp312-linux_x86_64.whl (from datasets<=4.0.0,>=2.16.0->llamafactory==0.9.4.dev0)
Processing /cvmfs/soft.computecanada.ca/custom/python/wheelhouse/gentoo2023/generic/torchvision-0.27.0+computecanada-cp312-cp312-linux_x86_64.whl (from llamafactory==0.9.4.dev0)
Processing /cvmfs/soft.computecanada.ca/custom/python/wheelhouse/generic/multiprocess-0.70.16+computecanada-py3-none-any.whl (from datasets<=4.0.0,>=2.16.0->llamafactory==0.9.4.dev0)
Collecting nltk (from llamafactory==0.9.4.dev0)
  Using cached nltk-3.9.4-py3-none-any.whl.metadata (3.2 kB)
Processing /cvmfs/soft.computecanada.ca/custom/python/wheelhouse/generic/fsspec-2025.3.0+computecanada-py3-none-any.whl (from fsspec[http]<=2025.3.0,>=2023.1.0->datasets<=4.0.0,>=2.16.0->llamafactory==0.9.4.dev0)
Processing /cvmfs/soft.computecanada.ca/custom/python/wheelhouse/generic/jieba-0.42.1+computecanada-py3-none-any.whl (from llamafactory==0.9.4.dev0)
Processing /cvmfs/soft.computecanada.ca/custom/python/wheelhouse/generic/hjson-3.1.0+computecanada-py3-none-any.whl (from deepspeed<=0.16.9,>=0.10.0->llamafactory==0.9.4.dev0)
Processing /cvmfs/soft.computecanada.ca/custom/python/wheelhouse/generic/msgpack-1.1.2+computecanada-cp312-cp312-linux_x86_64.whl (from deepspeed<=0.16.9,>=0.10.0->llamafactory==0.9.4.dev0)
Collecting rouge-chinese (from llamafactory==0.9.4.dev0)
  Using cached rouge_chinese-1.0.3-py3-none-any.whl.metadata (7.6 kB)
Processing /cvmfs/soft.computecanada.ca/custom/python/wheelhouse/gentoo2023/generic/ninja-1.13.0+computecanada-py3-none-linux_x86_64.whl (from deepspeed<=0.16.9,>=0.10.0->llamafactory==0.9.4.dev0)
Processing /cvmfs/soft.computecanada.ca/custom/python/wheelhouse/generic/deepspeed-0.16.4+computecanada-py3-none-any.whl (from llamafactory==0.9.4.dev0)
Processing /cvmfs/soft.computecanada.ca/custom/python/wheelhouse/generic/py_cpuinfo-9.0.0+computecanada-py3-none-any.whl (from deepspeed<=0.16.9,>=0.10.0->llamafactory==0.9.4.dev0)
Collecting liger-kernel>=0.5.5 (from llamafactory==0.9.4.dev0)
  Using cached liger_kernel-0.8.0-py3-none-any.whl.metadata (27 kB)
Collecting huggingface_hub>=0.21.0 (from accelerate<=1.11.0,>=1.3.0->llamafactory==0.9.4.dev0)
  Using cached huggingface_hub-1.18.0-py3-none-any.whl.metadata (14 kB)
Collecting filelock (from datasets<=4.0.0,>=2.16.0->llamafactory==0.9.4.dev0)
  Using cached filelock-3.29.1-py3-none-any.whl.metadata (2.0 kB)
Processing /cvmfs/soft.computecanada.ca/custom/python/wheelhouse/generic/dill-0.3.8+computecanada-py3-none-any.whl (from datasets<=4.0.0,>=2.16.0->llamafactory==0.9.4.dev0)
Processing /cvmfs/soft.computecanada.ca/custom/python/wheelhouse/generic/requests-2.34.2+computecanada-py3-none-any.whl (from datasets<=4.0.0,>=2.16.0->llamafactory==0.9.4.dev0)
Processing /cvmfs/soft.computecanada.ca/custom/python/wheelhouse/gentoo2023/x86-64-v3/aiohttp-3.13.3+computecanada-cp312-cp312-linux_x86_64.whl (from fsspec[http]<=2025.3.0,>=2023.1.0->datasets<=4.0.0,>=2.16.0->llamafactory==0.9.4.dev0)
Collecting tqdm>=4.66.3 (from datasets<=4.0.0,>=2.16.0->llamafactory==0.9.4.dev0)
  Using cached tqdm-4.68.1-py3-none-any.whl.metadata (57 kB)
Processing /cvmfs/soft.computecanada.ca/custom/python/wheelhouse/generic/aiofiles-24.1.0+computecanada-py3-none-any.whl (from gradio<=5.45.0,>=4.38.0->llamafactory==0.9.4.dev0)
Processing /cvmfs/soft.computecanada.ca/custom/python/wheelhouse/generic/anyio-4.13.0+computecanada-py3-none-any.whl (from gradio<=5.45.0,>=4.38.0->llamafactory==0.9.4.dev0)
Processing /cvmfs/soft.computecanada.ca/custom/python/wheelhouse/generic/xxhash-3.5.0+computecanada-cp312-cp312-linux_x86_64.whl (from datasets<=4.0.0,>=2.16.0->llamafactory==0.9.4.dev0)
Processing /cvmfs/soft.computecanada.ca/custom/python/wheelhouse/generic/brotli-1.2.0+computecanada-cp312-cp312-linux_x86_64.whl (from gradio<=5.45.0,>=4.38.0->llamafactory==0.9.4.dev0)
Processing /cvmfs/soft.computecanada.ca/custom/python/wheelhouse/generic/multiprocess-0.70.16+computecanada-py3-none-any.whl (from datasets<=4.0.0,>=2.16.0->llamafactory==0.9.4.dev0)
Processing /cvmfs/soft.computecanada.ca/custom/python/wheelhouse/generic/fsspec-2025.3.0+computecanada-py3-none-any.whl (from fsspec[http]<=2025.3.0,>=2023.1.0->datasets<=4.0.0,>=2.16.0->llamafactory==0.9.4.dev0)
Collecting ffmpy (from gradio<=5.45.0,>=4.38.0->llamafactory==0.9.4.dev0)
  Using cached ffmpy-1.0.0-py3-none-any.whl.metadata (3.0 kB)
Processing /cvmfs/soft.computecanada.ca/custom/python/wheelhouse/generic/hjson-3.1.0+computecanada-py3-none-any.whl (from deepspeed<=0.16.9,>=0.10.0->llamafactory==0.9.4.dev0)
Collecting gradio-client==1.13.0 (from gradio<=5.45.0,>=4.38.0->llamafactory==0.9.4.dev0)
  Using cached gradio_client-1.13.0-py3-none-any.whl.metadata (7.1 kB)
Processing /cvmfs/soft.computecanada.ca/custom/python/wheelhouse/generic/groovy-0.1.2+computecanada-py3-none-any.whl (from gradio<=5.45.0,>=4.38.0->llamafactory==0.9.4.dev0)
Processing /cvmfs/soft.computecanada.ca/custom/python/wheelhouse/generic/msgpack-1.1.2+computecanada-cp312-cp312-linux_x86_64.whl (from deepspeed<=0.16.9,>=0.10.0->llamafactory==0.9.4.dev0)
Processing /cvmfs/soft.computecanada.ca/custom/python/wheelhouse/generic/httpx-0.28.1+computecanada-py3-none-any.whl (from gradio<=5.45.0,>=4.38.0->llamafactory==0.9.4.dev0)
Processing /cvmfs/soft.computecanada.ca/custom/python/wheelhouse/gentoo2023/generic/ninja-1.13.0+computecanada-py3-none-linux_x86_64.whl (from deepspeed<=0.16.9,>=0.10.0->llamafactory==0.9.4.dev0)
Processing /cvmfs/soft.computecanada.ca/custom/python/wheelhouse/generic/huggingface_hub-0.36.2+computecanada-py3-none-any.whl (from accelerate<=1.11.0,>=1.3.0->llamafactory==0.9.4.dev0)
Processing /cvmfs/soft.computecanada.ca/custom/python/wheelhouse/generic/py_cpuinfo-9.0.0+computecanada-py3-none-any.whl (from deepspeed<=0.16.9,>=0.10.0->llamafactory==0.9.4.dev0)
Processing /cvmfs/soft.computecanada.ca/custom/python/wheelhouse/generic/jinja2-3.1.6+computecanada-py3-none-any.whl (from gradio<=5.45.0,>=4.38.0->llamafactory==0.9.4.dev0)
Processing /cvmfs/soft.computecanada.ca/custom/python/wheelhouse/generic/markupsafe-3.0.3+computecanada-cp312-cp312-linux_x86_64.whl (from gradio<=5.45.0,>=4.38.0->llamafactory==0.9.4.dev0)
Processing /cvmfs/soft.computecanada.ca/custom/python/wheelhouse/gentoo2023/x86-64-v3/orjson-3.11.7+computecanada-cp312-cp312-linux_x86_64.whl (from gradio<=5.45.0,>=4.38.0->llamafactory==0.9.4.dev0)
Processing /cvmfs/soft.computecanada.ca/custom/python/wheelhouse/gentoo2023/x86-64-v3/aiohttp-3.13.3+computecanada-cp312-cp312-linux_x86_64.whl (from fsspec[http]<=2025.3.0,>=2023.1.0->datasets<=4.0.0,>=2.16.0->llamafactory==0.9.4.dev0)
Processing /cvmfs/soft.computecanada.ca/custom/python/wheelhouse/generic/aiofiles-24.1.0+computecanada-py3-none-any.whl (from gradio<=5.45.0,>=4.38.0->llamafactory==0.9.4.dev0)
Processing /cvmfs/soft.computecanada.ca/custom/python/wheelhouse/generic/anyio-4.13.0+computecanada-py3-none-any.whl (from gradio<=5.45.0,>=4.38.0->llamafactory==0.9.4.dev0)
Processing /cvmfs/soft.computecanada.ca/custom/python/wheelhouse/gentoo2023/x86-64-v3/pandas-2.3.3+computecanada-cp312-cp312-linux_x86_64.whl
Processing /cvmfs/soft.computecanada.ca/custom/python/wheelhouse/generic/brotli-1.2.0+computecanada-cp312-cp312-linux_x86_64.whl (from gradio<=5.45.0,>=4.38.0->llamafactory==0.9.4.dev0)
Collecting ffmpy (from gradio<=5.45.0,>=4.38.0->llamafactory==0.9.4.dev0)
  Using cached ffmpy-1.0.0-py3-none-any.whl.metadata (3.0 kB)
Collecting gradio-client==1.13.0 (from gradio<=5.45.0,>=4.38.0->llamafactory==0.9.4.dev0)
  Using cached gradio_client-1.13.0-py3-none-any.whl.metadata (7.1 kB)
Processing /cvmfs/soft.computecanada.ca/custom/python/wheelhouse/generic/groovy-0.1.2+computecanada-py3-none-any.whl (from gradio<=5.45.0,>=4.38.0->llamafactory==0.9.4.dev0)
Processing /cvmfs/soft.computecanada.ca/custom/python/wheelhouse/gentoo2023/x86-64-v3/pillow-11.1.0+computecanada-cp312-cp312-linux_x86_64.whl
Processing /cvmfs/soft.computecanada.ca/custom/python/wheelhouse/generic/httpx-0.28.1+computecanada-py3-none-any.whl (from gradio<=5.45.0,>=4.38.0->llamafactory==0.9.4.dev0)
Processing /cvmfs/soft.computecanada.ca/custom/python/wheelhouse/generic/huggingface_hub-0.36.2+computecanada-py3-none-any.whl (from accelerate<=1.11.0,>=1.3.0->llamafactory==0.9.4.dev0)
Processing /cvmfs/soft.computecanada.ca/custom/python/wheelhouse/generic/pydub-0.25.1+computecanada-py2.py3-none-any.whl (from gradio<=5.45.0,>=4.38.0->llamafactory==0.9.4.dev0)
Collecting python-multipart>=0.0.18 (from gradio<=5.45.0,>=4.38.0->llamafactory==0.9.4.dev0)
  Using cached python_multipart-0.0.32-py3-none-any.whl.metadata (2.1 kB)
Processing /cvmfs/soft.computecanada.ca/custom/python/wheelhouse/generic/jinja2-3.1.6+computecanada-py3-none-any.whl (from gradio<=5.45.0,>=4.38.0->llamafactory==0.9.4.dev0)
Processing /cvmfs/soft.computecanada.ca/custom/python/wheelhouse/generic/markupsafe-3.0.3+computecanada-cp312-cp312-linux_x86_64.whl (from gradio<=5.45.0,>=4.38.0->llamafactory==0.9.4.dev0)
Processing /cvmfs/soft.computecanada.ca/custom/python/wheelhouse/generic/ruff-0.11.0+computecanada-py3-none-linux_x86_64.whl (from gradio<=5.45.0,>=4.38.0->llamafactory==0.9.4.dev0)
Processing /cvmfs/soft.computecanada.ca/custom/python/wheelhouse/gentoo2023/x86-64-v3/orjson-3.11.7+computecanada-cp312-cp312-linux_x86_64.whl (from gradio<=5.45.0,>=4.38.0->llamafactory==0.9.4.dev0)
Collecting safehttpx<0.2.0,>=0.1.6 (from gradio<=5.45.0,>=4.38.0->llamafactory==0.9.4.dev0)
  Using cached safehttpx-0.1.7-py3-none-any.whl.metadata (4.2 kB)
Processing /cvmfs/soft.computecanada.ca/custom/python/wheelhouse/gentoo2023/x86-64-v3/pandas-2.3.3+computecanada-cp312-cp312-linux_x86_64.whl
Processing /cvmfs/soft.computecanada.ca/custom/python/wheelhouse/generic/semantic_version-2.10.0+computecanada-py2.py3-none-any.whl (from gradio<=5.45.0,>=4.38.0->llamafactory==0.9.4.dev0)
Processing /cvmfs/soft.computecanada.ca/custom/python/wheelhouse/generic/starlette-0.52.1+computecanada-py3-none-any.whl (from gradio<=5.45.0,>=4.38.0->llamafactory==0.9.4.dev0)
Processing /cvmfs/soft.computecanada.ca/custom/python/wheelhouse/generic/tomlkit-0.13.3+computecanada-py3-none-any.whl (from gradio<=5.45.0,>=4.38.0->llamafactory==0.9.4.dev0)
Collecting typer<1.0,>=0.12 (from gradio<=5.45.0,>=4.38.0->llamafactory==0.9.4.dev0)
  Using cached typer-0.26.7-py3-none-any.whl.metadata (16 kB)
Processing /cvmfs/soft.computecanada.ca/custom/python/wheelhouse/generic/typing_extensions-4.15.0+computecanada-py3-none-any.whl (from gradio<=5.45.0,>=4.38.0->llamafactory==0.9.4.dev0)
Processing /cvmfs/soft.computecanada.ca/custom/python/wheelhouse/gentoo2023/x86-64-v3/pillow-11.1.0+computecanada-cp312-cp312-linux_x86_64.whl
Processing /cvmfs/soft.computecanada.ca/custom/python/wheelhouse/generic/websockets-15.0.1+computecanada-cp312-cp312-linux_x86_64.whl (from gradio-client==1.13.0->gradio<=5.45.0,>=4.38.0->llamafactory==0.9.4.dev0)
Requirement already satisfied: python-dateutil>=2.8.2 in /cvmfs/soft.computecanada.ca/easybuild/software/2023/x86-64-v3/Compiler/gcccore/scipy-stack/2026a/lib/python3.12/site-packages (from pandas) (2.9.0.post0+computecanada)
Requirement already satisfied: pytz>=2020.1 in /cvmfs/soft.computecanada.ca/easybuild/software/2023/x86-64-v3/Compiler/gcccore/scipy-stack/2026a/lib/python3.12/site-packages (from pandas) (2025.2+computecanada)
Requirement already satisfied: tzdata>=2022.7 in /cvmfs/soft.computecanada.ca/easybuild/software/2023/x86-64-v3/Compiler/gcccore/scipy-stack/2026a/lib/python3.12/site-packages (from pandas) (2025.3+computecanada)
Processing /cvmfs/soft.computecanada.ca/custom/python/wheelhouse/generic/pydub-0.25.1+computecanada-py2.py3-none-any.whl (from gradio<=5.45.0,>=4.38.0->llamafactory==0.9.4.dev0)
Collecting idna>=2.8 (from anyio<5.0,>=3.0->gradio<=5.45.0,>=4.38.0->llamafactory==0.9.4.dev0)
  Using cached idna-3.18-py3-none-any.whl.metadata (6.1 kB)
Collecting python-multipart>=0.0.18 (from gradio<=5.45.0,>=4.38.0->llamafactory==0.9.4.dev0)
  Using cached python_multipart-0.0.32-py3-none-any.whl.metadata (2.1 kB)
Processing /cvmfs/soft.computecanada.ca/custom/python/wheelhouse/generic/typing_inspection-0.4.2+computecanada-py3-none-any.whl (from fastapi->llamafactory==0.9.4.dev0)
Processing /cvmfs/soft.computecanada.ca/custom/python/wheelhouse/generic/annotated_doc-0.0.4+computecanada-py3-none-any.whl (from fastapi->llamafactory==0.9.4.dev0)
Processing /cvmfs/soft.computecanada.ca/custom/python/wheelhouse/generic/certifi-2026.5.20+computecanada-py3-none-any.whl (from httpx<1.0,>=0.24.1->gradio<=5.45.0,>=4.38.0->llamafactory==0.9.4.dev0)
Processing /cvmfs/soft.computecanada.ca/custom/python/wheelhouse/generic/httpcore-1.0.9+computecanada-py3-none-any.whl (from httpx<1.0,>=0.24.1->gradio<=5.45.0,>=4.38.0->llamafactory==0.9.4.dev0)
Processing /cvmfs/soft.computecanada.ca/custom/python/wheelhouse/generic/ruff-0.11.0+computecanada-py3-none-linux_x86_64.whl (from gradio<=5.45.0,>=4.38.0->llamafactory==0.9.4.dev0)
Processing /cvmfs/soft.computecanada.ca/custom/python/wheelhouse/generic/h11-0.16.0+computecanada-py3-none-any.whl (from httpcore==1.*->httpx<1.0,>=0.24.1->gradio<=5.45.0,>=4.38.0->llamafactory==0.9.4.dev0)
Processing /cvmfs/soft.computecanada.ca/custom/python/wheelhouse/generic/hf_xet-1.5.0+computecanada-cp37-abi3-linux_x86_64.whl (from huggingface_hub>=0.21.0->accelerate<=1.11.0,>=1.3.0->llamafactory==0.9.4.dev0)
Processing /cvmfs/soft.computecanada.ca/custom/python/wheelhouse/generic/annotated_types-0.7.0+computecanada-py3-none-any.whl (from pydantic<=2.10.6->llamafactory==0.9.4.dev0)
Collecting safehttpx<0.2.0,>=0.1.6 (from gradio<=5.45.0,>=4.38.0->llamafactory==0.9.4.dev0)
  Using cached safehttpx-0.1.7-py3-none-any.whl.metadata (4.2 kB)
Processing /cvmfs/soft.computecanada.ca/custom/python/wheelhouse/generic/semantic_version-2.10.0+computecanada-py2.py3-none-any.whl (from gradio<=5.45.0,>=4.38.0->llamafactory==0.9.4.dev0)
Processing /cvmfs/soft.computecanada.ca/custom/python/wheelhouse/generic/starlette-0.52.1+computecanada-py3-none-any.whl (from gradio<=5.45.0,>=4.38.0->llamafactory==0.9.4.dev0)
Processing /cvmfs/soft.computecanada.ca/custom/python/wheelhouse/generic/tomlkit-0.13.3+computecanada-py3-none-any.whl (from gradio<=5.45.0,>=4.38.0->llamafactory==0.9.4.dev0)
Collecting typer<1.0,>=0.12 (from gradio<=5.45.0,>=4.38.0->llamafactory==0.9.4.dev0)
  Using cached typer-0.26.7-py3-none-any.whl.metadata (16 kB)
Processing /cvmfs/soft.computecanada.ca/custom/python/wheelhouse/generic/typing_extensions-4.15.0+computecanada-py3-none-any.whl (from gradio<=5.45.0,>=4.38.0->llamafactory==0.9.4.dev0)
Processing /cvmfs/soft.computecanada.ca/custom/python/wheelhouse/gentoo2023/generic/pydantic_core-2.27.2+computecanada-cp312-cp312-linux_x86_64.whl (from pydantic<=2.10.6->llamafactory==0.9.4.dev0)
Processing /cvmfs/soft.computecanada.ca/custom/python/wheelhouse/generic/websockets-15.0.1+computecanada-cp312-cp312-linux_x86_64.whl (from gradio-client==1.13.0->gradio<=5.45.0,>=4.38.0->llamafactory==0.9.4.dev0)
Requirement already satisfied: python-dateutil>=2.8.2 in /cvmfs/soft.computecanada.ca/easybuild/software/2023/x86-64-v3/Compiler/gcccore/scipy-stack/2026a/lib/python3.12/site-packages (from pandas) (2.9.0.post0+computecanada)
Requirement already satisfied: pytz>=2020.1 in /cvmfs/soft.computecanada.ca/easybuild/software/2023/x86-64-v3/Compiler/gcccore/scipy-stack/2026a/lib/python3.12/site-packages (from pandas) (2025.2+computecanada)
Requirement already satisfied: tzdata>=2022.7 in /cvmfs/soft.computecanada.ca/easybuild/software/2023/x86-64-v3/Compiler/gcccore/scipy-stack/2026a/lib/python3.12/site-packages (from pandas) (2025.3+computecanada)
Collecting idna>=2.8 (from anyio<5.0,>=3.0->gradio<=5.45.0,>=4.38.0->llamafactory==0.9.4.dev0)
  Using cached idna-3.18-py3-none-any.whl.metadata (6.1 kB)
Processing /cvmfs/soft.computecanada.ca/custom/python/wheelhouse/generic/shellingham-1.5.4+computecanada-py2.py3-none-any.whl (from typer<1.0,>=0.12->gradio<=5.45.0,>=4.38.0->llamafactory==0.9.4.dev0)
Processing /cvmfs/soft.computecanada.ca/custom/python/wheelhouse/generic/typing_inspection-0.4.2+computecanada-py3-none-any.whl (from fastapi->llamafactory==0.9.4.dev0)
Processing /cvmfs/soft.computecanada.ca/custom/python/wheelhouse/generic/rich-15.0.0+computecanada-py3-none-any.whl (from typer<1.0,>=0.12->gradio<=5.45.0,>=4.38.0->llamafactory==0.9.4.dev0)
Processing /cvmfs/soft.computecanada.ca/custom/python/wheelhouse/generic/annotated_doc-0.0.4+computecanada-py3-none-any.whl (from fastapi->llamafactory==0.9.4.dev0)
Processing /cvmfs/soft.computecanada.ca/custom/python/wheelhouse/generic/docstring_parser-0.18.0+computecanada-py3-none-any.whl (from tyro<0.9.0->llamafactory==0.9.4.dev0)
Processing /cvmfs/soft.computecanada.ca/custom/python/wheelhouse/generic/certifi-2026.5.20+computecanada-py3-none-any.whl (from httpx<1.0,>=0.24.1->gradio<=5.45.0,>=4.38.0->llamafactory==0.9.4.dev0)
Collecting shtab>=1.5.6 (from tyro<0.9.0->llamafactory==0.9.4.dev0)
Processing /cvmfs/soft.computecanada.ca/custom/python/wheelhouse/generic/httpcore-1.0.9+computecanada-py3-none-any.whl (from httpx<1.0,>=0.24.1->gradio<=5.45.0,>=4.38.0->llamafactory==0.9.4.dev0)
  Using cached shtab-1.8.0-py3-none-any.whl.metadata (7.3 kB)
Requirement already satisfied: contourpy>=1.0.1 in /cvmfs/soft.computecanada.ca/easybuild/software/2023/x86-64-v3/Compiler/gcccore/scipy-stack/2026a/lib/python3.12/site-packages (from matplotlib) (1.3.3+computecanada)
Requirement already satisfied: cycler>=0.10 in /cvmfs/soft.computecanada.ca/easybuild/software/2023/x86-64-v3/Compiler/gcccore/scipy-stack/2026a/lib/python3.12/site-packages (from matplotlib) (0.12.1+computecanada)
Requirement already satisfied: fonttools>=4.22.0 in /cvmfs/soft.computecanada.ca/easybuild/software/2023/x86-64-v3/Compiler/gcccore/scipy-stack/2026a/lib/python3.12/site-packages (from matplotlib) (4.61.1+computecanada)
Requirement already satisfied: kiwisolver>=1.3.1 in /cvmfs/soft.computecanada.ca/easybuild/software/2023/x86-64-v3/Compiler/gcccore/scipy-stack/2026a/lib/python3.12/site-packages (from matplotlib) (1.4.9+computecanada)
Requirement already satisfied: pyparsing>=3 in /cvmfs/soft.computecanada.ca/easybuild/software/2023/x86-64-v3/Compiler/gcccore/scipy-stack/2026a/lib/python3.12/site-packages (from matplotlib) (3.3.2+computecanada)
Requirement already satisfied: mpmath<1.4,>=1.1.0 in /cvmfs/soft.computecanada.ca/easybuild/software/2023/x86-64-v3/Compiler/gcccore/scipy-stack/2026a/lib/python3.12/site-packages (from sympy) (1.3.0+computecanada)
Processing /cvmfs/soft.computecanada.ca/custom/python/wheelhouse/generic/h11-0.16.0+computecanada-py3-none-any.whl (from httpcore==1.*->httpx<1.0,>=0.24.1->gradio<=5.45.0,>=4.38.0->llamafactory==0.9.4.dev0)
Processing /cvmfs/soft.computecanada.ca/custom/python/wheelhouse/generic/click-8.4.1+computecanada-py3-none-any.whl (from wandb)
Processing /cvmfs/soft.computecanada.ca/custom/python/wheelhouse/generic/hf_xet-1.5.0+computecanada-cp37-abi3-linux_x86_64.whl (from huggingface_hub>=0.21.0->accelerate<=1.11.0,>=1.3.0->llamafactory==0.9.4.dev0)
Collecting gitpython!=3.1.29,>=1.0.0 (from wandb)
  Using cached gitpython-3.1.50-py3-none-any.whl.metadata (14 kB)
Processing /cvmfs/soft.computecanada.ca/custom/python/wheelhouse/gentoo2023/x86-64-v3/protobuf-6.33.6+computecanada-cp312-cp312-linux_x86_64.whl (from llamafactory==0.9.4.dev0)
Processing /cvmfs/soft.computecanada.ca/custom/python/wheelhouse/generic/annotated_types-0.7.0+computecanada-py3-none-any.whl (from pydantic<=2.10.6->llamafactory==0.9.4.dev0)
Collecting sentry-sdk>=2.0.0 (from wandb)
  Using cached sentry_sdk-2.61.1-py3-none-any.whl.metadata (10 kB)
Processing /cvmfs/soft.computecanada.ca/custom/python/wheelhouse/generic/charset_normalizer-3.4.7+computecanada-py3-none-any.whl (from requests>=2.32.2->datasets<=4.0.0,>=2.16.0->llamafactory==0.9.4.dev0)
Processing /cvmfs/soft.computecanada.ca/custom/python/wheelhouse/generic/urllib3-2.7.0+computecanada-py3-none-any.whl (from requests>=2.32.2->datasets<=4.0.0,>=2.16.0->llamafactory==0.9.4.dev0)
Processing /cvmfs/soft.computecanada.ca/custom/python/wheelhouse/generic/jsonschema-4.26.0+computecanada-py3-none-any.whl (from ray)
INFO: pip is looking at multiple versions of transformers to determine which version is compatible with other requirements. This could take a while.
Collecting transformers>=5.2.0
  Using cached transformers-5.10.1-py3-none-any.whl.metadata (33 kB)
Processing /cvmfs/soft.computecanada.ca/custom/python/wheelhouse/generic/transformers-5.9.0+computecanada-py3-none-any.whl
Processing /cvmfs/soft.computecanada.ca/custom/python/wheelhouse/gentoo2023/generic/pydantic_core-2.27.2+computecanada-cp312-cp312-linux_x86_64.whl (from pydantic<=2.10.6->llamafactory==0.9.4.dev0)
Collecting transformers>=5.2.0
  Using cached transformers-5.9.0-py3-none-any.whl.metadata (33 kB)
Processing /cvmfs/soft.computecanada.ca/custom/python/wheelhouse/generic/shellingham-1.5.4+computecanada-py2.py3-none-any.whl (from typer<1.0,>=0.12->gradio<=5.45.0,>=4.38.0->llamafactory==0.9.4.dev0)
Processing /cvmfs/soft.computecanada.ca/custom/python/wheelhouse/generic/transformers-5.8.1+computecanada-py3-none-any.whl
Processing /cvmfs/soft.computecanada.ca/custom/python/wheelhouse/generic/rich-15.0.0+computecanada-py3-none-any.whl (from typer<1.0,>=0.12->gradio<=5.45.0,>=4.38.0->llamafactory==0.9.4.dev0)
Processing /cvmfs/soft.computecanada.ca/custom/python/wheelhouse/generic/docstring_parser-0.18.0+computecanada-py3-none-any.whl (from tyro<0.9.0->llamafactory==0.9.4.dev0)
Collecting transformers>=5.2.0
  Using cached transformers-5.8.1-py3-none-any.whl.metadata (33 kB)
Collecting shtab>=1.5.6 (from tyro<0.9.0->llamafactory==0.9.4.dev0)
  Using cached shtab-1.8.0-py3-none-any.whl.metadata (7.3 kB)
Processing /cvmfs/soft.computecanada.ca/custom/python/wheelhouse/generic/transformers-5.8.0+computecanada-py3-none-any.whl
Requirement already satisfied: contourpy>=1.0.1 in /cvmfs/soft.computecanada.ca/easybuild/software/2023/x86-64-v3/Compiler/gcccore/scipy-stack/2026a/lib/python3.12/site-packages (from matplotlib) (1.3.3+computecanada)
Requirement already satisfied: cycler>=0.10 in /cvmfs/soft.computecanada.ca/easybuild/software/2023/x86-64-v3/Compiler/gcccore/scipy-stack/2026a/lib/python3.12/site-packages (from matplotlib) (0.12.1+computecanada)
Requirement already satisfied: fonttools>=4.22.0 in /cvmfs/soft.computecanada.ca/easybuild/software/2023/x86-64-v3/Compiler/gcccore/scipy-stack/2026a/lib/python3.12/site-packages (from matplotlib) (4.61.1+computecanada)
Requirement already satisfied: kiwisolver>=1.3.1 in /cvmfs/soft.computecanada.ca/easybuild/software/2023/x86-64-v3/Compiler/gcccore/scipy-stack/2026a/lib/python3.12/site-packages (from matplotlib) (1.4.9+computecanada)
Requirement already satisfied: pyparsing>=3 in /cvmfs/soft.computecanada.ca/easybuild/software/2023/x86-64-v3/Compiler/gcccore/scipy-stack/2026a/lib/python3.12/site-packages (from matplotlib) (3.3.2+computecanada)
Requirement already satisfied: mpmath<1.4,>=1.1.0 in /cvmfs/soft.computecanada.ca/easybuild/software/2023/x86-64-v3/Compiler/gcccore/scipy-stack/2026a/lib/python3.12/site-packages (from sympy) (1.3.0+computecanada)
Processing /cvmfs/soft.computecanada.ca/custom/python/wheelhouse/generic/click-8.4.1+computecanada-py3-none-any.whl (from wandb)
Collecting gitpython!=3.1.29,>=1.0.0 (from wandb)
  Using cached gitpython-3.1.50-py3-none-any.whl.metadata (14 kB)
Collecting transformers>=5.2.0
  Using cached transformers-5.8.0-py3-none-any.whl.metadata (33 kB)
Processing /cvmfs/soft.computecanada.ca/custom/python/wheelhouse/gentoo2023/x86-64-v3/protobuf-6.33.6+computecanada-cp312-cp312-linux_x86_64.whl (from llamafactory==0.9.4.dev0)
INFO: pip is still looking at multiple versions of transformers to determine which version is compatible with other requirements. This could take a while.
  Using cached transformers-5.7.0-py3-none-any.whl.metadata (33 kB)
Processing /cvmfs/soft.computecanada.ca/custom/python/wheelhouse/generic/transformers-5.6.2+computecanada-py3-none-any.whl
Collecting sentry-sdk>=2.0.0 (from wandb)
  Using cached sentry_sdk-2.61.1-py3-none-any.whl.metadata (10 kB)
Processing /cvmfs/soft.computecanada.ca/custom/python/wheelhouse/generic/charset_normalizer-3.4.7+computecanada-py3-none-any.whl (from requests>=2.32.2->datasets<=4.0.0,>=2.16.0->llamafactory==0.9.4.dev0)
Collecting transformers>=5.2.0
  Using cached transformers-5.6.2-py3-none-any.whl.metadata (33 kB)
  Using cached transformers-5.6.1-py3-none-any.whl.metadata (33 kB)
Processing /cvmfs/soft.computecanada.ca/custom/python/wheelhouse/generic/urllib3-2.7.0+computecanada-py3-none-any.whl (from requests>=2.32.2->datasets<=4.0.0,>=2.16.0->llamafactory==0.9.4.dev0)
Processing /cvmfs/soft.computecanada.ca/custom/python/wheelhouse/generic/transformers-5.6.0+computecanada-py3-none-any.whl
Processing /cvmfs/soft.computecanada.ca/custom/python/wheelhouse/generic/jsonschema-4.26.0+computecanada-py3-none-any.whl (from ray)
INFO: pip is looking at multiple versions of transformers to determine which version is compatible with other requirements. This could take a while.
Collecting transformers>=5.2.0
  Using cached transformers-5.10.1-py3-none-any.whl.metadata (33 kB)
Processing /cvmfs/soft.computecanada.ca/custom/python/wheelhouse/generic/transformers-5.9.0+computecanada-py3-none-any.whl
INFO: This is taking longer than usual. You might need to provide the dependency resolver with stricter constraints to reduce runtime. See https://pip.pypa.io/warnings/backtracking for guidance. If you want to abort this run, press Ctrl + C.
Collecting transformers>=5.2.0
  Using cached transformers-5.6.0-py3-none-any.whl.metadata (33 kB)
Processing /cvmfs/soft.computecanada.ca/custom/python/wheelhouse/generic/transformers-5.5.4+computecanada-py3-none-any.whl
Collecting transformers>=5.2.0
  Using cached transformers-5.5.4-py3-none-any.whl.metadata (32 kB)
  Using cached transformers-5.5.3-py3-none-any.whl.metadata (32 kB)
  Using cached transformers-5.5.2-py3-none-any.whl.metadata (32 kB)
  Using cached transformers-5.5.1-py3-none-any.whl.metadata (32 kB)
Collecting transformers>=5.2.0
  Using cached transformers-5.9.0-py3-none-any.whl.metadata (33 kB)
Processing /cvmfs/soft.computecanada.ca/custom/python/wheelhouse/generic/transformers-5.8.1+computecanada-py3-none-any.whl
Processing /cvmfs/soft.computecanada.ca/custom/python/wheelhouse/generic/transformers-5.5.0+computecanada-py3-none-any.whl
Collecting transformers>=5.2.0
  Using cached transformers-5.5.0-py3-none-any.whl.metadata (32 kB)
Collecting transformers>=5.2.0
  Using cached transformers-5.8.1-py3-none-any.whl.metadata (33 kB)
  Using cached transformers-5.4.0-py3-none-any.whl.metadata (32 kB)
Processing /cvmfs/soft.computecanada.ca/custom/python/wheelhouse/generic/transformers-5.8.0+computecanada-py3-none-any.whl
Processing /cvmfs/soft.computecanada.ca/custom/python/wheelhouse/generic/transformers-5.3.0+computecanada-py3-none-any.whl
Collecting transformers>=5.2.0
  Using cached transformers-5.8.0-py3-none-any.whl.metadata (33 kB)
Collecting transformers>=5.2.0
  Using cached transformers-5.3.0-py3-none-any.whl.metadata (32 kB)
INFO: pip is still looking at multiple versions of transformers to determine which version is compatible with other requirements. This could take a while.
  Using cached transformers-5.7.0-py3-none-any.whl.metadata (33 kB)
Processing /cvmfs/soft.computecanada.ca/custom/python/wheelhouse/generic/transformers-5.2.0+computecanada-py3-none-any.whl
Processing /cvmfs/soft.computecanada.ca/custom/python/wheelhouse/generic/transformers-5.6.2+computecanada-py3-none-any.whl
Collecting transformers>=5.2.0
Collecting transformers>=5.2.0
  Using cached transformers-5.2.0-py3-none-any.whl.metadata (32 kB)
  Using cached transformers-5.6.2-py3-none-any.whl.metadata (33 kB)
Collecting trl<=0.9.6,>=0.8.6 (from llamafactory==0.9.4.dev0)
  Using cached trl-0.9.6-py3-none-any.whl.metadata (12 kB)
  Using cached transformers-5.6.1-py3-none-any.whl.metadata (33 kB)
Collecting gradio<=5.45.0,>=4.38.0 (from llamafactory==0.9.4.dev0)
  Using cached gradio-5.44.1-py3-none-any.whl.metadata (16 kB)
Processing /cvmfs/soft.computecanada.ca/custom/python/wheelhouse/generic/transformers-5.6.0+computecanada-py3-none-any.whl
INFO: This is taking longer than usual. You might need to provide the dependency resolver with stricter constraints to reduce runtime. See https://pip.pypa.io/warnings/backtracking for guidance. If you want to abort this run, press Ctrl + C.
Collecting transformers>=5.2.0
  Using cached transformers-5.6.0-py3-none-any.whl.metadata (33 kB)
Processing /cvmfs/soft.computecanada.ca/custom/python/wheelhouse/generic/transformers-5.5.4+computecanada-py3-none-any.whl
Collecting transformers>=5.2.0
  Using cached transformers-5.5.4-py3-none-any.whl.metadata (32 kB)
  Using cached transformers-5.5.3-py3-none-any.whl.metadata (32 kB)
  Using cached transformers-5.5.2-py3-none-any.whl.metadata (32 kB)
  Using cached transformers-5.5.1-py3-none-any.whl.metadata (32 kB)
Processing /cvmfs/soft.computecanada.ca/custom/python/wheelhouse/generic/transformers-5.5.0+computecanada-py3-none-any.whl
Processing /cvmfs/soft.computecanada.ca/custom/python/wheelhouse/generic/regex-2026.1.15+computecanada-cp312-cp312-linux_x86_64.whl (from transformers>=5.2.0)
Collecting transformers>=5.2.0
  Using cached transformers-5.5.0-py3-none-any.whl.metadata (32 kB)
  Using cached transformers-5.4.0-py3-none-any.whl.metadata (32 kB)
Processing /cvmfs/soft.computecanada.ca/custom/python/wheelhouse/generic/transformers-5.3.0+computecanada-py3-none-any.whl
Collecting transformers>=5.2.0
  Using cached transformers-5.3.0-py3-none-any.whl.metadata (32 kB)
Processing /cvmfs/soft.computecanada.ca/custom/python/wheelhouse/gentoo2023/generic/tokenizers-0.22.2+computecanada-cp39-abi3-linux_x86_64.whl (from transformers>=5.2.0)
Processing /cvmfs/soft.computecanada.ca/custom/python/wheelhouse/generic/transformers-5.2.0+computecanada-py3-none-any.whl
Processing /cvmfs/soft.computecanada.ca/custom/python/wheelhouse/generic/typer-0.25.1+computecanada-py3-none-any.whl (from transformers>=5.2.0)
Collecting gradio-client==1.12.1 (from gradio<=5.45.0,>=4.38.0->llamafactory==0.9.4.dev0)
  Using cached gradio_client-1.12.1-py3-none-any.whl.metadata (7.1 kB)
INFO: pip is looking at multiple versions of gradio to determine which version is compatible with other requirements. This could take a while.
Collecting gradio<=5.45.0,>=4.38.0 (from llamafactory==0.9.4.dev0)
  Using cached gradio-5.44.0-py3-none-any.whl.metadata (16 kB)
  Using cached gradio-5.43.1-py3-none-any.whl.metadata (16 kB)
  Using cached gradio-5.43.0-py3-none-any.whl.metadata (16 kB)
Collecting transformers>=5.2.0
Collecting gradio-client==1.12.0 (from gradio<=5.45.0,>=4.38.0->llamafactory==0.9.4.dev0)
  Using cached transformers-5.2.0-py3-none-any.whl.metadata (32 kB)
  Using cached gradio_client-1.12.0-py3-none-any.whl.metadata (7.1 kB)
Collecting gradio<=5.45.0,>=4.38.0 (from llamafactory==0.9.4.dev0)
  Using cached gradio-5.42.0-py3-none-any.whl.metadata (16 kB)
Collecting gradio-client==1.11.1 (from gradio<=5.45.0,>=4.38.0->llamafactory==0.9.4.dev0)
  Using cached gradio_client-1.11.1-py3-none-any.whl.metadata (7.1 kB)
Collecting gradio<=5.45.0,>=4.38.0 (from llamafactory==0.9.4.dev0)
  Using cached gradio-5.41.1-py3-none-any.whl.metadata (16 kB)
Collecting gradio-client==1.11.0 (from gradio<=5.45.0,>=4.38.0->llamafactory==0.9.4.dev0)
Collecting trl<=0.9.6,>=0.8.6 (from llamafactory==0.9.4.dev0)
  Using cached gradio_client-1.11.0-py3-none-any.whl.metadata (7.1 kB)
  Using cached trl-0.9.6-py3-none-any.whl.metadata (12 kB)
Collecting gradio<=5.45.0,>=4.38.0 (from llamafactory==0.9.4.dev0)
  Using cached gradio-5.41.0-py3-none-any.whl.metadata (16 kB)
  Using cached gradio-5.40.0-py3-none-any.whl.metadata (16 kB)
Collecting gradio<=5.45.0,>=4.38.0 (from llamafactory==0.9.4.dev0)
INFO: pip is still looking at multiple versions of gradio to determine which version is compatible with other requirements. This could take a while.
  Using cached gradio-5.44.1-py3-none-any.whl.metadata (16 kB)
  Using cached gradio-5.39.0-py3-none-any.whl.metadata (16 kB)
  Using cached gradio-5.38.2-py3-none-any.whl.metadata (16 kB)
Collecting fla-core==0.5.0 (from flash_linear_attention)
  Using cached fla_core-0.5.0-py3-none-any.whl.metadata (44 kB)
Processing /cvmfs/soft.computecanada.ca/custom/python/wheelhouse/gentoo2023/generic/torch-2.9.1+computecanada-cp312-cp312-linux_x86_64.whl (from llamafactory==0.9.4.dev0)
Processing /cvmfs/soft.computecanada.ca/custom/python/wheelhouse/generic/regex-2026.1.15+computecanada-cp312-cp312-linux_x86_64.whl (from transformers>=5.2.0)
Processing /cvmfs/soft.computecanada.ca/custom/python/wheelhouse/gentoo2023/generic/tokenizers-0.22.2+computecanada-cp39-abi3-linux_x86_64.whl (from transformers>=5.2.0)
Processing /cvmfs/soft.computecanada.ca/custom/python/wheelhouse/generic/typer-0.25.1+computecanada-py3-none-any.whl (from transformers>=5.2.0)
Collecting gradio-client==1.12.1 (from gradio<=5.45.0,>=4.38.0->llamafactory==0.9.4.dev0)
  Using cached gradio_client-1.12.1-py3-none-any.whl.metadata (7.1 kB)
INFO: pip is looking at multiple versions of gradio to determine which version is compatible with other requirements. This could take a while.
Collecting gradio<=5.45.0,>=4.38.0 (from llamafactory==0.9.4.dev0)
  Using cached gradio-5.44.0-py3-none-any.whl.metadata (16 kB)
  Using cached gradio-5.43.1-py3-none-any.whl.metadata (16 kB)
  Using cached gradio-5.43.0-py3-none-any.whl.metadata (16 kB)
Collecting gradio-client==1.12.0 (from gradio<=5.45.0,>=4.38.0->llamafactory==0.9.4.dev0)
  Using cached gradio_client-1.12.0-py3-none-any.whl.metadata (7.1 kB)
Collecting gradio<=5.45.0,>=4.38.0 (from llamafactory==0.9.4.dev0)
  Using cached gradio-5.42.0-py3-none-any.whl.metadata (16 kB)
Collecting gradio-client==1.11.1 (from gradio<=5.45.0,>=4.38.0->llamafactory==0.9.4.dev0)
  Using cached gradio_client-1.11.1-py3-none-any.whl.metadata (7.1 kB)
Collecting gradio<=5.45.0,>=4.38.0 (from llamafactory==0.9.4.dev0)
  Using cached gradio-5.41.1-py3-none-any.whl.metadata (16 kB)
Collecting gradio-client==1.11.0 (from gradio<=5.45.0,>=4.38.0->llamafactory==0.9.4.dev0)
  Using cached gradio_client-1.11.0-py3-none-any.whl.metadata (7.1 kB)
Collecting gradio<=5.45.0,>=4.38.0 (from llamafactory==0.9.4.dev0)
  Using cached gradio-5.41.0-py3-none-any.whl.metadata (16 kB)
  Using cached gradio-5.40.0-py3-none-any.whl.metadata (16 kB)
INFO: pip is still looking at multiple versions of gradio to determine which version is compatible with other requirements. This could take a while.
  Using cached gradio-5.39.0-py3-none-any.whl.metadata (16 kB)
  Using cached gradio-5.38.2-py3-none-any.whl.metadata (16 kB)
Collecting fla-core==0.5.0 (from flash_linear_attention)
  Using cached fla_core-0.5.0-py3-none-any.whl.metadata (44 kB)
Processing /cvmfs/soft.computecanada.ca/custom/python/wheelhouse/gentoo2023/generic/torch-2.9.1+computecanada-cp312-cp312-linux_x86_64.whl (from llamafactory==0.9.4.dev0)
Requirement already satisfied: setuptools in /tmp/venv_llamafactory_cu126_qwen35/lib/python3.12/site-packages (from torch>=2.0.0->llamafactory==0.9.4.dev0) (82.0.1+computecanada)
Processing /cvmfs/soft.computecanada.ca/custom/python/wheelhouse/generic/networkx-3.6.1+computecanada-py3-none-any.whl (from torch>=2.0.0->llamafactory==0.9.4.dev0)
Processing /cvmfs/soft.computecanada.ca/custom/python/wheelhouse/generic/aiohappyeyeballs-2.6.2+computecanada-py3-none-any.whl (from aiohttp!=4.0.0a0,!=4.0.0a1->fsspec[http]<=2025.3.0,>=2023.1.0->datasets<=4.0.0,>=2.16.0->llamafactory==0.9.4.dev0)
Processing /cvmfs/soft.computecanada.ca/custom/python/wheelhouse/generic/aiosignal-1.4.0+computecanada-py3-none-any.whl (from aiohttp!=4.0.0a0,!=4.0.0a1->fsspec[http]<=2025.3.0,>=2023.1.0->datasets<=4.0.0,>=2.16.0->llamafactory==0.9.4.dev0)
Processing /cvmfs/soft.computecanada.ca/custom/python/wheelhouse/generic/attrs-26.1.0+computecanada-py3-none-any.whl (from aiohttp!=4.0.0a0,!=4.0.0a1->fsspec[http]<=2025.3.0,>=2023.1.0->datasets<=4.0.0,>=2.16.0->llamafactory==0.9.4.dev0)
Processing /cvmfs/soft.computecanada.ca/custom/python/wheelhouse/generic/frozenlist-1.8.0+computecanada-cp312-cp312-linux_x86_64.whl (from aiohttp!=4.0.0a0,!=4.0.0a1->fsspec[http]<=2025.3.0,>=2023.1.0->datasets<=4.0.0,>=2.16.0->llamafactory==0.9.4.dev0)
Requirement already satisfied: setuptools in /tmp/venv_llamafactory_cu126_qwen35/lib/python3.12/site-packages (from torch>=2.0.0->llamafactory==0.9.4.dev0) (82.0.1+computecanada)
Processing /cvmfs/soft.computecanada.ca/custom/python/wheelhouse/generic/multidict-6.7.1+computecanada-cp312-cp312-linux_x86_64.whl (from aiohttp!=4.0.0a0,!=4.0.0a1->fsspec[http]<=2025.3.0,>=2023.1.0->datasets<=4.0.0,>=2.16.0->llamafactory==0.9.4.dev0)
Processing /cvmfs/soft.computecanada.ca/custom/python/wheelhouse/generic/networkx-3.6.1+computecanada-py3-none-any.whl (from torch>=2.0.0->llamafactory==0.9.4.dev0)
Processing /cvmfs/soft.computecanada.ca/custom/python/wheelhouse/generic/aiohappyeyeballs-2.6.2+computecanada-py3-none-any.whl (from aiohttp!=4.0.0a0,!=4.0.0a1->fsspec[http]<=2025.3.0,>=2023.1.0->datasets<=4.0.0,>=2.16.0->llamafactory==0.9.4.dev0)
Processing /cvmfs/soft.computecanada.ca/custom/python/wheelhouse/generic/aiosignal-1.4.0+computecanada-py3-none-any.whl (from aiohttp!=4.0.0a0,!=4.0.0a1->fsspec[http]<=2025.3.0,>=2023.1.0->datasets<=4.0.0,>=2.16.0->llamafactory==0.9.4.dev0)
Processing /cvmfs/soft.computecanada.ca/custom/python/wheelhouse/generic/attrs-26.1.0+computecanada-py3-none-any.whl (from aiohttp!=4.0.0a0,!=4.0.0a1->fsspec[http]<=2025.3.0,>=2023.1.0->datasets<=4.0.0,>=2.16.0->llamafactory==0.9.4.dev0)
Processing /cvmfs/soft.computecanada.ca/custom/python/wheelhouse/gentoo2023/x86-64-v3/yarl-1.24.2+computecanada-cp312-cp312-linux_x86_64.whl (from aiohttp!=4.0.0a0,!=4.0.0a1->fsspec[http]<=2025.3.0,>=2023.1.0->datasets<=4.0.0,>=2.16.0->llamafactory==0.9.4.dev0)
Processing /cvmfs/soft.computecanada.ca/custom/python/wheelhouse/generic/frozenlist-1.8.0+computecanada-cp312-cp312-linux_x86_64.whl (from aiohttp!=4.0.0a0,!=4.0.0a1->fsspec[http]<=2025.3.0,>=2023.1.0->datasets<=4.0.0,>=2.16.0->llamafactory==0.9.4.dev0)
Processing /cvmfs/soft.computecanada.ca/custom/python/wheelhouse/generic/gitdb-4.0.12+computecanada-py3-none-any.whl (from gitpython!=3.1.29,>=1.0.0->wandb)
Processing /cvmfs/soft.computecanada.ca/custom/python/wheelhouse/generic/smmap-5.0.3+computecanada-py3-none-any.whl (from gitdb<5,>=4.0.1->gitpython!=3.1.29,>=1.0.0->wandb)
Processing /cvmfs/soft.computecanada.ca/custom/python/wheelhouse/generic/triton-3.6.0+computecanada-cp312-cp312-linux_x86_64.whl (from liger-kernel>=0.5.5->llamafactory==0.9.4.dev0)
Processing /cvmfs/soft.computecanada.ca/custom/python/wheelhouse/generic/multidict-6.7.1+computecanada-cp312-cp312-linux_x86_64.whl (from aiohttp!=4.0.0a0,!=4.0.0a1->fsspec[http]<=2025.3.0,>=2023.1.0->datasets<=4.0.0,>=2.16.0->llamafactory==0.9.4.dev0)
Processing /cvmfs/soft.computecanada.ca/custom/python/wheelhouse/gentoo2023/x86-64-v3/yarl-1.24.2+computecanada-cp312-cp312-linux_x86_64.whl (from aiohttp!=4.0.0a0,!=4.0.0a1->fsspec[http]<=2025.3.0,>=2023.1.0->datasets<=4.0.0,>=2.16.0->llamafactory==0.9.4.dev0)
Processing /cvmfs/soft.computecanada.ca/custom/python/wheelhouse/generic/gitdb-4.0.12+computecanada-py3-none-any.whl (from gitpython!=3.1.29,>=1.0.0->wandb)
Processing /cvmfs/soft.computecanada.ca/custom/python/wheelhouse/generic/smmap-5.0.3+computecanada-py3-none-any.whl (from gitdb<5,>=4.0.1->gitpython!=3.1.29,>=1.0.0->wandb)
Processing /cvmfs/soft.computecanada.ca/custom/python/wheelhouse/generic/triton-3.6.0+computecanada-cp312-cp312-linux_x86_64.whl (from liger-kernel>=0.5.5->llamafactory==0.9.4.dev0)
Requirement already satisfied: six>=1.5 in /cvmfs/soft.computecanada.ca/easybuild/software/2023/x86-64-v3/Compiler/gcccore/scipy-stack/2026a/lib/python3.12/site-packages (from python-dateutil>=2.8.2->pandas) (1.17.0+computecanada)
Processing /cvmfs/soft.computecanada.ca/custom/python/wheelhouse/generic/markdown_it_py-4.2.0+computecanada-py3-none-any.whl (from rich>=13.8.0->typer<1.0,>=0.12->gradio<=5.45.0,>=4.38.0->llamafactory==0.9.4.dev0)
Requirement already satisfied: pygments<3.0.0,>=2.13.0 in /cvmfs/soft.computecanada.ca/easybuild/software/2023/x86-64-v3/Compiler/gcccore/ipykernel/2026a/lib/python3.12/site-packages (from rich>=13.8.0->typer<1.0,>=0.12->gradio<=5.45.0,>=4.38.0->llamafactory==0.9.4.dev0) (2.19.2+computecanada)
Processing /cvmfs/soft.computecanada.ca/custom/python/wheelhouse/generic/mdurl-0.1.2+computecanada-py3-none-any.whl (from markdown-it-py>=2.2.0->rich>=13.8.0->typer<1.0,>=0.12->gradio<=5.45.0,>=4.38.0->llamafactory==0.9.4.dev0)
INFO: pip is looking at multiple versions of torchvision to determine which version is compatible with other requirements. This could take a while.
Processing /cvmfs/soft.computecanada.ca/custom/python/wheelhouse/gentoo2023/generic/torchvision-0.26.0+computecanada-cp312-cp312-linux_x86_64.whl (from llamafactory==0.9.4.dev0)
Processing /cvmfs/soft.computecanada.ca/custom/python/wheelhouse/gentoo2023/generic/torchvision-0.25.0+computecanada-cp312-cp312-linux_x86_64.whl (from llamafactory==0.9.4.dev0)
Processing /cvmfs/soft.computecanada.ca/custom/python/wheelhouse/gentoo2023/generic/torchvision-0.24.1+computecanada-cp312-cp312-linux_x86_64.whl (from llamafactory==0.9.4.dev0)
Processing /cvmfs/soft.computecanada.ca/custom/python/wheelhouse/gentoo2023/x86-64-v3/Pillow_SIMD-9.5.0.post2+computecanada-cp312-cp312-linux_x86_64.whl (from torchvision>=0.15.0->llamafactory==0.9.4.dev0)
Processing /cvmfs/soft.computecanada.ca/custom/python/wheelhouse/generic/termcolor-3.3.0+computecanada-py3-none-any.whl (from fire->llamafactory==0.9.4.dev0)
Processing /cvmfs/soft.computecanada.ca/custom/python/wheelhouse/generic/jsonschema_specifications-2025.9.1+computecanada-py3-none-any.whl (from jsonschema->ray)
Processing /cvmfs/soft.computecanada.ca/custom/python/wheelhouse/generic/referencing-0.37.0+computecanada-py3-none-any.whl (from jsonschema->ray)
Processing /cvmfs/soft.computecanada.ca/custom/python/wheelhouse/gentoo2023/generic/rpds_py-0.30.0+computecanada-cp312-cp312-linux_x86_64.whl (from jsonschema->ray)
Processing /cvmfs/soft.computecanada.ca/custom/python/wheelhouse/generic/audioread-3.1.0+computecanada-py3-none-any.whl (from librosa->llamafactory==0.9.4.dev0)
Processing /cvmfs/soft.computecanada.ca/custom/python/wheelhouse/gentoo2023/generic/numba-0.65.0+computecanada-cp312-cp312-linux_x86_64.whl (from librosa->llamafactory==0.9.4.dev0)
Requirement already satisfied: six>=1.5 in /cvmfs/soft.computecanada.ca/easybuild/software/2023/x86-64-v3/Compiler/gcccore/scipy-stack/2026a/lib/python3.12/site-packages (from python-dateutil>=2.8.2->pandas) (1.17.0+computecanada)
Processing /cvmfs/soft.computecanada.ca/custom/python/wheelhouse/generic/markdown_it_py-4.2.0+computecanada-py3-none-any.whl (from rich>=13.8.0->typer<1.0,>=0.12->gradio<=5.45.0,>=4.38.0->llamafactory==0.9.4.dev0)
Requirement already satisfied: pygments<3.0.0,>=2.13.0 in /cvmfs/soft.computecanada.ca/easybuild/software/2023/x86-64-v3/Compiler/gcccore/ipykernel/2026a/lib/python3.12/site-packages (from rich>=13.8.0->typer<1.0,>=0.12->gradio<=5.45.0,>=4.38.0->llamafactory==0.9.4.dev0) (2.19.2+computecanada)
Processing /cvmfs/soft.computecanada.ca/custom/python/wheelhouse/generic/mdurl-0.1.2+computecanada-py3-none-any.whl (from markdown-it-py>=2.2.0->rich>=13.8.0->typer<1.0,>=0.12->gradio<=5.45.0,>=4.38.0->llamafactory==0.9.4.dev0)
INFO: pip is looking at multiple versions of torchvision to determine which version is compatible with other requirements. This could take a while.
Processing /cvmfs/soft.computecanada.ca/custom/python/wheelhouse/gentoo2023/generic/torchvision-0.26.0+computecanada-cp312-cp312-linux_x86_64.whl (from llamafactory==0.9.4.dev0)
Processing /cvmfs/soft.computecanada.ca/custom/python/wheelhouse/gentoo2023/generic/torchvision-0.25.0+computecanada-cp312-cp312-linux_x86_64.whl (from llamafactory==0.9.4.dev0)
Processing /cvmfs/soft.computecanada.ca/custom/python/wheelhouse/gentoo2023/generic/torchvision-0.24.1+computecanada-cp312-cp312-linux_x86_64.whl (from llamafactory==0.9.4.dev0)
Processing /cvmfs/soft.computecanada.ca/custom/python/wheelhouse/gentoo2023/generic/scikit_learn-1.8.0+computecanada-cp312-cp312-linux_x86_64.whl (from librosa->llamafactory==0.9.4.dev0)
Processing /cvmfs/soft.computecanada.ca/custom/python/wheelhouse/gentoo2023/x86-64-v3/Pillow_SIMD-9.5.0.post2+computecanada-cp312-cp312-linux_x86_64.whl (from torchvision>=0.15.0->llamafactory==0.9.4.dev0)
Processing /cvmfs/soft.computecanada.ca/custom/python/wheelhouse/generic/joblib-1.5.3+computecanada-py3-none-any.whl (from librosa->llamafactory==0.9.4.dev0)
Processing /cvmfs/soft.computecanada.ca/custom/python/wheelhouse/generic/termcolor-3.3.0+computecanada-py3-none-any.whl (from fire->llamafactory==0.9.4.dev0)
Processing /cvmfs/soft.computecanada.ca/custom/python/wheelhouse/generic/soundfile-0.13.1+computecanada-py2.py3-none-any.whl (from librosa->llamafactory==0.9.4.dev0)
Processing /cvmfs/soft.computecanada.ca/custom/python/wheelhouse/generic/pooch-1.9.0+computecanada-py3-none-any.whl (from librosa->llamafactory==0.9.4.dev0)
Processing /cvmfs/soft.computecanada.ca/custom/python/wheelhouse/generic/jsonschema_specifications-2025.9.1+computecanada-py3-none-any.whl (from jsonschema->ray)
Processing /cvmfs/soft.computecanada.ca/custom/python/wheelhouse/generic/soxr-0.5.0.post1+computecanada-cp312-abi3-linux_x86_64.whl (from librosa->llamafactory==0.9.4.dev0)
Processing /cvmfs/soft.computecanada.ca/custom/python/wheelhouse/generic/referencing-0.37.0+computecanada-py3-none-any.whl (from jsonschema->ray)
Processing /cvmfs/soft.computecanada.ca/custom/python/wheelhouse/generic/lazy_loader-0.5+computecanada-py3-none-any.whl (from librosa->llamafactory==0.9.4.dev0)
Processing /cvmfs/soft.computecanada.ca/custom/python/wheelhouse/gentoo2023/x86-64-v3/llvmlite-0.47.0+computecanada-cp312-cp312-linux_x86_64.whl (from numba>=0.51.0->librosa->llamafactory==0.9.4.dev0)
Processing /cvmfs/soft.computecanada.ca/custom/python/wheelhouse/gentoo2023/generic/rpds_py-0.30.0+computecanada-cp312-cp312-linux_x86_64.whl (from jsonschema->ray)
Processing /cvmfs/soft.computecanada.ca/custom/python/wheelhouse/generic/audioread-3.1.0+computecanada-py3-none-any.whl (from librosa->llamafactory==0.9.4.dev0)
Processing /cvmfs/soft.computecanada.ca/custom/python/wheelhouse/gentoo2023/generic/numba-0.65.0+computecanada-cp312-cp312-linux_x86_64.whl (from librosa->llamafactory==0.9.4.dev0)
Processing /cvmfs/soft.computecanada.ca/custom/python/wheelhouse/generic/threadpoolctl-3.6.0+computecanada-py3-none-any.whl (from scikit-learn>=1.1.0->librosa->llamafactory==0.9.4.dev0)
Processing /cvmfs/soft.computecanada.ca/custom/python/wheelhouse/gentoo2023/generic/scikit_learn-1.8.0+computecanada-cp312-cp312-linux_x86_64.whl (from librosa->llamafactory==0.9.4.dev0)
Processing /cvmfs/soft.computecanada.ca/custom/python/wheelhouse/gentoo2023/generic/cffi-2.0.0+computecanada-cp312-cp312-linux_x86_64.whl (from soundfile>=0.12.1->librosa->llamafactory==0.9.4.dev0)
Processing /cvmfs/soft.computecanada.ca/custom/python/wheelhouse/generic/joblib-1.5.3+computecanada-py3-none-any.whl (from librosa->llamafactory==0.9.4.dev0)
Processing /cvmfs/soft.computecanada.ca/custom/python/wheelhouse/generic/pycparser-3.0+computecanada-py3-none-any.whl (from cffi>=1.0->soundfile>=0.12.1->librosa->llamafactory==0.9.4.dev0)
Processing /cvmfs/soft.computecanada.ca/custom/python/wheelhouse/generic/soundfile-0.13.1+computecanada-py2.py3-none-any.whl (from librosa->llamafactory==0.9.4.dev0)
Processing /cvmfs/soft.computecanada.ca/custom/python/wheelhouse/generic/antlr4_python3_runtime-4.9.3+computecanada-py3-none-any.whl (from omegaconf->llamafactory==0.9.4.dev0)
Processing /cvmfs/soft.computecanada.ca/custom/python/wheelhouse/generic/pooch-1.9.0+computecanada-py3-none-any.whl (from librosa->llamafactory==0.9.4.dev0)
Using cached transformers-5.10.2-py3-none-any.whl (11.0 MB)
Using cached huggingface_hub-1.18.0-py3-none-any.whl (684 kB)
Using cached gradio-5.38.2-py3-none-any.whl (59.5 MB)
Processing /cvmfs/soft.computecanada.ca/custom/python/wheelhouse/generic/soxr-0.5.0.post1+computecanada-cp312-abi3-linux_x86_64.whl (from librosa->llamafactory==0.9.4.dev0)
Using cached gradio_client-1.11.0-py3-none-any.whl (324 kB)
Using cached safehttpx-0.1.7-py3-none-any.whl (9.0 kB)
Processing /cvmfs/soft.computecanada.ca/custom/python/wheelhouse/generic/lazy_loader-0.5+computecanada-py3-none-any.whl (from librosa->llamafactory==0.9.4.dev0)
Using cached idna-3.18-py3-none-any.whl (65 kB)
Using cached flash_linear_attention-0.5.0-py3-none-any.whl (319 kB)
Using cached fla_core-0.5.0-py3-none-any.whl (595 kB)
Using cached filelock-3.29.1-py3-none-any.whl (40 kB)
Using cached gitpython-3.1.50-py3-none-any.whl (212 kB)
Using cached liger_kernel-0.8.0-py3-none-any.whl (403 kB)
Using cached modelscope-1.37.1-py3-none-any.whl (6.1 MB)
Using cached python_multipart-0.0.32-py3-none-any.whl (30 kB)
Using cached sentry_sdk-2.61.1-py3-none-any.whl (483 kB)
Using cached shtab-1.8.0-py3-none-any.whl (14 kB)
Using cached tqdm-4.68.1-py3-none-any.whl (78 kB)
Using cached uvicorn-0.49.0-py3-none-any.whl (71 kB)
Using cached ffmpy-1.0.0-py3-none-any.whl (5.6 kB)
Using cached nltk-3.9.4-py3-none-any.whl (1.6 MB)
Using cached rouge_chinese-1.0.3-py3-none-any.whl (21 kB)
Processing /cvmfs/soft.computecanada.ca/custom/python/wheelhouse/gentoo2023/x86-64-v3/llvmlite-0.47.0+computecanada-cp312-cp312-linux_x86_64.whl (from numba>=0.51.0->librosa->llamafactory==0.9.4.dev0)
Building wheels for collected packages: llamafactory
  Building editable for llamafactory (pyproject.toml): started
  Building editable for llamafactory (pyproject.toml): finished with status 'done'
  Created wheel for llamafactory: filename=llamafactory-0.9.4.dev0-0.editable-py3-none-any.whl size=28689 sha256=d6191521aba024ab1fe322322b08f105d24e16e3f2e6d1bb9fb0cb32c2273fc3
  Stored in directory: /tmp/pip-ephem-wheel-cache-_0fx8j9i/wheels/42/82/cc/28bf761b56302831208272e1b8976e2f780308121b11670205
Successfully built llamafactory
Processing /cvmfs/soft.computecanada.ca/custom/python/wheelhouse/generic/threadpoolctl-3.6.0+computecanada-py3-none-any.whl (from scikit-learn>=1.1.0->librosa->llamafactory==0.9.4.dev0)
Processing /cvmfs/soft.computecanada.ca/custom/python/wheelhouse/gentoo2023/generic/cffi-2.0.0+computecanada-cp312-cp312-linux_x86_64.whl (from soundfile>=0.12.1->librosa->llamafactory==0.9.4.dev0)
Processing /cvmfs/soft.computecanada.ca/custom/python/wheelhouse/generic/pycparser-3.0+computecanada-py3-none-any.whl (from cffi>=1.0->soundfile>=0.12.1->librosa->llamafactory==0.9.4.dev0)
Processing /cvmfs/soft.computecanada.ca/custom/python/wheelhouse/generic/antlr4_python3_runtime-4.9.3+computecanada-py3-none-any.whl (from omegaconf->llamafactory==0.9.4.dev0)
Installing collected packages: sentencepiece, pydub, py-cpuinfo, jieba, hjson, brotli, antlr4-python3-runtime, xxhash, websockets, urllib3, typing-extensions, triton, tqdm, tomlkit, threadpoolctl, termcolor, smmap, shtab, shellingham, semantic-version, safetensors, ruff, rpds-py, rouge-chinese, regex, pyyaml, python-multipart, pycparser, protobuf, propcache, pillow-simd, pillow, orjson, numpy, ninja, networkx, multidict, msgpack, mdurl, markupsafe, llvmlite, lazy_loader, joblib, idna, hf-xet, hf-transfer, h11, groovy, fsspec, frozenlist, filelock, ffmpy, einops, docstring-parser, dill, click, charset_normalizer, certifi, av, audioread, attrs, annotated-types, annotated-doc, aiohappyeyeballs, aiofiles, yarl, uvicorn, typing-inspection, soxr, sentry-sdk, requests, referencing, pydantic-core, pandas, omegaconf, numba, nltk, multiprocess, markdown-it-py, jinja2, httpcore, h5py, gitdb, fire, cffi, anyio, aiosignal, torch, tiktoken, starlette, soundfile, scikit-learn, rich, pydantic, pooch, modelscope, jsonschema-specifications, httpx, gitpython, aiohttp, wandb, tyro, typer, torchvision, sse-starlette, safehttpx, liger-kernel, librosa, jsonschema, fla-core, fastapi, deepspeed, causal_conv1d, ray, huggingface_hub, tokenizers, gradio-client, datasets, accelerate, transformers, gradio, trl, peft, flash_linear_attention, llamafactory
Using cached transformers-5.10.2-py3-none-any.whl (11.0 MB)
Using cached huggingface_hub-1.18.0-py3-none-any.whl (684 kB)
Using cached gradio-5.38.2-py3-none-any.whl (59.5 MB)
Using cached gradio_client-1.11.0-py3-none-any.whl (324 kB)
Using cached safehttpx-0.1.7-py3-none-any.whl (9.0 kB)
Using cached idna-3.18-py3-none-any.whl (65 kB)
Using cached flash_linear_attention-0.5.0-py3-none-any.whl (319 kB)
Using cached fla_core-0.5.0-py3-none-any.whl (595 kB)
Using cached filelock-3.29.1-py3-none-any.whl (40 kB)
Using cached gitpython-3.1.50-py3-none-any.whl (212 kB)
Using cached liger_kernel-0.8.0-py3-none-any.whl (403 kB)
Using cached modelscope-1.37.1-py3-none-any.whl (6.1 MB)
Using cached python_multipart-0.0.32-py3-none-any.whl (30 kB)
Using cached sentry_sdk-2.61.1-py3-none-any.whl (483 kB)
Using cached shtab-1.8.0-py3-none-any.whl (14 kB)
Using cached tqdm-4.68.1-py3-none-any.whl (78 kB)
Using cached uvicorn-0.49.0-py3-none-any.whl (71 kB)
Using cached ffmpy-1.0.0-py3-none-any.whl (5.6 kB)
Using cached nltk-3.9.4-py3-none-any.whl (1.6 MB)
Using cached rouge_chinese-1.0.3-py3-none-any.whl (21 kB)
Building wheels for collected packages: llamafactory
  Building editable for llamafactory (pyproject.toml): started
  Building editable for llamafactory (pyproject.toml): finished with status 'done'
  Created wheel for llamafactory: filename=llamafactory-0.9.4.dev0-0.editable-py3-none-any.whl size=28689 sha256=a8bd619685ddde65ffd20c6be0eefb29d6f5ffdd29622dbce341e47a2b29e1f0
  Stored in directory: /tmp/pip-ephem-wheel-cache-s_nd1oy1/wheels/42/82/cc/28bf761b56302831208272e1b8976e2f780308121b11670205
Successfully built llamafactory
Installing collected packages: sentencepiece, pydub, py-cpuinfo, jieba, hjson, brotli, antlr4-python3-runtime, xxhash, websockets, urllib3, typing-extensions, triton, tqdm, tomlkit, threadpoolctl, termcolor, smmap, shtab, shellingham, semantic-version, safetensors, ruff, rpds-py, rouge-chinese, regex, pyyaml, python-multipart, pycparser, protobuf, propcache, pillow-simd, pillow, orjson, numpy, ninja, networkx, multidict, msgpack, mdurl, markupsafe, llvmlite, lazy_loader, joblib, idna, hf-xet, hf-transfer, h11, groovy, fsspec, frozenlist, filelock, ffmpy, einops, docstring-parser, dill, click, charset_normalizer, certifi, av, audioread, attrs, annotated-types, annotated-doc, aiohappyeyeballs, aiofiles, yarl, uvicorn, typing-inspection, soxr, sentry-sdk, requests, referencing, pydantic-core, pandas, omegaconf, numba, nltk, multiprocess, markdown-it-py, jinja2, httpcore, h5py, gitdb, fire, cffi, anyio, aiosignal, torch, tiktoken, starlette, soundfile, scikit-learn, rich, pydantic, pooch, modelscope, jsonschema-specifications, httpx, gitpython, aiohttp, wandb, tyro, typer, torchvision, sse-starlette, safehttpx, liger-kernel, librosa, jsonschema, fla-core, fastapi, deepspeed, causal_conv1d, ray, huggingface_hub, tokenizers, gradio-client, datasets, accelerate, transformers, gradio, trl, peft, flash_linear_attention, llamafactory
  Attempting uninstall: pillow
    Found existing installation: pillow 12.1.0+computecanada
    Not uninstalling pillow at /cvmfs/soft.computecanada.ca/easybuild/software/2023/x86-64-v3/Compiler/gcccore/scipy-stack/2026a/lib/python3.12/site-packages, outside environment /tmp/venv_llamafactory_cu126_qwen35
    Can't uninstall 'pillow'. No files were found to uninstall.
  Attempting uninstall: numpy
    Found existing installation: numpy 2.4.2+computecanada
    Not uninstalling numpy at /cvmfs/soft.computecanada.ca/easybuild/software/2023/x86-64-v3/Compiler/gcccore/scipy-stack/2026a/lib/python3.12/site-packages, outside environment /tmp/venv_llamafactory_cu126_qwen35
    Can't uninstall 'numpy'. No files were found to uninstall.
  Attempting uninstall: pillow
    Found existing installation: pillow 12.1.0+computecanada
    Not uninstalling pillow at /cvmfs/soft.computecanada.ca/easybuild/software/2023/x86-64-v3/Compiler/gcccore/scipy-stack/2026a/lib/python3.12/site-packages, outside environment /tmp/venv_llamafactory_cu126_qwen35
    Can't uninstall 'pillow'. No files were found to uninstall.
  Attempting uninstall: numpy
    Found existing installation: numpy 2.4.2+computecanada
    Not uninstalling numpy at /cvmfs/soft.computecanada.ca/easybuild/software/2023/x86-64-v3/Compiler/gcccore/scipy-stack/2026a/lib/python3.12/site-packages, outside environment /tmp/venv_llamafactory_cu126_qwen35
    Can't uninstall 'numpy'. No files were found to uninstall.
  Attempting uninstall: pandas
    Found existing installation: pandas 3.0.0+computecanada
    Not uninstalling pandas at /cvmfs/soft.computecanada.ca/easybuild/software/2023/x86-64-v3/Compiler/gcccore/scipy-stack/2026a/lib/python3.12/site-packages, outside environment /tmp/venv_llamafactory_cu126_qwen35
    Can't uninstall 'pandas'. No files were found to uninstall.
  Attempting uninstall: pandas
    Found existing installation: pandas 3.0.0+computecanada
    Not uninstalling pandas at /cvmfs/soft.computecanada.ca/easybuild/software/2023/x86-64-v3/Compiler/gcccore/scipy-stack/2026a/lib/python3.12/site-packages, outside environment /tmp/venv_llamafactory_cu126_qwen35
    Can't uninstall 'pandas'. No files were found to uninstall.

Successfully installed accelerate-1.11.0+computecanada aiofiles-24.1.0+computecanada aiohappyeyeballs-2.6.2+computecanada aiohttp-3.13.3+computecanada aiosignal-1.4.0+computecanada annotated-doc-0.0.4+computecanada annotated-types-0.7.0+computecanada antlr4-python3-runtime-4.9.3+computecanada anyio-4.13.0+computecanada attrs-26.1.0+computecanada audioread-3.1.0+computecanada av-15.1.0+computecanada brotli-1.2.0+computecanada causal_conv1d-1.5.4+computecanada certifi-2026.5.20+computecanada cffi-2.0.0+computecanada charset_normalizer-3.4.7+computecanada click-8.4.1+computecanada datasets-4.0.0+computecanada deepspeed-0.16.4+computecanada dill-0.3.8+computecanada docstring-parser-0.18.0+computecanada einops-0.8.2+computecanada fastapi-0.136.3+computecanada ffmpy-1.0.0 filelock-3.29.1 fire-0.7.1+computecanada fla-core-0.5.0 flash_linear_attention-0.5.0 frozenlist-1.8.0+computecanada fsspec-2025.3.0+computecanada gitdb-4.0.12+computecanada gitpython-3.1.50 gradio-5.38.2 gradio-client-1.11.0 groovy-0.1.2+computecanada h11-0.16.0+computecanada h5py-3.16.0+computecanada hf-transfer-0.1.9+computecanada hf-xet-1.5.0+computecanada hjson-3.1.0+computecanada httpcore-1.0.9+computecanada httpx-0.28.1+computecanada huggingface_hub-1.18.0 idna-3.18 jieba-0.42.1+computecanada jinja2-3.1.6+computecanada joblib-1.5.3+computecanada jsonschema-4.26.0+computecanada jsonschema-specifications-2025.9.1+computecanada lazy_loader-0.5+computecanada librosa-0.11.0+computecanada liger-kernel-0.8.0 llamafactory-0.9.4.dev0 llvmlite-0.47.0+computecanada markdown-it-py-4.2.0+computecanada markupsafe-3.0.3+computecanada mdurl-0.1.2+computecanada modelscope-1.37.1 msgpack-1.1.2+computecanada multidict-6.7.1+computecanada multiprocess-0.70.16+computecanada networkx-3.6.1+computecanada ninja-1.13.0+computecanada nltk-3.9.4 numba-0.65.0+computecanada numpy-1.26.4+computecanada omegaconf-2.3.0+computecanada orjson-3.11.7+computecanada pandas-2.3.3+computecanada peft-0.19.1+computecanada pillow-11.1.0+computecanada pillow-simd-9.5.0.post2+computecanada pooch-1.9.0+computecanada propcache-0.5.2+computecanada protobuf-6.33.6+computecanada py-cpuinfo-9.0.0+computecanada pycparser-3.0+computecanada pydantic-2.10.6+computecanada pydantic-core-2.27.2+computecanada pydub-0.25.1+computecanada python-multipart-0.0.32 pyyaml-6.0.3+computecanada ray-2.54.1+computecanada referencing-0.37.0+computecanada regex-2026.1.15+computecanada requests-2.34.2+computecanada rich-15.0.0+computecanada rouge-chinese-1.0.3 rpds-py-0.30.0+computecanada ruff-0.11.0+computecanada safehttpx-0.1.7 safetensors-0.5.3+computecanada scikit-learn-1.8.0+computecanada semantic-version-2.10.0+computecanada sentencepiece-0.2.0+computecanada sentry-sdk-2.61.1 shellingham-1.5.4+computecanada shtab-1.8.0 smmap-5.0.3+computecanada soundfile-0.13.1+computecanada soxr-0.5.0.post1+computecanada sse-starlette-3.4.4+computecanada starlette-0.52.1+computecanada termcolor-3.3.0+computecanada threadpoolctl-3.6.0+computecanada tiktoken-0.12.0+computecanada tokenizers-0.22.2+computecanada tomlkit-0.13.3+computecanada torch-2.9.1+computecanada torchvision-0.24.1+computecanada tqdm-4.68.1 transformers-5.10.2 triton-3.6.0+computecanada trl-0.9.6+computecanada typer-0.25.1+computecanada typing-extensions-4.15.0+computecanada typing-inspection-0.4.2+computecanada tyro-0.8.14+computecanada urllib3-2.7.0+computecanada uvicorn-0.49.0 wandb-0.24.0+computecanada websockets-15.0.1+computecanada xxhash-3.5.0+computecanada yarl-1.24.2+computecanada
Patched /tmp/venv_llamafactory_cu126_qwen35/lib/python3.12/site-packages/deepspeed/ops/op_builder/builder.py
/project/aip-wangcs/indrisch/LLaMA-Factory /project/aip-wangcs/indrisch/LLaMA-Factory/models/qwen3_5_4b_lora_sft_Scene30k
SLURM_NNODES: 2
HEAD_NODE: kn014
SLURM_NODEID: 1
NNODES: 2
NODE_RANK: 1
MASTER_ADDR: kn014
MASTER_PORT: 29500
NPROC_PER_NODE: 4

Successfully installed accelerate-1.11.0+computecanada aiofiles-24.1.0+computecanada aiohappyeyeballs-2.6.2+computecanada aiohttp-3.13.3+computecanada aiosignal-1.4.0+computecanada annotated-doc-0.0.4+computecanada annotated-types-0.7.0+computecanada antlr4-python3-runtime-4.9.3+computecanada anyio-4.13.0+computecanada attrs-26.1.0+computecanada audioread-3.1.0+computecanada av-15.1.0+computecanada brotli-1.2.0+computecanada causal_conv1d-1.5.4+computecanada certifi-2026.5.20+computecanada cffi-2.0.0+computecanada charset_normalizer-3.4.7+computecanada click-8.4.1+computecanada datasets-4.0.0+computecanada deepspeed-0.16.4+computecanada dill-0.3.8+computecanada docstring-parser-0.18.0+computecanada einops-0.8.2+computecanada fastapi-0.136.3+computecanada ffmpy-1.0.0 filelock-3.29.1 fire-0.7.1+computecanada fla-core-0.5.0 flash_linear_attention-0.5.0 frozenlist-1.8.0+computecanada fsspec-2025.3.0+computecanada gitdb-4.0.12+computecanada gitpython-3.1.50 gradio-5.38.2 gradio-client-1.11.0 groovy-0.1.2+computecanada h11-0.16.0+computecanada h5py-3.16.0+computecanada hf-transfer-0.1.9+computecanada hf-xet-1.5.0+computecanada hjson-3.1.0+computecanada httpcore-1.0.9+computecanada httpx-0.28.1+computecanada huggingface_hub-1.18.0 idna-3.18 jieba-0.42.1+computecanada jinja2-3.1.6+computecanada joblib-1.5.3+computecanada jsonschema-4.26.0+computecanada jsonschema-specifications-2025.9.1+computecanada lazy_loader-0.5+computecanada librosa-0.11.0+computecanada liger-kernel-0.8.0 llamafactory-0.9.4.dev0 llvmlite-0.47.0+computecanada markdown-it-py-4.2.0+computecanada markupsafe-3.0.3+computecanada mdurl-0.1.2+computecanada modelscope-1.37.1 msgpack-1.1.2+computecanada multidict-6.7.1+computecanada multiprocess-0.70.16+computecanada networkx-3.6.1+computecanada ninja-1.13.0+computecanada nltk-3.9.4 numba-0.65.0+computecanada numpy-1.26.4+computecanada omegaconf-2.3.0+computecanada orjson-3.11.7+computecanada pandas-2.3.3+computecanada peft-0.19.1+computecanada pillow-11.1.0+computecanada pillow-simd-9.5.0.post2+computecanada pooch-1.9.0+computecanada propcache-0.5.2+computecanada protobuf-6.33.6+computecanada py-cpuinfo-9.0.0+computecanada pycparser-3.0+computecanada pydantic-2.10.6+computecanada pydantic-core-2.27.2+computecanada pydub-0.25.1+computecanada python-multipart-0.0.32 pyyaml-6.0.3+computecanada ray-2.54.1+computecanada referencing-0.37.0+computecanada regex-2026.1.15+computecanada requests-2.34.2+computecanada rich-15.0.0+computecanada rouge-chinese-1.0.3 rpds-py-0.30.0+computecanada ruff-0.11.0+computecanada safehttpx-0.1.7 safetensors-0.5.3+computecanada scikit-learn-1.8.0+computecanada semantic-version-2.10.0+computecanada sentencepiece-0.2.0+computecanada sentry-sdk-2.61.1 shellingham-1.5.4+computecanada shtab-1.8.0 smmap-5.0.3+computecanada soundfile-0.13.1+computecanada soxr-0.5.0.post1+computecanada sse-starlette-3.4.4+computecanada starlette-0.52.1+computecanada termcolor-3.3.0+computecanada threadpoolctl-3.6.0+computecanada tiktoken-0.12.0+computecanada tokenizers-0.22.2+computecanada tomlkit-0.13.3+computecanada torch-2.9.1+computecanada torchvision-0.24.1+computecanada tqdm-4.68.1 transformers-5.10.2 triton-3.6.0+computecanada trl-0.9.6+computecanada typer-0.25.1+computecanada typing-extensions-4.15.0+computecanada typing-inspection-0.4.2+computecanada tyro-0.8.14+computecanada urllib3-2.7.0+computecanada uvicorn-0.49.0 wandb-0.24.0+computecanada websockets-15.0.1+computecanada xxhash-3.5.0+computecanada yarl-1.24.2+computecanada
Patched /tmp/venv_llamafactory_cu126_qwen35/lib/python3.12/site-packages/deepspeed/ops/op_builder/builder.py
/project/aip-wangcs/indrisch/LLaMA-Factory /project/aip-wangcs/indrisch/LLaMA-Factory/models/qwen3_5_4b_lora_sft_Scene30k
SLURM_NNODES: 2
HEAD_NODE: kn014
SLURM_NODEID: 0
NNODES: 2
NODE_RANK: 0
MASTER_ADDR: kn014
MASTER_PORT: 29500
NPROC_PER_NODE: 4
[INFO|2026-06-05 22:06:15] llamafactory.launcher:143 >> Initializing 4 distributed tasks at: kn014:29500
[INFO|2026-06-05 22:06:15] llamafactory.launcher:143 >> Multi-node training enabled: num nodes: 2, node rank: 1
[INFO|2026-06-05 22:06:16] llamafactory.launcher:143 >> Initializing 4 distributed tasks at: kn014:29500
[INFO|2026-06-05 22:06:16] llamafactory.launcher:143 >> Multi-node training enabled: num nodes: 2, node rank: 0
W0605 22:06:17.526000 3473846 torch/distributed/run.py:803] 
W0605 22:06:17.526000 3473846 torch/distributed/run.py:803] *****************************************
W0605 22:06:17.526000 3473846 torch/distributed/run.py:803] Setting OMP_NUM_THREADS environment variable for each process to be 1 in default, to avoid your system being overloaded, please further tune the variable for optimal performance in your application as needed. 
W0605 22:06:17.526000 3473846 torch/distributed/run.py:803] *****************************************
W0605 22:06:18.473000 3447804 torch/distributed/run.py:803] 
W0605 22:06:18.473000 3447804 torch/distributed/run.py:803] *****************************************
W0605 22:06:18.473000 3447804 torch/distributed/run.py:803] Setting OMP_NUM_THREADS environment variable for each process to be 1 in default, to avoid your system being overloaded, please further tune the variable for optimal performance in your application as needed. 
W0605 22:06:18.473000 3447804 torch/distributed/run.py:803] *****************************************
[DEBUG template.py] Module template.py loaded completely. Total templates registered: 121
[DEBUG template.py] videor1 template registered: True
[DEBUG template.py] videor1 template details: Template(format_user=StringFormatter(slots=['<|im_start|>user\n{{content}}<|im_end|>\n<|im_start|>assistant\n'], tool_format=None), format_assistant=StringFormatter(slots=['{{content}}<|im_end|>\n'], tool_format=None), format_system=StringFormatter(slots=['<|im_start|>system\n{{content}}<|im_end|>\n'], tool_format=None), format_function=FunctionFormatter(slots=['{{content}}<|im_end|>\n'], tool_format='qwen'), format_observation=StringFormatter(slots=['<|im_start|>user\n<tool_response>\n{{content}}\n</tool_response><|im_end|>\n<|im_start|>assistant\n'], tool_format=None), format_tools=ToolFormatter(slots=[], tool_format='qwen'), format_prefix=EmptyFormatter(slots=[], tool_format=None), default_system='You are a helpful assistant.', stop_words=['<|im_end|>'], thought_words=('<think>\n', '\n</think>\n\n'), efficient_eos=False, replace_eos=True, replace_jinja_template=False, enable_thinking=True, mm_plugin=Videor1Plugin(image_token='<|image_pad|>', video_token='<|video_pad|>', audio_token=None, expand_mm_tokens=True, vision_bos_token='<|vision_start|>', vision_eos_token='<|vision_end|>'))
[DEBUG template.py] Module template.py loaded completely. Total templates registered: 121
[DEBUG template.py] videor1 template registered: True
[DEBUG template.py] videor1 template details: Template(format_user=StringFormatter(slots=['<|im_start|>user\n{{content}}<|im_end|>\n<|im_start|>assistant\n'], tool_format=None), format_assistant=StringFormatter(slots=['{{content}}<|im_end|>\n'], tool_format=None), format_system=StringFormatter(slots=['<|im_start|>system\n{{content}}<|im_end|>\n'], tool_format=None), format_function=FunctionFormatter(slots=['{{content}}<|im_end|>\n'], tool_format='qwen'), format_observation=StringFormatter(slots=['<|im_start|>user\n<tool_response>\n{{content}}\n</tool_response><|im_end|>\n<|im_start|>assistant\n'], tool_format=None), format_tools=ToolFormatter(slots=[], tool_format='qwen'), format_prefix=EmptyFormatter(slots=[], tool_format=None), default_system='You are a helpful assistant.', stop_words=['<|im_end|>'], thought_words=('<think>\n', '\n</think>\n\n'), efficient_eos=False, replace_eos=True, replace_jinja_template=False, enable_thinking=True, mm_plugin=Videor1Plugin(image_token='<|image_pad|>', video_token='<|video_pad|>', audio_token=None, expand_mm_tokens=True, vision_bos_token='<|vision_start|>', vision_eos_token='<|vision_end|>'))
[DEBUG template.py] Module template.py loaded completely. Total templates registered: 121
[DEBUG template.py] videor1 template registered: True
[DEBUG template.py] videor1 template details: Template(format_user=StringFormatter(slots=['<|im_start|>user\n{{content}}<|im_end|>\n<|im_start|>assistant\n'], tool_format=None), format_assistant=StringFormatter(slots=['{{content}}<|im_end|>\n'], tool_format=None), format_system=StringFormatter(slots=['<|im_start|>system\n{{content}}<|im_end|>\n'], tool_format=None), format_function=FunctionFormatter(slots=['{{content}}<|im_end|>\n'], tool_format='qwen'), format_observation=StringFormatter(slots=['<|im_start|>user\n<tool_response>\n{{content}}\n</tool_response><|im_end|>\n<|im_start|>assistant\n'], tool_format=None), format_tools=ToolFormatter(slots=[], tool_format='qwen'), format_prefix=EmptyFormatter(slots=[], tool_format=None), default_system='You are a helpful assistant.', stop_words=['<|im_end|>'], thought_words=('<think>\n', '\n</think>\n\n'), efficient_eos=False, replace_eos=True, replace_jinja_template=False, enable_thinking=True, mm_plugin=Videor1Plugin(image_token='<|image_pad|>', video_token='<|video_pad|>', audio_token=None, expand_mm_tokens=True, vision_bos_token='<|vision_start|>', vision_eos_token='<|vision_end|>'))
[DEBUG template.py] Module template.py loaded completely. Total templates registered: 121
[DEBUG template.py] videor1 template registered: True
[DEBUG template.py] videor1 template details: Template(format_user=StringFormatter(slots=['<|im_start|>user\n{{content}}<|im_end|>\n<|im_start|>assistant\n'], tool_format=None), format_assistant=StringFormatter(slots=['{{content}}<|im_end|>\n'], tool_format=None), format_system=StringFormatter(slots=['<|im_start|>system\n{{content}}<|im_end|>\n'], tool_format=None), format_function=FunctionFormatter(slots=['{{content}}<|im_end|>\n'], tool_format='qwen'), format_observation=StringFormatter(slots=['<|im_start|>user\n<tool_response>\n{{content}}\n</tool_response><|im_end|>\n<|im_start|>assistant\n'], tool_format=None), format_tools=ToolFormatter(slots=[], tool_format='qwen'), format_prefix=EmptyFormatter(slots=[], tool_format=None), default_system='You are a helpful assistant.', stop_words=['<|im_end|>'], thought_words=('<think>\n', '\n</think>\n\n'), efficient_eos=False, replace_eos=True, replace_jinja_template=False, enable_thinking=True, mm_plugin=Videor1Plugin(image_token='<|image_pad|>', video_token='<|video_pad|>', audio_token=None, expand_mm_tokens=True, vision_bos_token='<|vision_start|>', vision_eos_token='<|vision_end|>'))
[DEBUG template.py] Module template.py loaded completely. Total templates registered: 121
[DEBUG template.py] videor1 template registered: True
[DEBUG template.py] videor1 template details: Template(format_user=StringFormatter(slots=['<|im_start|>user\n{{content}}<|im_end|>\n<|im_start|>assistant\n'], tool_format=None), format_assistant=StringFormatter(slots=['{{content}}<|im_end|>\n'], tool_format=None), format_system=StringFormatter(slots=['<|im_start|>system\n{{content}}<|im_end|>\n'], tool_format=None), format_function=FunctionFormatter(slots=['{{content}}<|im_end|>\n'], tool_format='qwen'), format_observation=StringFormatter(slots=['<|im_start|>user\n<tool_response>\n{{content}}\n</tool_response><|im_end|>\n<|im_start|>assistant\n'], tool_format=None), format_tools=ToolFormatter(slots=[], tool_format='qwen'), format_prefix=EmptyFormatter(slots=[], tool_format=None), default_system='You are a helpful assistant.', stop_words=['<|im_end|>'], thought_words=('<think>\n', '\n</think>\n\n'), efficient_eos=False, replace_eos=True, replace_jinja_template=False, enable_thinking=True, mm_plugin=Videor1Plugin(image_token='<|image_pad|>', video_token='<|video_pad|>', audio_token=None, expand_mm_tokens=True, vision_bos_token='<|vision_start|>', vision_eos_token='<|vision_end|>'))
[DEBUG template.py] Module template.py loaded completely. Total templates registered: 121
[DEBUG template.py] videor1 template registered: True
[DEBUG template.py] videor1 template details: Template(format_user=StringFormatter(slots=['<|im_start|>user\n{{content}}<|im_end|>\n<|im_start|>assistant\n'], tool_format=None), format_assistant=StringFormatter(slots=['{{content}}<|im_end|>\n'], tool_format=None), format_system=StringFormatter(slots=['<|im_start|>system\n{{content}}<|im_end|>\n'], tool_format=None), format_function=FunctionFormatter(slots=['{{content}}<|im_end|>\n'], tool_format='qwen'), format_observation=StringFormatter(slots=['<|im_start|>user\n<tool_response>\n{{content}}\n</tool_response><|im_end|>\n<|im_start|>assistant\n'], tool_format=None), format_tools=ToolFormatter(slots=[], tool_format='qwen'), format_prefix=EmptyFormatter(slots=[], tool_format=None), default_system='You are a helpful assistant.', stop_words=['<|im_end|>'], thought_words=('<think>\n', '\n</think>\n\n'), efficient_eos=False, replace_eos=True, replace_jinja_template=False, enable_thinking=True, mm_plugin=Videor1Plugin(image_token='<|image_pad|>', video_token='<|video_pad|>', audio_token=None, expand_mm_tokens=True, vision_bos_token='<|vision_start|>', vision_eos_token='<|vision_end|>'))
[DEBUG template.py] Module template.py loaded completely. Total templates registered: 121
[DEBUG template.py] videor1 template registered: True
[DEBUG template.py] videor1 template details: Template(format_user=StringFormatter(slots=['<|im_start|>user\n{{content}}<|im_end|>\n<|im_start|>assistant\n'], tool_format=None), format_assistant=StringFormatter(slots=['{{content}}<|im_end|>\n'], tool_format=None), format_system=StringFormatter(slots=['<|im_start|>system\n{{content}}<|im_end|>\n'], tool_format=None), format_function=FunctionFormatter(slots=['{{content}}<|im_end|>\n'], tool_format='qwen'), format_observation=StringFormatter(slots=['<|im_start|>user\n<tool_response>\n{{content}}\n</tool_response><|im_end|>\n<|im_start|>assistant\n'], tool_format=None), format_tools=ToolFormatter(slots=[], tool_format='qwen'), format_prefix=EmptyFormatter(slots=[], tool_format=None), default_system='You are a helpful assistant.', stop_words=['<|im_end|>'], thought_words=('<think>\n', '\n</think>\n\n'), efficient_eos=False, replace_eos=True, replace_jinja_template=False, enable_thinking=True, mm_plugin=Videor1Plugin(image_token='<|image_pad|>', video_token='<|video_pad|>', audio_token=None, expand_mm_tokens=True, vision_bos_token='<|vision_start|>', vision_eos_token='<|vision_end|>'))
[DEBUG template.py] Module template.py loaded completely. Total templates registered: 121
[DEBUG template.py] videor1 template registered: True
[DEBUG template.py] videor1 template details: Template(format_user=StringFormatter(slots=['<|im_start|>user\n{{content}}<|im_end|>\n<|im_start|>assistant\n'], tool_format=None), format_assistant=StringFormatter(slots=['{{content}}<|im_end|>\n'], tool_format=None), format_system=StringFormatter(slots=['<|im_start|>system\n{{content}}<|im_end|>\n'], tool_format=None), format_function=FunctionFormatter(slots=['{{content}}<|im_end|>\n'], tool_format='qwen'), format_observation=StringFormatter(slots=['<|im_start|>user\n<tool_response>\n{{content}}\n</tool_response><|im_end|>\n<|im_start|>assistant\n'], tool_format=None), format_tools=ToolFormatter(slots=[], tool_format='qwen'), format_prefix=EmptyFormatter(slots=[], tool_format=None), default_system='You are a helpful assistant.', stop_words=['<|im_end|>'], thought_words=('<think>\n', '\n</think>\n\n'), efficient_eos=False, replace_eos=True, replace_jinja_template=False, enable_thinking=True, mm_plugin=Videor1Plugin(image_token='<|image_pad|>', video_token='<|video_pad|>', audio_token=None, expand_mm_tokens=True, vision_bos_token='<|vision_start|>', vision_eos_token='<|vision_end|>'))
[WARNING|2026-06-05 22:06:26] llamafactory.extras.misc:154 >> Version checking has been disabled, may lead to unexpected behaviors.
[WARNING|2026-06-05 22:06:26] llamafactory.extras.misc:154 >> Version checking has been disabled, may lead to unexpected behaviors.
[INFO] Running in WANDB offline mode[INFO] Running in WANDB offline mode

[INFO] Running in WANDB offline mode
[INFO] Running in WANDB offline mode
[INFO] Running in WANDB offline mode
[INFO] Running in WANDB offline mode[INFO] Running in WANDB offline mode[INFO] Running in WANDB offline mode


[2026-06-05 22:06:27,832] [INFO] [real_accelerator.py:222:get_accelerator] Setting ds_accelerator to cuda (auto detect)
[2026-06-05 22:06:27,832] [INFO] [real_accelerator.py:222:get_accelerator] Setting ds_accelerator to cuda (auto detect)
[2026-06-05 22:06:27,832] [INFO] [real_accelerator.py:222:get_accelerator] Setting ds_accelerator to cuda (auto detect)
[2026-06-05 22:06:27,832] [INFO] [real_accelerator.py:222:get_accelerator] Setting ds_accelerator to cuda (auto detect)
df: df: /tmp/.triton_cache/tmp/.triton_cachedf: /tmp/.triton_cache: No such file or directory: No such file or directory

: No such file or directory
[2026-06-05 22:06:27,881] [INFO] [real_accelerator.py:222:get_accelerator] Setting ds_accelerator to cuda (auto detect)
[2026-06-05 22:06:27,881] [INFO] [real_accelerator.py:222:get_accelerator] Setting ds_accelerator to cuda (auto detect)
[2026-06-05 22:06:27,881] [INFO] [real_accelerator.py:222:get_accelerator] Setting ds_accelerator to cuda (auto detect)
[2026-06-05 22:06:27,898] [INFO] [real_accelerator.py:222:get_accelerator] Setting ds_accelerator to cuda (auto detect)
df: df: /tmp/.triton_cache/tmp/.triton_cachedf: /tmp/.triton_cache: No such file or directory: No such file or directory

: No such file or directory
[transformers] warmup_ratio is deprecated and will be removed in v5.2. Use `warmup_steps` instead.
[transformers] warmup_ratio is deprecated and will be removed in v5.2. Use `warmup_steps` instead.
[transformers] warmup_ratio is deprecated and will be removed in v5.2. Use `warmup_steps` instead.
[2026-06-05 22:06:30,502] [INFO] [comm.py:658:init_distributed] cdb=None
[2026-06-05 22:06:30,502] [INFO] [comm.py:658:init_distributed] cdb=None
[2026-06-05 22:06:30,504] [INFO] [comm.py:658:init_distributed] cdb=None
[W605 22:06:30.599642622 Utils.hpp:137] Warning: Environment variable NCCL_ASYNC_ERROR_HANDLING is deprecated; use TORCH_NCCL_ASYNC_ERROR_HANDLING instead (function operator())
[W605 22:06:30.599664832 ProcessGroupNCCL.cpp:924] Warning: TORCH_NCCL_AVOID_RECORD_STREAMS is the default now, this environment variable is thus deprecated. (function operator())
[W605 22:06:30.599669011 Utils.hpp:137] Warning: Environment variable NCCL_ASYNC_ERROR_HANDLING is deprecated; use TORCH_NCCL_ASYNC_ERROR_HANDLING instead (function operator())
[W605 22:06:30.599686113 ProcessGroupNCCL.cpp:924] Warning: TORCH_NCCL_AVOID_RECORD_STREAMS is the default now, this environment variable is thus deprecated. (function operator())
[W605 22:06:30.601239875 Utils.hpp:137] Warning: Environment variable NCCL_ASYNC_ERROR_HANDLING is deprecated; use TORCH_NCCL_ASYNC_ERROR_HANDLING instead (function operator())
[W605 22:06:30.601263949 ProcessGroupNCCL.cpp:924] Warning: TORCH_NCCL_AVOID_RECORD_STREAMS is the default now, this environment variable is thus deprecated. (function operator())
[transformers] warmup_ratio is deprecated and will be removed in v5.2. Use `warmup_steps` instead.
[2026-06-05 22:06:30,511] [INFO] [comm.py:658:init_distributed] cdb=None
[W605 22:06:30.608140341 Utils.hpp:137] Warning: Environment variable NCCL_ASYNC_ERROR_HANDLING is deprecated; use TORCH_NCCL_ASYNC_ERROR_HANDLING instead (function operator())
[W605 22:06:30.608164582 ProcessGroupNCCL.cpp:924] Warning: TORCH_NCCL_AVOID_RECORD_STREAMS is the default now, this environment variable is thus deprecated. (function operator())
[transformers] warmup_ratio is deprecated and will be removed in v5.2. Use `warmup_steps` instead.
[2026-06-05 22:06:30,691] [INFO] [comm.py:658:init_distributed] cdb=None
[W605 22:06:30.424357672 Utils.hpp:137] Warning: Environment variable NCCL_ASYNC_ERROR_HANDLING is deprecated; use TORCH_NCCL_ASYNC_ERROR_HANDLING instead (function operator())
[W605 22:06:30.424380892 ProcessGroupNCCL.cpp:924] Warning: TORCH_NCCL_AVOID_RECORD_STREAMS is the default now, this environment variable is thus deprecated. (function operator())
[transformers] warmup_ratio is deprecated and will be removed in v5.2. Use `warmup_steps` instead.
[2026-06-05 22:06:30,729] [INFO] [comm.py:658:init_distributed] cdb=None
[W605 22:06:30.462246136 Utils.hpp:137] Warning: Environment variable NCCL_ASYNC_ERROR_HANDLING is deprecated; use TORCH_NCCL_ASYNC_ERROR_HANDLING instead (function operator())
[W605 22:06:30.462271531 ProcessGroupNCCL.cpp:924] Warning: TORCH_NCCL_AVOID_RECORD_STREAMS is the default now, this environment variable is thus deprecated. (function operator())
[transformers] warmup_ratio is deprecated and will be removed in v5.2. Use `warmup_steps` instead.
[2026-06-05 22:06:30,761] [INFO] [comm.py:658:init_distributed] cdb=None
[2026-06-05 22:06:30,761] [INFO] [comm.py:689:init_distributed] Initializing TorchBackend in DeepSpeed with backend nccl
[W605 22:06:30.494300519 Utils.hpp:137] Warning: Environment variable NCCL_ASYNC_ERROR_HANDLING is deprecated; use TORCH_NCCL_ASYNC_ERROR_HANDLING instead (function operator())
[W605 22:06:30.494320971 ProcessGroupNCCL.cpp:924] Warning: TORCH_NCCL_AVOID_RECORD_STREAMS is the default now, this environment variable is thus deprecated. (function operator())
[INFO|2026-06-05 22:06:30] llamafactory.hparams.parser:529 >> Process rank: 5, world size: 8, device: cuda:1, distributed training: True, compute dtype: torch.bfloat16
[INFO|2026-06-05 22:06:30] llamafactory.hparams.parser:529 >> Process rank: 7, world size: 8, device: cuda:3, distributed training: True, compute dtype: torch.bfloat16
[INFO|2026-06-05 22:06:30] llamafactory.hparams.parser:529 >> Process rank: 6, world size: 8, device: cuda:2, distributed training: True, compute dtype: torch.bfloat16
[INFO|2026-06-05 22:06:30] llamafactory.hparams.parser:143 >> Set `ddp_find_unused_parameters` to False in DDP training since LoRA is enabled.
[INFO|2026-06-05 22:06:30] llamafactory.hparams.parser:529 >> Process rank: 4, world size: 8, device: cuda:0, distributed training: True, compute dtype: torch.bfloat16
[INFO|hub.py:379] 2026-06-05 22:06:30,914 >> Offline mode: forcing local_files_only=True
[INFO|configuration_utils.py:783] 2026-06-05 22:06:30,924 >> loading configuration file config.json from cache at /scratch/indrisch/huggingface/hub/models--Qwen--Qwen3.5-4B/snapshots/851bf6e806efd8d0a36b00ddf55e13ccb7b8cd0a/config.json
[transformers] warmup_ratio is deprecated and will be removed in v5.2. Use `warmup_steps` instead.
[2026-06-05 22:06:30,942] [INFO] [comm.py:658:init_distributed] cdb=None
[W605 22:06:30.675862292 Utils.hpp:137] Warning: Environment variable NCCL_ASYNC_ERROR_HANDLING is deprecated; use TORCH_NCCL_ASYNC_ERROR_HANDLING instead (function operator())
[W605 22:06:30.675883461 ProcessGroupNCCL.cpp:924] Warning: TORCH_NCCL_AVOID_RECORD_STREAMS is the default now, this environment variable is thus deprecated. (function operator())
[INFO|configuration_utils.py:859] 2026-06-05 22:06:30,951 >> Model config Qwen3_5Config {
  "architectures": [
    "Qwen3_5ForConditionalGeneration"
  ],
  "image_token_id": 248056,
  "model_type": "qwen3_5",
  "text_config": {
    "attention_bias": false,
    "attention_dropout": 0.0,
    "attn_output_gate": true,
    "bos_token_id": null,
    "dtype": "bfloat16",
    "eos_token_id": 248044,
    "full_attention_interval": 4,
    "head_dim": 256,
    "hidden_act": "silu",
    "hidden_size": 2560,
    "initializer_range": 0.02,
    "intermediate_size": 9216,
    "layer_types": [
      "linear_attention",
      "linear_attention",
      "linear_attention",
      "full_attention",
      "linear_attention",
      "linear_attention",
      "linear_attention",
      "full_attention",
      "linear_attention",
      "linear_attention",
      "linear_attention",
      "full_attention",
      "linear_attention",
      "linear_attention",
      "linear_attention",
      "full_attention",
      "linear_attention",
      "linear_attention",
      "linear_attention",
      "full_attention",
      "linear_attention",
      "linear_attention",
      "linear_attention",
      "full_attention",
      "linear_attention",
      "linear_attention",
      "linear_attention",
      "full_attention",
      "linear_attention",
      "linear_attention",
      "linear_attention",
      "full_attention"
    ],
    "linear_conv_kernel_dim": 4,
    "linear_key_head_dim": 128,
    "linear_num_key_heads": 16,
    "linear_num_value_heads": 32,
    "linear_value_head_dim": 128,
    "mamba_ssm_dtype": "float32",
    "max_position_embeddings": 262144,
    "mlp_only_layers": [],
    "model_type": "qwen3_5_text",
    "mtp_num_hidden_layers": 1,
    "mtp_use_dedicated_embeddings": false,
    "num_attention_heads": 16,
    "num_hidden_layers": 32,
    "num_key_value_heads": 4,
    "pad_token_id": null,
    "partial_rotary_factor": 0.25,
    "rms_norm_eps": 1e-06,
    "rope_parameters": {
      "mrope_interleaved": true,
      "mrope_section": [
        11,
        11,
        10
      ],
      "partial_rotary_factor": 0.25,
      "rope_theta": 10000000,
      "rope_type": "default"
    },
    "tie_word_embeddings": true,
    "use_cache": true,
    "vocab_size": 248320
  },
  "tie_word_embeddings": true,
  "transformers_version": "5.10.2",
  "video_token_id": 248057,
  "vision_config": {
    "deepstack_visual_indexes": [],
    "depth": 24,
    "hidden_act": "gelu_pytorch_tanh",
    "hidden_size": 1024,
    "in_channels": 3,
    "initializer_range": 0.02,
    "intermediate_size": 4096,
    "model_type": "qwen3_5_vision",
    "num_heads": 16,
    "num_position_embeddings": 2304,
    "out_hidden_size": 2560,
    "patch_size": 16,
    "spatial_merge_size": 2,
    "temporal_patch_size": 2
  },
  "vision_end_token_id": 248054,
  "vision_start_token_id": 248053
}

[INFO|hub.py:379] 2026-06-05 22:06:30,952 >> Offline mode: forcing local_files_only=True
[INFO|tokenization_utils_base.py:1596] 2026-06-05 22:06:30,956 >> Offline mode: forcing local_files_only=True
[INFO|2026-06-05 22:06:31] llamafactory.hparams.parser:529 >> Process rank: 2, world size: 8, device: cuda:2, distributed training: True, compute dtype: torch.bfloat16
[INFO|2026-06-05 22:06:31] llamafactory.hparams.parser:529 >> Process rank: 1, world size: 8, device: cuda:1, distributed training: True, compute dtype: torch.bfloat16
[INFO|2026-06-05 22:06:31] llamafactory.hparams.parser:143 >> Set `ddp_find_unused_parameters` to False in DDP training since LoRA is enabled.
[INFO|2026-06-05 22:06:31] llamafactory.hparams.parser:529 >> Process rank: 0, world size: 8, device: cuda:0, distributed training: True, compute dtype: torch.bfloat16
[INFO|hub.py:379] 2026-06-05 22:06:31,066 >> Offline mode: forcing local_files_only=True
[INFO|configuration_utils.py:783] 2026-06-05 22:06:31,068 >> loading configuration file config.json from cache at /scratch/indrisch/huggingface/hub/models--Qwen--Qwen3.5-4B/snapshots/851bf6e806efd8d0a36b00ddf55e13ccb7b8cd0a/config.json
[INFO|configuration_utils.py:859] 2026-06-05 22:06:31,096 >> Model config Qwen3_5Config {
  "architectures": [
    "Qwen3_5ForConditionalGeneration"
  ],
  "image_token_id": 248056,
  "model_type": "qwen3_5",
  "text_config": {
    "attention_bias": false,
    "attention_dropout": 0.0,
    "attn_output_gate": true,
    "bos_token_id": null,
    "dtype": "bfloat16",
    "eos_token_id": 248044,
    "full_attention_interval": 4,
    "head_dim": 256,
    "hidden_act": "silu",
    "hidden_size": 2560,
    "initializer_range": 0.02,
    "intermediate_size": 9216,
    "layer_types": [
      "linear_attention",
      "linear_attention",
      "linear_attention",
      "full_attention",
      "linear_attention",
      "linear_attention",
      "linear_attention",
      "full_attention",
      "linear_attention",
      "linear_attention",
      "linear_attention",
      "full_attention",
      "linear_attention",
      "linear_attention",
      "linear_attention",
      "full_attention",
      "linear_attention",
      "linear_attention",
      "linear_attention",
      "full_attention",
      "linear_attention",
      "linear_attention",
      "linear_attention",
      "full_attention",
      "linear_attention",
      "linear_attention",
      "linear_attention",
      "full_attention",
      "linear_attention",
      "linear_attention",
      "linear_attention",
      "full_attention"
    ],
    "linear_conv_kernel_dim": 4,
    "linear_key_head_dim": 128,
    "linear_num_key_heads": 16,
    "linear_num_value_heads": 32,
    "linear_value_head_dim": 128,
    "mamba_ssm_dtype": "float32",
    "max_position_embeddings": 262144,
    "mlp_only_layers": [],
    "model_type": "qwen3_5_text",
    "mtp_num_hidden_layers": 1,
    "mtp_use_dedicated_embeddings": false,
    "num_attention_heads": 16,
    "num_hidden_layers": 32,
    "num_key_value_heads": 4,
    "pad_token_id": null,
    "partial_rotary_factor": 0.25,
    "rms_norm_eps": 1e-06,
    "rope_parameters": {
      "mrope_interleaved": true,
      "mrope_section": [
        11,
        11,
        10
      ],
      "partial_rotary_factor": 0.25,
      "rope_theta": 10000000,
      "rope_type": "default"
    },
    "tie_word_embeddings": true,
    "use_cache": true,
    "vocab_size": 248320
  },
  "tie_word_embeddings": true,
  "transformers_version": "5.10.2",
  "video_token_id": 248057,
  "vision_config": {
    "deepstack_visual_indexes": [],
    "depth": 24,
    "hidden_act": "gelu_pytorch_tanh",
    "hidden_size": 1024,
    "in_channels": 3,
    "initializer_range": 0.02,
    "intermediate_size": 4096,
    "model_type": "qwen3_5_vision",
    "num_heads": 16,
    "num_position_embeddings": 2304,
    "out_hidden_size": 2560,
    "patch_size": 16,
    "spatial_merge_size": 2,
    "temporal_patch_size": 2
  },
  "vision_end_token_id": 248054,
  "vision_start_token_id": 248053
}

[INFO|hub.py:379] 2026-06-05 22:06:31,096 >> Offline mode: forcing local_files_only=True
[INFO|tokenization_utils_base.py:1596] 2026-06-05 22:06:31,099 >> Offline mode: forcing local_files_only=True
[INFO|2026-06-05 22:06:31] llamafactory.hparams.parser:529 >> Process rank: 3, world size: 8, device: cuda:3, distributed training: True, compute dtype: torch.bfloat16
[INFO|hub.py:379] 2026-06-05 22:06:31,758 >> Offline mode: forcing local_files_only=True
[INFO|hub.py:379] 2026-06-05 22:06:31,759 >> Offline mode: forcing local_files_only=True
[INFO|image_processing_base.py:268] 2026-06-05 22:06:31,760 >> Offline mode: forcing local_files_only=True
[transformers] The `use_fast` parameter is deprecated and will be removed in a future version. Use `backend="torchvision"` instead of `use_fast=True`, or `backend="pil"` instead of `use_fast=False`.
[INFO|image_processing_base.py:344] 2026-06-05 22:06:31,762 >> loading configuration file preprocessor_config.json from cache at /scratch/indrisch/huggingface/hub/models--Qwen--Qwen3.5-4B/snapshots/851bf6e806efd8d0a36b00ddf55e13ccb7b8cd0a/preprocessor_config.json
[INFO|processing_utils.py:1213] 2026-06-05 22:06:31,766 >> Offline mode: forcing local_files_only=True
[INFO|processing_utils.py:1387] 2026-06-05 22:06:31,770 >> loading configuration file processor_config.json from cache at None
[INFO|image_processing_base.py:268] 2026-06-05 22:06:31,770 >> Offline mode: forcing local_files_only=True
[INFO|image_processing_base.py:344] 2026-06-05 22:06:31,772 >> loading configuration file preprocessor_config.json from cache at /scratch/indrisch/huggingface/hub/models--Qwen--Qwen3.5-4B/snapshots/851bf6e806efd8d0a36b00ddf55e13ccb7b8cd0a/preprocessor_config.json
[WARNING|logging.py:340] 2026-06-05 22:06:31,772 >> The `use_fast` parameter is deprecated and will be removed in a future version. Use `backend="torchvision"` instead of `use_fast=True`, or `backend="pil"` instead of `use_fast=False`.
[INFO|image_processing_base.py:268] 2026-06-05 22:06:31,784 >> Offline mode: forcing local_files_only=True
[INFO|image_processing_base.py:344] 2026-06-05 22:06:31,786 >> loading configuration file preprocessor_config.json from cache at /scratch/indrisch/huggingface/hub/models--Qwen--Qwen3.5-4B/snapshots/851bf6e806efd8d0a36b00ddf55e13ccb7b8cd0a/preprocessor_config.json
[INFO|image_processing_base.py:385] 2026-06-05 22:06:31,786 >> Image processor Qwen2VLImageProcessorPil {
  "do_convert_rgb": true,
  "do_normalize": true,
  "do_rescale": true,
  "do_resize": true,
  "image_mean": [
    0.5,
    0.5,
    0.5
  ],
  "image_processor_type": "Qwen2VLImageProcessor",
  "image_std": [
    0.5,
    0.5,
    0.5
  ],
  "merge_size": 2,
  "patch_size": 16,
  "resample": 3,
  "rescale_factor": 0.00392156862745098,
  "size": {
    "longest_edge": 16777216,
    "shortest_edge": 65536
  },
  "temporal_patch_size": 2
}

[INFO|hub.py:379] 2026-06-05 22:06:31,786 >> Offline mode: forcing local_files_only=True
[INFO|configuration_utils.py:783] 2026-06-05 22:06:31,787 >> loading configuration file config.json from cache at /scratch/indrisch/huggingface/hub/models--Qwen--Qwen3.5-4B/snapshots/851bf6e806efd8d0a36b00ddf55e13ccb7b8cd0a/config.json
[transformers] The `use_fast` parameter is deprecated and will be removed in a future version. Use `backend="torchvision"` instead of `use_fast=True`, or `backend="pil"` instead of `use_fast=False`.
[transformers] The `use_fast` parameter is deprecated and will be removed in a future version. Use `backend="torchvision"` instead of `use_fast=True`, or `backend="pil"` instead of `use_fast=False`.
[INFO|configuration_utils.py:859] 2026-06-05 22:06:31,802 >> Model config Qwen3_5Config {
  "architectures": [
    "Qwen3_5ForConditionalGeneration"
  ],
  "image_token_id": 248056,
  "model_type": "qwen3_5",
  "text_config": {
    "attention_bias": false,
    "attention_dropout": 0.0,
    "attn_output_gate": true,
    "bos_token_id": null,
    "dtype": "bfloat16",
    "eos_token_id": 248044,
    "full_attention_interval": 4,
    "head_dim": 256,
    "hidden_act": "silu",
    "hidden_size": 2560,
    "initializer_range": 0.02,
    "intermediate_size": 9216,
    "layer_types": [
      "linear_attention",
      "linear_attention",
      "linear_attention",
      "full_attention",
      "linear_attention",
      "linear_attention",
      "linear_attention",
      "full_attention",
      "linear_attention",
      "linear_attention",
      "linear_attention",
      "full_attention",
      "linear_attention",
      "linear_attention",
      "linear_attention",
      "full_attention",
      "linear_attention",
      "linear_attention",
      "linear_attention",
      "full_attention",
      "linear_attention",
      "linear_attention",
      "linear_attention",
      "full_attention",
      "linear_attention",
      "linear_attention",
      "linear_attention",
      "full_attention",
      "linear_attention",
      "linear_attention",
      "linear_attention",
      "full_attention"
    ],
    "linear_conv_kernel_dim": 4,
    "linear_key_head_dim": 128,
    "linear_num_key_heads": 16,
    "linear_num_value_heads": 32,
    "linear_value_head_dim": 128,
    "mamba_ssm_dtype": "float32",
    "max_position_embeddings": 262144,
    "mlp_only_layers": [],
    "model_type": "qwen3_5_text",
    "mtp_num_hidden_layers": 1,
    "mtp_use_dedicated_embeddings": false,
    "num_attention_heads": 16,
    "num_hidden_layers": 32,
    "num_key_value_heads": 4,
    "pad_token_id": null,
    "partial_rotary_factor": 0.25,
    "rms_norm_eps": 1e-06,
    "rope_parameters": {
      "mrope_interleaved": true,
      "mrope_section": [
        11,
        11,
        10
      ],
      "partial_rotary_factor": 0.25,
      "rope_theta": 10000000,
      "rope_type": "default"
    },
    "tie_word_embeddings": true,
    "use_cache": true,
    "vocab_size": 248320
  },
  "tie_word_embeddings": true,
  "transformers_version": "5.10.2",
  "video_token_id": 248057,
  "vision_config": {
    "deepstack_visual_indexes": [],
    "depth": 24,
    "hidden_act": "gelu_pytorch_tanh",
    "hidden_size": 1024,
    "in_channels": 3,
    "initializer_range": 0.02,
    "intermediate_size": 4096,
    "model_type": "qwen3_5_vision",
    "num_heads": 16,
    "num_position_embeddings": 2304,
    "out_hidden_size": 2560,
    "patch_size": 16,
    "spatial_merge_size": 2,
    "temporal_patch_size": 2
  },
  "vision_end_token_id": 248054,
  "vision_start_token_id": 248053
}

[INFO|hub.py:379] 2026-06-05 22:06:31,802 >> Offline mode: forcing local_files_only=True
[INFO|tokenization_utils_base.py:1596] 2026-06-05 22:06:31,803 >> Offline mode: forcing local_files_only=True
[transformers] The `use_fast` parameter is deprecated and will be removed in a future version. Use `backend="torchvision"` instead of `use_fast=True`, or `backend="pil"` instead of `use_fast=False`.
[INFO|hub.py:379] 2026-06-05 22:06:31,919 >> Offline mode: forcing local_files_only=True
[INFO|hub.py:379] 2026-06-05 22:06:31,920 >> Offline mode: forcing local_files_only=True
[INFO|image_processing_base.py:268] 2026-06-05 22:06:31,921 >> Offline mode: forcing local_files_only=True
[INFO|image_processing_base.py:344] 2026-06-05 22:06:31,923 >> loading configuration file preprocessor_config.json from cache at /scratch/indrisch/huggingface/hub/models--Qwen--Qwen3.5-4B/snapshots/851bf6e806efd8d0a36b00ddf55e13ccb7b8cd0a/preprocessor_config.json
[INFO|processing_utils.py:1213] 2026-06-05 22:06:31,928 >> Offline mode: forcing local_files_only=True
[transformers] The `use_fast` parameter is deprecated and will be removed in a future version. Use `backend="torchvision"` instead of `use_fast=True`, or `backend="pil"` instead of `use_fast=False`.
[INFO|processing_utils.py:1387] 2026-06-05 22:06:31,932 >> loading configuration file processor_config.json from cache at None
[INFO|image_processing_base.py:268] 2026-06-05 22:06:31,932 >> Offline mode: forcing local_files_only=True
[INFO|image_processing_base.py:344] 2026-06-05 22:06:31,934 >> loading configuration file preprocessor_config.json from cache at /scratch/indrisch/huggingface/hub/models--Qwen--Qwen3.5-4B/snapshots/851bf6e806efd8d0a36b00ddf55e13ccb7b8cd0a/preprocessor_config.json
[WARNING|logging.py:340] 2026-06-05 22:06:31,934 >> The `use_fast` parameter is deprecated and will be removed in a future version. Use `backend="torchvision"` instead of `use_fast=True`, or `backend="pil"` instead of `use_fast=False`.
[INFO|image_processing_base.py:268] 2026-06-05 22:06:31,947 >> Offline mode: forcing local_files_only=True
[INFO|image_processing_base.py:344] 2026-06-05 22:06:31,949 >> loading configuration file preprocessor_config.json from cache at /scratch/indrisch/huggingface/hub/models--Qwen--Qwen3.5-4B/snapshots/851bf6e806efd8d0a36b00ddf55e13ccb7b8cd0a/preprocessor_config.json
[INFO|image_processing_base.py:385] 2026-06-05 22:06:31,949 >> Image processor Qwen2VLImageProcessorPil {
  "do_convert_rgb": true,
  "do_normalize": true,
  "do_rescale": true,
  "do_resize": true,
  "image_mean": [
    0.5,
    0.5,
    0.5
  ],
  "image_processor_type": "Qwen2VLImageProcessor",
  "image_std": [
    0.5,
    0.5,
    0.5
  ],
  "merge_size": 2,
  "patch_size": 16,
  "resample": 3,
  "rescale_factor": 0.00392156862745098,
  "size": {
    "longest_edge": 16777216,
    "shortest_edge": 65536
  },
  "temporal_patch_size": 2
}

[INFO|hub.py:379] 2026-06-05 22:06:31,949 >> Offline mode: forcing local_files_only=True
[INFO|configuration_utils.py:783] 2026-06-05 22:06:31,950 >> loading configuration file config.json from cache at /scratch/indrisch/huggingface/hub/models--Qwen--Qwen3.5-4B/snapshots/851bf6e806efd8d0a36b00ddf55e13ccb7b8cd0a/config.json
[INFO|configuration_utils.py:859] 2026-06-05 22:06:31,965 >> Model config Qwen3_5Config {
  "architectures": [
    "Qwen3_5ForConditionalGeneration"
  ],
  "image_token_id": 248056,
  "model_type": "qwen3_5",
  "text_config": {
    "attention_bias": false,
    "attention_dropout": 0.0,
    "attn_output_gate": true,
    "bos_token_id": null,
    "dtype": "bfloat16",
    "eos_token_id": 248044,
    "full_attention_interval": 4,
    "head_dim": 256,
    "hidden_act": "silu",
    "hidden_size": 2560,
    "initializer_range": 0.02,
    "intermediate_size": 9216,
    "layer_types": [
      "linear_attention",
      "linear_attention",
      "linear_attention",
      "full_attention",
      "linear_attention",
      "linear_attention",
      "linear_attention",
      "full_attention",
      "linear_attention",
      "linear_attention",
      "linear_attention",
      "full_attention",
      "linear_attention",
      "linear_attention",
      "linear_attention",
      "full_attention",
      "linear_attention",
      "linear_attention",
      "linear_attention",
      "full_attention",
      "linear_attention",
      "linear_attention",
      "linear_attention",
      "full_attention",
      "linear_attention",
      "linear_attention",
      "linear_attention",
      "full_attention",
      "linear_attention",
      "linear_attention",
      "linear_attention",
      "full_attention"
    ],
    "linear_conv_kernel_dim": 4,
    "linear_key_head_dim": 128,
    "linear_num_key_heads": 16,
    "linear_num_value_heads": 32,
    "linear_value_head_dim": 128,
    "mamba_ssm_dtype": "float32",
    "max_position_embeddings": 262144,
    "mlp_only_layers": [],
    "model_type": "qwen3_5_text",
    "mtp_num_hidden_layers": 1,
    "mtp_use_dedicated_embeddings": false,
    "num_attention_heads": 16,
    "num_hidden_layers": 32,
    "num_key_value_heads": 4,
    "pad_token_id": null,
    "partial_rotary_factor": 0.25,
    "rms_norm_eps": 1e-06,
    "rope_parameters": {
      "mrope_interleaved": true,
      "mrope_section": [
        11,
        11,
        10
      ],
      "partial_rotary_factor": 0.25,
      "rope_theta": 10000000,
      "rope_type": "default"
    },
    "tie_word_embeddings": true,
    "use_cache": true,
    "vocab_size": 248320
  },
  "tie_word_embeddings": true,
  "transformers_version": "5.10.2",
  "video_token_id": 248057,
  "vision_config": {
    "deepstack_visual_indexes": [],
    "depth": 24,
    "hidden_act": "gelu_pytorch_tanh",
    "hidden_size": 1024,
    "in_channels": 3,
    "initializer_range": 0.02,
    "intermediate_size": 4096,
    "model_type": "qwen3_5_vision",
    "num_heads": 16,
    "num_position_embeddings": 2304,
    "out_hidden_size": 2560,
    "patch_size": 16,
    "spatial_merge_size": 2,
    "temporal_patch_size": 2
  },
  "vision_end_token_id": 248054,
  "vision_start_token_id": 248053
}

[INFO|hub.py:379] 2026-06-05 22:06:31,965 >> Offline mode: forcing local_files_only=True
[INFO|tokenization_utils_base.py:1596] 2026-06-05 22:06:31,966 >> Offline mode: forcing local_files_only=True
[transformers] The `use_fast` parameter is deprecated and will be removed in a future version. Use `backend="torchvision"` instead of `use_fast=True`, or `backend="pil"` instead of `use_fast=False`.
[INFO|video_processing_utils.py:600] 2026-06-05 22:06:32,479 >> Offline mode: forcing local_files_only=True
[INFO|video_processing_utils.py:686] 2026-06-05 22:06:32,481 >> loading configuration file video_preprocessor_config.json from cache at /scratch/indrisch/huggingface/hub/models--Qwen--Qwen3.5-4B/snapshots/851bf6e806efd8d0a36b00ddf55e13ccb7b8cd0a/video_preprocessor_config.json
[INFO|video_processing_utils.py:600] 2026-06-05 22:06:32,483 >> Offline mode: forcing local_files_only=True
[INFO|video_processing_utils.py:686] 2026-06-05 22:06:32,485 >> loading configuration file video_preprocessor_config.json from cache at /scratch/indrisch/huggingface/hub/models--Qwen--Qwen3.5-4B/snapshots/851bf6e806efd8d0a36b00ddf55e13ccb7b8cd0a/video_preprocessor_config.json
[INFO|video_processing_utils.py:727] 2026-06-05 22:06:32,486 >> Video processor Qwen3VLVideoProcessor {
  "do_convert_rgb": true,
  "do_normalize": true,
  "do_rescale": true,
  "do_resize": true,
  "do_sample_frames": true,
  "fps": 2,
  "image_mean": [
    0.5,
    0.5,
    0.5
  ],
  "image_std": [
    0.5,
    0.5,
    0.5
  ],
  "max_frames": 768,
  "merge_size": 2,
  "min_frames": 4,
  "patch_size": 16,
  "resample": 3,
  "rescale_factor": 0.00392156862745098,
  "return_metadata": false,
  "size": {
    "longest_edge": 25165824,
    "shortest_edge": 4096
  },
  "temporal_patch_size": 2,
  "video_processor_type": "Qwen3VLVideoProcessor"
}

[INFO|processing_utils.py:1462] 2026-06-05 22:06:32,487 >> Processor Qwen3VLProcessor:
- image_processor: Qwen2VLImageProcessorPil {
  "do_convert_rgb": true,
  "do_normalize": true,
  "do_rescale": true,
  "do_resize": true,
  "image_mean": [
    0.5,
    0.5,
    0.5
  ],
  "image_processor_type": "Qwen2VLImageProcessor",
  "image_std": [
    0.5,
    0.5,
    0.5
  ],
  "merge_size": 2,
  "patch_size": 16,
  "resample": 3,
  "rescale_factor": 0.00392156862745098,
  "size": {
    "longest_edge": 16777216,
    "shortest_edge": 65536
  },
  "temporal_patch_size": 2
}

- tokenizer: Qwen2Tokenizer(name_or_path='Qwen/Qwen3.5-4B', vocab_size=248044, model_max_length=262144, padding_side='right', truncation_side='right', special_tokens={'eos_token': '<|im_end|>', 'pad_token': '<|endoftext|>', 'audio_bos_token': '<|audio_start|>', 'audio_eos_token': '<|audio_end|>', 'audio_token': '<|audio_pad|>', 'image_token': '<|image_pad|>', 'video_token': '<|video_pad|>', 'vision_bos_token': '<|vision_start|>', 'vision_eos_token': '<|vision_end|>'}, added_tokens_decoder={
	248044: AddedToken("<|endoftext|>", rstrip=False, lstrip=False, single_word=False, normalized=False, special=True),
	248045: AddedToken("<|im_start|>", rstrip=False, lstrip=False, single_word=False, normalized=False, special=True),
	248046: AddedToken("<|im_end|>", rstrip=False, lstrip=False, single_word=False, normalized=False, special=True),
	248047: AddedToken("<|object_ref_start|>", rstrip=False, lstrip=False, single_word=False, normalized=False, special=True),
	248048: AddedToken("<|object_ref_end|>", rstrip=False, lstrip=False, single_word=False, normalized=False, special=True),
	248049: AddedToken("<|box_start|>", rstrip=False, lstrip=False, single_word=False, normalized=False, special=True),
	248050: AddedToken("<|box_end|>", rstrip=False, lstrip=False, single_word=False, normalized=False, special=True),
	248051: AddedToken("<|quad_start|>", rstrip=False, lstrip=False, single_word=False, normalized=False, special=True),
	248052: AddedToken("<|quad_end|>", rstrip=False, lstrip=False, single_word=False, normalized=False, special=True),
	248053: AddedToken("<|vision_start|>", rstrip=False, lstrip=False, single_word=False, normalized=False, special=True),
	248054: AddedToken("<|vision_end|>", rstrip=False, lstrip=False, single_word=False, normalized=False, special=True),
	248055: AddedToken("<|vision_pad|>", rstrip=False, lstrip=False, single_word=False, normalized=False, special=True),
	248056: AddedToken("<|image_pad|>", rstrip=False, lstrip=False, single_word=False, normalized=False, special=True),
	248057: AddedToken("<|video_pad|>", rstrip=False, lstrip=False, single_word=False, normalized=False, special=True),
	248058: AddedToken("<tool_call>", rstrip=False, lstrip=False, single_word=False, normalized=False, special=False),
	248059: AddedToken("</tool_call>", rstrip=False, lstrip=False, single_word=False, normalized=False, special=False),
	248060: AddedToken("<|fim_prefix|>", rstrip=False, lstrip=False, single_word=False, normalized=False, special=False),
	248061: AddedToken("<|fim_middle|>", rstrip=False, lstrip=False, single_word=False, normalized=False, special=False),
	248062: AddedToken("<|fim_suffix|>", rstrip=False, lstrip=False, single_word=False, normalized=False, special=False),
	248063: AddedToken("<|fim_pad|>", rstrip=False, lstrip=False, single_word=False, normalized=False, special=False),
	248064: AddedToken("<|repo_name|>", rstrip=False, lstrip=False, single_word=False, normalized=False, special=False),
	248065: AddedToken("<|file_sep|>", rstrip=False, lstrip=False, single_word=False, normalized=False, special=False),
	248066: AddedToken("<tool_response>", rstrip=False, lstrip=False, single_word=False, normalized=False, special=False),
	248067: AddedToken("</tool_response>", rstrip=False, lstrip=False, single_word=False, normalized=False, special=False),
	248068: AddedToken("<think>", rstrip=False, lstrip=False, single_word=False, normalized=False, special=False),
	248069: AddedToken("</think>", rstrip=False, lstrip=False, single_word=False, normalized=False, special=False),
	248070: AddedToken("<|audio_start|>", rstrip=False, lstrip=False, single_word=False, normalized=False, special=True),
	248071: AddedToken("<|audio_end|>", rstrip=False, lstrip=False, single_word=False, normalized=False, special=True),
	248072: AddedToken("<tts_pad>", rstrip=False, lstrip=False, single_word=False, normalized=False, special=True),
	248073: AddedToken("<tts_text_bos>", rstrip=False, lstrip=False, single_word=False, normalized=False, special=True),
	248074: AddedToken("<tts_text_eod>", rstrip=False, lstrip=False, single_word=False, normalized=False, special=True),
	248075: AddedToken("<tts_text_bos_single>", rstrip=False, lstrip=False, single_word=False, normalized=False, special=True),
	248076: AddedToken("<|audio_pad|>", rstrip=False, lstrip=False, single_word=False, normalized=False, special=True),
})
- video_processor: Qwen3VLVideoProcessor {
  "do_convert_rgb": true,
  "do_normalize": true,
  "do_rescale": true,
  "do_resize": true,
  "do_sample_frames": true,
  "fps": 2,
  "image_mean": [
    0.5,
    0.5,
    0.5
  ],
  "image_std": [
    0.5,
    0.5,
    0.5
  ],
  "max_frames": 768,
  "merge_size": 2,
  "min_frames": 4,
  "patch_size": 16,
  "resample": 3,
  "rescale_factor": 0.00392156862745098,
  "return_metadata": false,
  "size": {
    "longest_edge": 25165824,
    "shortest_edge": 4096
  },
  "temporal_patch_size": 2,
  "video_processor_type": "Qwen3VLVideoProcessor"
}


{
  "image_processor": {
    "do_convert_rgb": true,
    "do_normalize": true,
    "do_rescale": true,
    "do_resize": true,
    "image_mean": [
      0.5,
      0.5,
      0.5
    ],
    "image_processor_type": "Qwen2VLImageProcessor",
    "image_std": [
      0.5,
      0.5,
      0.5
    ],
    "merge_size": 2,
    "patch_size": 16,
    "resample": 3,
    "rescale_factor": 0.00392156862745098,
    "size": {
      "longest_edge": 16777216,
      "shortest_edge": 65536
    },
    "temporal_patch_size": 2
  },
  "processor_class": "Qwen3VLProcessor",
  "video_processor": {
    "do_convert_rgb": true,
    "do_normalize": true,
    "do_rescale": true,
    "do_resize": true,
    "do_sample_frames": true,
    "fps": 2,
    "image_mean": [
      0.5,
      0.5,
      0.5
    ],
    "image_std": [
      0.5,
      0.5,
      0.5
    ],
    "max_frames": 768,
    "merge_size": 2,
    "min_frames": 4,
    "patch_size": 16,
    "resample": 3,
    "rescale_factor": 0.00392156862745098,
    "return_metadata": false,
    "size": {
      "longest_edge": 25165824,
      "shortest_edge": 4096
    },
    "temporal_patch_size": 2,
    "video_processor_type": "Qwen3VLVideoProcessor"
  }
}

[DEBUG get_template_and_fix_tokenizer] Requested template: qwen3_5
[DEBUG get_template_and_fix_tokenizer] Available templates: ['alpaca', 'aquila', 'atom', 'baichuan', 'baichuan2', 'bailing', 'bailing_v2', 'belle', 'bluelm', 'breeze', 'chatglm2', 'chatglm3', 'chatml', 'chatml_de', 'codegeex2', 'codegeex4', 'cohere', 'cpm', 'cpm3', 'cpm4']...
[DEBUG get_template_and_fix_tokenizer] Total templates registered: 121
[DEBUG get_template_and_fix_tokenizer] videor1 in TEMPLATES: True
[DEBUG get_template_and_fix_tokenizer] Requested template: qwen3_5
[DEBUG get_template_and_fix_tokenizer] Available templates: ['alpaca', 'aquila', 'atom', 'baichuan', 'baichuan2', 'bailing', 'bailing_v2', 'belle', 'bluelm', 'breeze', 'chatglm2', 'chatglm3', 'chatml', 'chatml_de', 'codegeex2', 'codegeex4', 'cohere', 'cpm', 'cpm3', 'cpm4']...
[DEBUG get_template_and_fix_tokenizer] Total templates registered: 121
[DEBUG get_template_and_fix_tokenizer] videor1 in TEMPLATES: True
[INFO|2026-06-05 22:06:32] llamafactory.data.loader:143 >> Loading dataset /scratch/indrisch/huggingface/hub/datasets--cvis-tmu--Scene30K/snapshots/13b41da710700aed32c928c81b8f5e433134eb75/data/...
[rank4]:[W605 22:06:32.666996069 ProcessGroupNCCL.cpp:5072] Guessing device ID based on global rank. This can cause a hang if rank to GPU mapping is heterogeneous. You can specify device_id in init_process_group()
[DEBUG get_template_and_fix_tokenizer] Requested template: qwen3_5
[DEBUG get_template_and_fix_tokenizer] Available templates: ['alpaca', 'aquila', 'atom', 'baichuan', 'baichuan2', 'bailing', 'bailing_v2', 'belle', 'bluelm', 'breeze', 'chatglm2', 'chatglm3', 'chatml', 'chatml_de', 'codegeex2', 'codegeex4', 'cohere', 'cpm', 'cpm3', 'cpm4']...
[DEBUG get_template_and_fix_tokenizer] Total templates registered: 121
[DEBUG get_template_and_fix_tokenizer] videor1 in TEMPLATES: True
[DEBUG get_template_and_fix_tokenizer] Requested template: qwen3_5
[DEBUG get_template_and_fix_tokenizer] Available templates: ['alpaca', 'aquila', 'atom', 'baichuan', 'baichuan2', 'bailing', 'bailing_v2', 'belle', 'bluelm', 'breeze', 'chatglm2', 'chatglm3', 'chatml', 'chatml_de', 'codegeex2', 'codegeex4', 'cohere', 'cpm', 'cpm3', 'cpm4']...
[DEBUG get_template_and_fix_tokenizer] Total templates registered: 121
[DEBUG get_template_and_fix_tokenizer] videor1 in TEMPLATES: True
[INFO|video_processing_utils.py:600] 2026-06-05 22:06:32,680 >> Offline mode: forcing local_files_only=True
[INFO|video_processing_utils.py:686] 2026-06-05 22:06:32,683 >> loading configuration file video_preprocessor_config.json from cache at /scratch/indrisch/huggingface/hub/models--Qwen--Qwen3.5-4B/snapshots/851bf6e806efd8d0a36b00ddf55e13ccb7b8cd0a/video_preprocessor_config.json
[INFO|video_processing_utils.py:600] 2026-06-05 22:06:32,683 >> Offline mode: forcing local_files_only=True
[INFO|video_processing_utils.py:686] 2026-06-05 22:06:32,686 >> loading configuration file video_preprocessor_config.json from cache at /scratch/indrisch/huggingface/hub/models--Qwen--Qwen3.5-4B/snapshots/851bf6e806efd8d0a36b00ddf55e13ccb7b8cd0a/video_preprocessor_config.json
[INFO|video_processing_utils.py:727] 2026-06-05 22:06:32,687 >> Video processor Qwen3VLVideoProcessor {
  "do_convert_rgb": true,
  "do_normalize": true,
  "do_rescale": true,
  "do_resize": true,
  "do_sample_frames": true,
  "fps": 2,
  "image_mean": [
    0.5,
    0.5,
    0.5
  ],
  "image_std": [
    0.5,
    0.5,
    0.5
  ],
  "max_frames": 768,
  "merge_size": 2,
  "min_frames": 4,
  "patch_size": 16,
  "resample": 3,
  "rescale_factor": 0.00392156862745098,
  "return_metadata": false,
  "size": {
    "longest_edge": 25165824,
    "shortest_edge": 4096
  },
  "temporal_patch_size": 2,
  "video_processor_type": "Qwen3VLVideoProcessor"
}

[INFO|processing_utils.py:1462] 2026-06-05 22:06:32,688 >> Processor Qwen3VLProcessor:
- image_processor: Qwen2VLImageProcessorPil {
  "do_convert_rgb": true,
  "do_normalize": true,
  "do_rescale": true,
  "do_resize": true,
  "image_mean": [
    0.5,
    0.5,
    0.5
  ],
  "image_processor_type": "Qwen2VLImageProcessor",
  "image_std": [
    0.5,
    0.5,
    0.5
  ],
  "merge_size": 2,
  "patch_size": 16,
  "resample": 3,
  "rescale_factor": 0.00392156862745098,
  "size": {
    "longest_edge": 16777216,
    "shortest_edge": 65536
  },
  "temporal_patch_size": 2
}

- tokenizer: Qwen2Tokenizer(name_or_path='Qwen/Qwen3.5-4B', vocab_size=248044, model_max_length=262144, padding_side='right', truncation_side='right', special_tokens={'eos_token': '<|im_end|>', 'pad_token': '<|endoftext|>', 'audio_bos_token': '<|audio_start|>', 'audio_eos_token': '<|audio_end|>', 'audio_token': '<|audio_pad|>', 'image_token': '<|image_pad|>', 'video_token': '<|video_pad|>', 'vision_bos_token': '<|vision_start|>', 'vision_eos_token': '<|vision_end|>'}, added_tokens_decoder={
	248044: AddedToken("<|endoftext|>", rstrip=False, lstrip=False, single_word=False, normalized=False, special=True),
	248045: AddedToken("<|im_start|>", rstrip=False, lstrip=False, single_word=False, normalized=False, special=True),
	248046: AddedToken("<|im_end|>", rstrip=False, lstrip=False, single_word=False, normalized=False, special=True),
	248047: AddedToken("<|object_ref_start|>", rstrip=False, lstrip=False, single_word=False, normalized=False, special=True),
	248048: AddedToken("<|object_ref_end|>", rstrip=False, lstrip=False, single_word=False, normalized=False, special=True),
	248049: AddedToken("<|box_start|>", rstrip=False, lstrip=False, single_word=False, normalized=False, special=True),
	248050: AddedToken("<|box_end|>", rstrip=False, lstrip=False, single_word=False, normalized=False, special=True),
	248051: AddedToken("<|quad_start|>", rstrip=False, lstrip=False, single_word=False, normalized=False, special=True),
	248052: AddedToken("<|quad_end|>", rstrip=False, lstrip=False, single_word=False, normalized=False, special=True),
	248053: AddedToken("<|vision_start|>", rstrip=False, lstrip=False, single_word=False, normalized=False, special=True),
	248054: AddedToken("<|vision_end|>", rstrip=False, lstrip=False, single_word=False, normalized=False, special=True),
	248055: AddedToken("<|vision_pad|>", rstrip=False, lstrip=False, single_word=False, normalized=False, special=True),
	248056: AddedToken("<|image_pad|>", rstrip=False, lstrip=False, single_word=False, normalized=False, special=True),
	248057: AddedToken("<|video_pad|>", rstrip=False, lstrip=False, single_word=False, normalized=False, special=True),
	248058: AddedToken("<tool_call>", rstrip=False, lstrip=False, single_word=False, normalized=False, special=False),
	248059: AddedToken("</tool_call>", rstrip=False, lstrip=False, single_word=False, normalized=False, special=False),
	248060: AddedToken("<|fim_prefix|>", rstrip=False, lstrip=False, single_word=False, normalized=False, special=False),
	248061: AddedToken("<|fim_middle|>", rstrip=False, lstrip=False, single_word=False, normalized=False, special=False),
	248062: AddedToken("<|fim_suffix|>", rstrip=False, lstrip=False, single_word=False, normalized=False, special=False),
	248063: AddedToken("<|fim_pad|>", rstrip=False, lstrip=False, single_word=False, normalized=False, special=False),
	248064: AddedToken("<|repo_name|>", rstrip=False, lstrip=False, single_word=False, normalized=False, special=False),
	248065: AddedToken("<|file_sep|>", rstrip=False, lstrip=False, single_word=False, normalized=False, special=False),
	248066: AddedToken("<tool_response>", rstrip=False, lstrip=False, single_word=False, normalized=False, special=False),
	248067: AddedToken("</tool_response>", rstrip=False, lstrip=False, single_word=False, normalized=False, special=False),
	248068: AddedToken("<think>", rstrip=False, lstrip=False, single_word=False, normalized=False, special=False),
	248069: AddedToken("</think>", rstrip=False, lstrip=False, single_word=False, normalized=False, special=False),
	248070: AddedToken("<|audio_start|>", rstrip=False, lstrip=False, single_word=False, normalized=False, special=True),
	248071: AddedToken("<|audio_end|>", rstrip=False, lstrip=False, single_word=False, normalized=False, special=True),
	248072: AddedToken("<tts_pad>", rstrip=False, lstrip=False, single_word=False, normalized=False, special=True),
	248073: AddedToken("<tts_text_bos>", rstrip=False, lstrip=False, single_word=False, normalized=False, special=True),
	248074: AddedToken("<tts_text_eod>", rstrip=False, lstrip=False, single_word=False, normalized=False, special=True),
	248075: AddedToken("<tts_text_bos_single>", rstrip=False, lstrip=False, single_word=False, normalized=False, special=True),
	248076: AddedToken("<|audio_pad|>", rstrip=False, lstrip=False, single_word=False, normalized=False, special=True),
})
- video_processor: Qwen3VLVideoProcessor {
  "do_convert_rgb": true,
  "do_normalize": true,
  "do_rescale": true,
  "do_resize": true,
  "do_sample_frames": true,
  "fps": 2,
  "image_mean": [
    0.5,
    0.5,
    0.5
  ],
  "image_std": [
    0.5,
    0.5,
    0.5
  ],
  "max_frames": 768,
  "merge_size": 2,
  "min_frames": 4,
  "patch_size": 16,
  "resample": 3,
  "rescale_factor": 0.00392156862745098,
  "return_metadata": false,
  "size": {
    "longest_edge": 25165824,
    "shortest_edge": 4096
  },
  "temporal_patch_size": 2,
  "video_processor_type": "Qwen3VLVideoProcessor"
}


{
  "image_processor": {
    "do_convert_rgb": true,
    "do_normalize": true,
    "do_rescale": true,
    "do_resize": true,
    "image_mean": [
      0.5,
      0.5,
      0.5
    ],
    "image_processor_type": "Qwen2VLImageProcessor",
    "image_std": [
      0.5,
      0.5,
      0.5
    ],
    "merge_size": 2,
    "patch_size": 16,
    "resample": 3,
    "rescale_factor": 0.00392156862745098,
    "size": {
      "longest_edge": 16777216,
      "shortest_edge": 65536
    },
    "temporal_patch_size": 2
  },
  "processor_class": "Qwen3VLProcessor",
  "video_processor": {
    "do_convert_rgb": true,
    "do_normalize": true,
    "do_rescale": true,
    "do_resize": true,
    "do_sample_frames": true,
    "fps": 2,
    "image_mean": [
      0.5,
      0.5,
      0.5
    ],
    "image_std": [
      0.5,
      0.5,
      0.5
    ],
    "max_frames": 768,
    "merge_size": 2,
    "min_frames": 4,
    "patch_size": 16,
    "resample": 3,
    "rescale_factor": 0.00392156862745098,
    "return_metadata": false,
    "size": {
      "longest_edge": 25165824,
      "shortest_edge": 4096
    },
    "temporal_patch_size": 2,
    "video_processor_type": "Qwen3VLVideoProcessor"
  }
}

[DEBUG get_template_and_fix_tokenizer] Requested template: qwen3_5
[DEBUG get_template_and_fix_tokenizer] Available templates: ['alpaca', 'aquila', 'atom', 'baichuan', 'baichuan2', 'bailing', 'bailing_v2', 'belle', 'bluelm', 'breeze', 'chatglm2', 'chatglm3', 'chatml', 'chatml_de', 'codegeex2', 'codegeex4', 'cohere', 'cpm', 'cpm3', 'cpm4']...
[DEBUG get_template_and_fix_tokenizer] Total templates registered: 121
[DEBUG get_template_and_fix_tokenizer] videor1 in TEMPLATES: True
[DEBUG get_template_and_fix_tokenizer] Requested template: qwen3_5
[DEBUG get_template_and_fix_tokenizer] Available templates: ['alpaca', 'aquila', 'atom', 'baichuan', 'baichuan2', 'bailing', 'bailing_v2', 'belle', 'bluelm', 'breeze', 'chatglm2', 'chatglm3', 'chatml', 'chatml_de', 'codegeex2', 'codegeex4', 'cohere', 'cpm', 'cpm3', 'cpm4']...
[DEBUG get_template_and_fix_tokenizer] Total templates registered: 121
[DEBUG get_template_and_fix_tokenizer] videor1 in TEMPLATES: True
[DEBUG get_template_and_fix_tokenizer] Requested template: qwen3_5
[DEBUG get_template_and_fix_tokenizer] Available templates: ['alpaca', 'aquila', 'atom', 'baichuan', 'baichuan2', 'bailing', 'bailing_v2', 'belle', 'bluelm', 'breeze', 'chatglm2', 'chatglm3', 'chatml', 'chatml_de', 'codegeex2', 'codegeex4', 'cohere', 'cpm', 'cpm3', 'cpm4']...
[DEBUG get_template_and_fix_tokenizer] Total templates registered: 121
[DEBUG get_template_and_fix_tokenizer] videor1 in TEMPLATES: True
[INFO|2026-06-05 22:06:32] llamafactory.data.loader:143 >> Loading dataset /scratch/indrisch/huggingface/hub/datasets--cvis-tmu--Scene30K/snapshots/13b41da710700aed32c928c81b8f5e433134eb75/data/...
/tmp/venv_llamafactory_cu126_qwen35/lib/python3.12/site-packages/torch/distributed/distributed_c10d.py:4876: UserWarning: barrier(): using the device under current context. You can specify `device_id` in `init_process_group` to mute this warning.
  warnings.warn(  # warn only once
[rank0]:[W605 22:06:32.501551304 ProcessGroupNCCL.cpp:5072] Guessing device ID based on global rank. This can cause a hang if rank to GPU mapping is heterogeneous. You can specify device_id in init_process_group()
kn014:3447807:3447807 [0] NCCL INFO NCCL_SOCKET_IFNAME set by environment to ^docker0,lo
kn014:3447807:3447807 [0] NCCL INFO Bootstrap: Using eth0:10.1.1.14<0>
kn014:3447807:3447807 [0] NCCL INFO cudaDriverVersion 13000
kn014:3447807:3447807 [0] NCCL INFO NCCL version 2.27.7+cuda12.6
kn014:3447807:3447807 [0] NCCL INFO Comm config Blocking set to 1
kn014:3447808:3447808 [1] NCCL INFO cudaDriverVersion 13000
kn014:3447808:3447808 [1] NCCL INFO NCCL_SOCKET_IFNAME set by environment to ^docker0,lo
kn014:3447808:3447808 [1] NCCL INFO Bootstrap: Using eth0:10.1.1.14<0>
kn014:3447808:3447808 [1] NCCL INFO NCCL version 2.27.7+cuda12.6
kn014:3447809:3447809 [2] NCCL INFO cudaDriverVersion 13000
kn014:3447808:3447808 [1] NCCL INFO Comm config Blocking set to 1
kn014:3447809:3447809 [2] NCCL INFO NCCL_SOCKET_IFNAME set by environment to ^docker0,lo
kn014:3447809:3447809 [2] NCCL INFO Bootstrap: Using eth0:10.1.1.14<0>
kn014:3447809:3447809 [2] NCCL INFO NCCL version 2.27.7+cuda12.6
kn014:3447809:3447809 [2] NCCL INFO Comm config Blocking set to 1
kn038:3473851:3473851 [3] NCCL INFO cudaDriverVersion 13000
kn038:3473851:3473851 [3] NCCL INFO NCCL_SOCKET_IFNAME set by environment to ^docker0,lo
kn038:3473851:3473851 [3] NCCL INFO Bootstrap: Using eth0:10.1.1.38<0>
kn038:3473851:3473851 [3] NCCL INFO NCCL version 2.27.7+cuda12.6
kn038:3473848:3473848 [0] NCCL INFO cudaDriverVersion 13000
kn038:3473848:3473848 [0] NCCL INFO NCCL_SOCKET_IFNAME set by environment to ^docker0,lo
kn038:3473848:3473848 [0] NCCL INFO Bootstrap: Using eth0:10.1.1.38<0>
kn038:3473848:3473848 [0] NCCL INFO NCCL version 2.27.7+cuda12.6
kn038:3473851:3473851 [3] NCCL INFO Comm config Blocking set to 1
kn038:3473849:3473849 [1] NCCL INFO cudaDriverVersion 13000
kn038:3473849:3473849 [1] NCCL INFO NCCL_SOCKET_IFNAME set by environment to ^docker0,lo
kn038:3473849:3473849 [1] NCCL INFO Bootstrap: Using eth0:10.1.1.38<0>
kn038:3473849:3473849 [1] NCCL INFO NCCL version 2.27.7+cuda12.6
kn038:3473848:3473848 [0] NCCL INFO Comm config Blocking set to 1
kn038:3473850:3473850 [2] NCCL INFO cudaDriverVersion 13000
kn038:3473850:3473850 [2] NCCL INFO NCCL_SOCKET_IFNAME set by environment to ^docker0,lo
kn038:3473850:3473850 [2] NCCL INFO Bootstrap: Using eth0:10.1.1.38<0>
kn038:3473850:3473850 [2] NCCL INFO NCCL version 2.27.7+cuda12.6
kn038:3473849:3473849 [1] NCCL INFO Comm config Blocking set to 1
kn038:3473850:3473850 [2] NCCL INFO Comm config Blocking set to 1
[DEBUG get_template_and_fix_tokenizer] Requested template: qwen3_5
[DEBUG get_template_and_fix_tokenizer] Available templates: ['alpaca', 'aquila', 'atom', 'baichuan', 'baichuan2', 'bailing', 'bailing_v2', 'belle', 'bluelm', 'breeze', 'chatglm2', 'chatglm3', 'chatml', 'chatml_de', 'codegeex2', 'codegeex4', 'cohere', 'cpm', 'cpm3', 'cpm4']...
[DEBUG get_template_and_fix_tokenizer] Total templates registered: 121
[DEBUG get_template_and_fix_tokenizer] videor1 in TEMPLATES: True
kn014:3447807:3448259 [0] NCCL INFO NET/Plugin: Could not find: libnccl-net.so. 
kn014:3447809:3448261 [2] NCCL INFO NET/Plugin: Could not find: libnccl-net.so. 
kn014:3447808:3448260 [1] NCCL INFO NET/Plugin: Could not find: libnccl-net.so. 
kn014:3447810:3447810 [3] NCCL INFO cudaDriverVersion 13000
kn014:3447810:3447810 [3] NCCL INFO NCCL_SOCKET_IFNAME set by environment to ^docker0,lo
kn014:3447810:3447810 [3] NCCL INFO Bootstrap: Using eth0:10.1.1.14<0>
kn014:3447810:3447810 [3] NCCL INFO NCCL version 2.27.7+cuda12.6
kn014:3447810:3447810 [3] NCCL INFO Comm config Blocking set to 1
kn014:3447809:3448261 [2] NCCL INFO NCCL_SOCKET_IFNAME set by environment to ^docker0,lo
kn014:3447807:3448259 [0] NCCL INFO NCCL_SOCKET_IFNAME set by environment to ^docker0,lo
kn014:3447808:3448260 [1] NCCL INFO NCCL_SOCKET_IFNAME set by environment to ^docker0,lo
kn038:3473850:3474289 [2] NCCL INFO NET/Plugin: Could not find: libnccl-net.so. 
kn038:3473849:3474288 [1] NCCL INFO NET/Plugin: Could not find: libnccl-net.so. 
kn038:3473851:3474286 [3] NCCL INFO NET/Plugin: Could not find: libnccl-net.so. 
kn038:3473848:3474287 [0] NCCL INFO NET/Plugin: Could not find: libnccl-net.so. 
kn038:3473851:3474286 [3] NCCL INFO NCCL_SOCKET_IFNAME set by environment to ^docker0,lo
kn038:3473848:3474287 [0] NCCL INFO NCCL_SOCKET_IFNAME set by environment to ^docker0,lo
kn038:3473849:3474288 [1] NCCL INFO NCCL_SOCKET_IFNAME set by environment to ^docker0,lo
kn038:3473850:3474289 [2] NCCL INFO NCCL_SOCKET_IFNAME set by environment to ^docker0,lo
kn014:3447807:3448259 [0] NCCL INFO NET/IB : Using [0]mlx5_0:1/IB [RO]; OOB eth0:10.1.1.14<0>
kn014:3447807:3448259 [0] NCCL INFO Initialized NET plugin IB
kn014:3447808:3448260 [1] NCCL INFO NET/IB : Using [0]mlx5_0:1/IB [RO]; OOB eth0:10.1.1.14<0>
kn014:3447808:3448260 [1] NCCL INFO Initialized NET plugin IB
kn014:3447809:3448261 [2] NCCL INFO NET/IB : Using [0]mlx5_0:1/IB [RO]; OOB eth0:10.1.1.14<0>
kn014:3447809:3448261 [2] NCCL INFO Initialized NET plugin IB
kn014:3447807:3448259 [0] NCCL INFO Assigned NET plugin IB to comm
kn014:3447807:3448259 [0] NCCL INFO Using network IB
kn014:3447808:3448260 [1] NCCL INFO Assigned NET plugin IB to comm
kn014:3447808:3448260 [1] NCCL INFO Using network IB
kn014:3447809:3448261 [2] NCCL INFO Assigned NET plugin IB to comm
kn014:3447809:3448261 [2] NCCL INFO Using network IB
kn014:3447807:3448259 [0] NCCL INFO ncclCommInitRankConfig comm 0x155233b0 rank 0 nranks 8 cudaDev 0 nvmlDev 0 busId 17000 commId 0x4ad84cf3ae888161 - Init START
kn014:3447808:3448260 [1] NCCL INFO ncclCommInitRankConfig comm 0x1717b420 rank 1 nranks 8 cudaDev 1 nvmlDev 1 busId 65000 commId 0x4ad84cf3ae888161 - Init START
kn014:3447809:3448261 [2] NCCL INFO ncclCommInitRankConfig comm 0x15354810 rank 2 nranks 8 cudaDev 2 nvmlDev 2 busId ca000 commId 0x4ad84cf3ae888161 - Init START
kn014:3447808:3448260 [1] NCCL INFO RAS client listening socket at 127.0.0.1<28028>
kn038:3473850:3474289 [2] NCCL INFO NET/IB : Using [0]mlx5_0:1/IB [RO]; OOB eth0:10.1.1.38<0>
kn038:3473850:3474289 [2] NCCL INFO Initialized NET plugin IB
kn038:3473849:3474288 [1] NCCL INFO NET/IB : Using [0]mlx5_0:1/IB [RO]; OOB eth0:10.1.1.38<0>
kn038:3473849:3474288 [1] NCCL INFO Initialized NET plugin IB
kn038:3473851:3474286 [3] NCCL INFO NET/IB : Using [0]mlx5_0:1/IB [RO]; OOB eth0:10.1.1.38<0>
kn038:3473851:3474286 [3] NCCL INFO Initialized NET plugin IB
kn038:3473848:3474287 [0] NCCL INFO NET/IB : Using [0]mlx5_0:1/IB [RO]; OOB eth0:10.1.1.38<0>
kn038:3473848:3474287 [0] NCCL INFO Initialized NET plugin IB
kn038:3473850:3474289 [2] NCCL INFO Assigned NET plugin IB to comm
kn038:3473850:3474289 [2] NCCL INFO Using network IB
kn038:3473849:3474288 [1] NCCL INFO Assigned NET plugin IB to comm
kn038:3473849:3474288 [1] NCCL INFO Using network IB
kn038:3473851:3474286 [3] NCCL INFO Assigned NET plugin IB to comm
kn038:3473851:3474286 [3] NCCL INFO Using network IB
kn038:3473848:3474287 [0] NCCL INFO Assigned NET plugin IB to comm
kn038:3473848:3474287 [0] NCCL INFO Using network IB
kn038:3473850:3474289 [2] NCCL INFO ncclCommInitRankConfig comm 0x15537400 rank 6 nranks 8 cudaDev 2 nvmlDev 2 busId ca000 commId 0x4ad84cf3ae888161 - Init START
kn038:3473849:3474288 [1] NCCL INFO ncclCommInitRankConfig comm 0x10278370 rank 5 nranks 8 cudaDev 1 nvmlDev 1 busId 65000 commId 0x4ad84cf3ae888161 - Init START
kn038:3473851:3474286 [3] NCCL INFO ncclCommInitRankConfig comm 0x15356420 rank 7 nranks 8 cudaDev 3 nvmlDev 3 busId e3000 commId 0x4ad84cf3ae888161 - Init START
kn038:3473848:3474287 [0] NCCL INFO ncclCommInitRankConfig comm 0x11311d20 rank 4 nranks 8 cudaDev 0 nvmlDev 0 busId 17000 commId 0x4ad84cf3ae888161 - Init START
kn038:3473850:3474289 [2] NCCL INFO RAS client listening socket at 127.0.0.1<28028>
kn038:3473851:3474286 [3] NCCL INFO RAS client listening socket at 127.0.0.1<28028>
kn014:3447807:3448259 [0] NCCL INFO RAS client listening socket at 127.0.0.1<28028>
kn038:3473849:3474288 [1] NCCL INFO RAS client listening socket at 127.0.0.1<28028>
kn014:3447810:3448262 [3] NCCL INFO NET/Plugin: Could not find: libnccl-net.so. 
kn014:3447810:3448262 [3] NCCL INFO NCCL_SOCKET_IFNAME set by environment to ^docker0,lo
kn014:3447810:3448262 [3] NCCL INFO NET/IB : Using [0]mlx5_0:1/IB [RO]; OOB eth0:10.1.1.14<0>
kn014:3447810:3448262 [3] NCCL INFO Initialized NET plugin IB
kn014:3447810:3448262 [3] NCCL INFO Assigned NET plugin IB to comm
kn014:3447810:3448262 [3] NCCL INFO Using network IB
kn014:3447810:3448262 [3] NCCL INFO ncclCommInitRankConfig comm 0x1542cb00 rank 3 nranks 8 cudaDev 3 nvmlDev 3 busId e3000 commId 0x4ad84cf3ae888161 - Init START
kn014:3447810:3448262 [3] NCCL INFO RAS client listening socket at 127.0.0.1<28028>
kn038:3473848:3474287 [0] NCCL INFO RAS client listening socket at 127.0.0.1<28028>
kn014:3447809:3448261 [2] NCCL INFO RAS client listening socket at 127.0.0.1<28028>
kn014:3447810:3448262 [3] NCCL INFO Bootstrap timings total 0.001694 (create 0.000030, send 0.000100, recv 0.000514, ring 0.000700, delay 0.000000)
kn014:3447809:3448261 [2] NCCL INFO Bootstrap timings total 0.129989 (create 0.000028, send 0.000094, recv 0.128599, ring 0.000343, delay 0.000000)
kn038:3473851:3474286 [3] NCCL INFO Bootstrap timings total 0.124542 (create 0.000027, send 0.000187, recv 0.000729, ring 0.123212, delay 0.000000)
kn014:3447808:3448260 [1] NCCL INFO Bootstrap timings total 0.130053 (create 0.000038, send 0.000103, recv 0.000460, ring 0.129176, delay 0.000000)
kn014:3447807:3448259 [0] NCCL INFO Bootstrap timings total 0.130227 (create 0.000031, send 0.000108, recv 0.000453, ring 0.123227, delay 0.000001)
kn038:3473849:3474288 [1] NCCL INFO Bootstrap timings total 0.124650 (create 0.000031, send 0.000182, recv 0.000402, ring 0.123199, delay 0.000001)
kn038:3473850:3474289 [2] NCCL INFO Bootstrap timings total 0.124780 (create 0.000038, send 0.000199, recv 0.000755, ring 0.123480, delay 0.000001)
kn038:3473848:3474287 [0] NCCL INFO Bootstrap timings total 0.124690 (create 0.000034, send 0.000196, recv 0.000911, ring 0.000713, delay 0.000000)
kn038:3473850:3474289 [2] NCCL INFO Setting affinity for GPU 2 to 48-63
kn038:3473850:3474289 [2] NCCL INFO NVLS multicast support is not available on dev 2 (NVLS_NCHANNELS 0)
kn038:3473849:3474288 [1] NCCL INFO Setting affinity for GPU 1 to 16-31
kn038:3473849:3474288 [1] NCCL INFO NVLS multicast support is not available on dev 1 (NVLS_NCHANNELS 0)
kn038:3473851:3474286 [3] NCCL INFO Setting affinity for GPU 3 to 48-63
kn038:3473851:3474286 [3] NCCL INFO NVLS multicast support is not available on dev 3 (NVLS_NCHANNELS 0)
kn038:3473848:3474287 [0] NCCL INFO Setting affinity for GPU 0 to 0-15
kn014:3447808:3448260 [1] NCCL INFO Setting affinity for GPU 1 to 16-31
kn014:3447808:3448260 [1] NCCL INFO NVLS multicast support is not available on dev 1 (NVLS_NCHANNELS 0)
kn014:3447807:3448259 [0] NCCL INFO Setting affinity for GPU 0 to 0-15
kn038:3473848:3474287 [0] NCCL INFO NVLS multicast support is not available on dev 0 (NVLS_NCHANNELS 0)
kn014:3447807:3448259 [0] NCCL INFO NVLS multicast support is not available on dev 0 (NVLS_NCHANNELS 0)
kn014:3447810:3448262 [3] NCCL INFO Setting affinity for GPU 3 to 48-63
kn014:3447810:3448262 [3] NCCL INFO NVLS multicast support is not available on dev 3 (NVLS_NCHANNELS 0)
kn014:3447809:3448261 [2] NCCL INFO Setting affinity for GPU 2 to 48-63
kn014:3447809:3448261 [2] NCCL INFO NVLS multicast support is not available on dev 2 (NVLS_NCHANNELS 0)
kn014:3447810:3448262 [3] NCCL INFO comm 0x1542cb00 rank 3 nRanks 8 nNodes 2 localRanks 4 localRank 3 MNNVL 0
kn014:3447809:3448261 [2] NCCL INFO comm 0x15354810 rank 2 nRanks 8 nNodes 2 localRanks 4 localRank 2 MNNVL 0
kn014:3447810:3448262 [3] NCCL INFO Trees [0] 0/-1/-1->3->2 [1] -1/-1/-1->3->2 [2] 0/-1/-1->3->2 [3] -1/-1/-1->3->2
kn014:3447810:3448262 [3] NCCL INFO P2P Chunksize set to 131072
kn014:3447809:3448261 [2] NCCL INFO Trees [0] 3/-1/-1->2->1 [1] 3/-1/-1->2->0 [2] 3/-1/-1->2->1 [3] 3/-1/-1->2->0
kn014:3447809:3448261 [2] NCCL INFO P2P Chunksize set to 131072
kn038:3473851:3474286 [3] NCCL INFO comm 0x15356420 rank 7 nRanks 8 nNodes 2 localRanks 4 localRank 3 MNNVL 0
kn038:3473851:3474286 [3] NCCL INFO Trees [0] 4/-1/-1->7->6 [1] -1/-1/-1->7->6 [2] 4/-1/-1->7->6 [3] -1/-1/-1->7->6
kn038:3473851:3474286 [3] NCCL INFO P2P Chunksize set to 131072
kn014:3447807:3448259 [0] NCCL INFO comm 0x155233b0 rank 0 nRanks 8 nNodes 2 localRanks 4 localRank 0 MNNVL 0
kn014:3447808:3448260 [1] NCCL INFO comm 0x1717b420 rank 1 nRanks 8 nNodes 2 localRanks 4 localRank 1 MNNVL 0
kn014:3447807:3448259 [0] NCCL INFO Channel 00/04 : 0 3 2 5 4 7 6 1
kn014:3447807:3448259 [0] NCCL INFO Channel 01/04 : 0 5 7 6 4 1 3 2
kn014:3447807:3448259 [0] NCCL INFO Channel 02/04 : 0 3 2 5 4 7 6 1
kn014:3447808:3448260 [1] NCCL INFO Trees [0] 2/5/-1->1->-1 [1] 0/5/-1->1->-1 [2] 2/-1/-1->1->5 [3] 0/-1/-1->1->5
kn014:3447807:3448259 [0] NCCL INFO Channel 03/04 : 0 5 7 6 4 1 3 2
kn014:3447808:3448260 [1] NCCL INFO P2P Chunksize set to 131072
kn014:3447807:3448259 [0] NCCL INFO Trees [0] -1/-1/-1->0->3 [1] 2/-1/-1->0->1 [2] -1/-1/-1->0->3 [3] 2/-1/-1->0->1
kn014:3447807:3448259 [0] NCCL INFO P2P Chunksize set to 131072
kn038:3473848:3474287 [0] NCCL INFO comm 0x11311d20 rank 4 nRanks 8 nNodes 2 localRanks 4 localRank 0 MNNVL 0
kn038:3473850:3474289 [2] NCCL INFO comm 0x15537400 rank 6 nRanks 8 nNodes 2 localRanks 4 localRank 2 MNNVL 0
kn038:3473849:3474288 [1] NCCL INFO comm 0x10278370 rank 5 nRanks 8 nNodes 2 localRanks 4 localRank 1 MNNVL 0
kn038:3473848:3474287 [0] NCCL INFO Trees [0] -1/-1/-1->4->7 [1] 6/-1/-1->4->5 [2] -1/-1/-1->4->7 [3] 6/-1/-1->4->5
kn038:3473850:3474289 [2] NCCL INFO Trees [0] 7/-1/-1->6->5 [1] 7/-1/-1->6->4 [2] 7/-1/-1->6->5 [3] 7/-1/-1->6->4
kn038:3473848:3474287 [0] NCCL INFO P2P Chunksize set to 131072
kn038:3473850:3474289 [2] NCCL INFO P2P Chunksize set to 131072
kn038:3473849:3474288 [1] NCCL INFO Trees [0] 6/-1/-1->5->1 [1] 4/-1/-1->5->1 [2] 6/1/-1->5->-1 [3] 4/1/-1->5->-1
kn038:3473849:3474288 [1] NCCL INFO P2P Chunksize set to 131072
kn014:3447810:3448262 [3] NCCL INFO PROFILER/Plugin: Could not find: libnccl-profiler.so. 
kn014:3447808:3448260 [1] NCCL INFO PROFILER/Plugin: Could not find: libnccl-profiler.so. 
kn014:3447807:3448259 [0] NCCL INFO PROFILER/Plugin: Could not find: libnccl-profiler.so. 
kn014:3447809:3448261 [2] NCCL INFO PROFILER/Plugin: Could not find: libnccl-profiler.so. 
kn014:3447807:3448259 [0] NCCL INFO Check P2P Type isAllDirectP2p 0 directMode 0
kn038:3473851:3474286 [3] NCCL INFO PROFILER/Plugin: Could not find: libnccl-profiler.so. 
kn038:3473849:3474288 [1] NCCL INFO PROFILER/Plugin: Could not find: libnccl-profiler.so. 
kn038:3473848:3474287 [0] NCCL INFO PROFILER/Plugin: Could not find: libnccl-profiler.so. 
kn038:3473850:3474289 [2] NCCL INFO PROFILER/Plugin: Could not find: libnccl-profiler.so. 
kn014:3447810:3448271 [3] NCCL INFO [Proxy Service] Device 3 CPU core 52
kn014:3447807:3448272 [0] NCCL INFO [Proxy Service] Device 0 CPU core 4
kn014:3447810:3448275 [3] NCCL INFO [Proxy Service UDS] Device 3 CPU core 57
kn014:3447807:3448278 [0] NCCL INFO [Proxy Service UDS] Device 0 CPU core 5
kn014:3447808:3448276 [1] NCCL INFO [Proxy Service UDS] Device 1 CPU core 24
kn014:3447809:3448274 [2] NCCL INFO [Proxy Service] Device 2 CPU core 56
kn014:3447808:3448273 [1] NCCL INFO [Proxy Service] Device 1 CPU core 23
kn038:3473849:3474303 [1] NCCL INFO [Proxy Service UDS] Device 1 CPU core 18
kn038:3473850:3474304 [2] NCCL INFO [Proxy Service UDS] Device 2 CPU core 62
kn038:3473848:3474302 [0] NCCL INFO [Proxy Service UDS] Device 0 CPU core 2
kn038:3473851:3474305 [3] NCCL INFO [Proxy Service UDS] Device 3 CPU core 52
kn014:3447809:3448277 [2] NCCL INFO [Proxy Service UDS] Device 2 CPU core 58
kn038:3473850:3474299 [2] NCCL INFO [Proxy Service] Device 2 CPU core 59
kn038:3473849:3474300 [1] NCCL INFO [Proxy Service] Device 1 CPU core 17
kn038:3473848:3474298 [0] NCCL INFO [Proxy Service] Device 0 CPU core 1
kn038:3473851:3474301 [3] NCCL INFO [Proxy Service] Device 3 CPU core 51
kn014:3447808:3448260 [1] NCCL INFO threadThresholds 8/8/64 | 64/8/64 | 512 | 512
kn014:3447808:3448260 [1] NCCL INFO 4 coll channels, 4 collnet channels, 0 nvls channels, 4 p2p channels, 2 p2p channels per peer
kn038:3473851:3474286 [3] NCCL INFO threadThresholds 8/8/64 | 64/8/64 | 512 | 512
kn038:3473851:3474286 [3] NCCL INFO 4 coll channels, 4 collnet channels, 0 nvls channels, 4 p2p channels, 2 p2p channels per peer
kn014:3447809:3448261 [2] NCCL INFO threadThresholds 8/8/64 | 64/8/64 | 512 | 512
kn014:3447809:3448261 [2] NCCL INFO 4 coll channels, 4 collnet channels, 0 nvls channels, 4 p2p channels, 2 p2p channels per peer
kn014:3447807:3448259 [0] NCCL INFO threadThresholds 8/8/64 | 64/8/64 | 512 | 512
kn014:3447807:3448259 [0] NCCL INFO 4 coll channels, 4 collnet channels, 0 nvls channels, 4 p2p channels, 2 p2p channels per peer
kn038:3473848:3474287 [0] NCCL INFO threadThresholds 8/8/64 | 64/8/64 | 512 | 512
kn038:3473848:3474287 [0] NCCL INFO 4 coll channels, 4 collnet channels, 0 nvls channels, 4 p2p channels, 2 p2p channels per peer
kn038:3473850:3474289 [2] NCCL INFO threadThresholds 8/8/64 | 64/8/64 | 512 | 512
kn038:3473850:3474289 [2] NCCL INFO 4 coll channels, 4 collnet channels, 0 nvls channels, 4 p2p channels, 2 p2p channels per peer
kn038:3473849:3474288 [1] NCCL INFO threadThresholds 8/8/64 | 64/8/64 | 512 | 512
kn038:3473849:3474288 [1] NCCL INFO 4 coll channels, 4 collnet channels, 0 nvls channels, 4 p2p channels, 2 p2p channels per peer
kn014:3447810:3448262 [3] NCCL INFO threadThresholds 8/8/64 | 64/8/64 | 512 | 512
kn014:3447810:3448262 [3] NCCL INFO 4 coll channels, 4 collnet channels, 0 nvls channels, 4 p2p channels, 2 p2p channels per peer
kn014:3447807:3448259 [0] NCCL INFO CC Off, workFifoBytes 1048576
kn038:3473850:3474289 [2] NCCL INFO TUNER/Plugin: Could not find: libnccl-tuner.so. Using internal tuner plugin.
kn038:3473850:3474289 [2] NCCL INFO ncclCommInitRankConfig comm 0x15537400 rank 6 nranks 8 cudaDev 2 nvmlDev 2 busId ca000 commId 0x4ad84cf3ae888161 - Init COMPLETE
kn038:3473851:3474286 [3] NCCL INFO TUNER/Plugin: Could not find: libnccl-tuner.so. Using internal tuner plugin.
kn038:3473849:3474288 [1] NCCL INFO TUNER/Plugin: Could not find: libnccl-tuner.so. Using internal tuner plugin.
kn038:3473851:3474286 [3] NCCL INFO ncclCommInitRankConfig comm 0x15356420 rank 7 nranks 8 cudaDev 3 nvmlDev 3 busId e3000 commId 0x4ad84cf3ae888161 - Init COMPLETE
kn038:3473848:3474287 [0] NCCL INFO TUNER/Plugin: Could not find: libnccl-tuner.so. Using internal tuner plugin.
kn038:3473850:3474289 [2] NCCL INFO Init timings - ncclCommInitRankConfig: rank 6 nranks 8 total 0.31 (kernels 0.14, alloc 0.02, bootstrap 0.12, allgathers 0.01, topo 0.01, graphs 0.00, connections 0.01, rest 0.00)
kn038:3473849:3474288 [1] NCCL INFO ncclCommInitRankConfig comm 0x10278370 rank 5 nranks 8 cudaDev 1 nvmlDev 1 busId 65000 commId 0x4ad84cf3ae888161 - Init COMPLETE
kn038:3473848:3474287 [0] NCCL INFO ncclCommInitRankConfig comm 0x11311d20 rank 4 nranks 8 cudaDev 0 nvmlDev 0 busId 17000 commId 0x4ad84cf3ae888161 - Init COMPLETE
kn038:3473848:3474287 [0] NCCL INFO Init timings - ncclCommInitRankConfig: rank 4 nranks 8 total 0.31 (kernels 0.15, alloc 0.01, bootstrap 0.12, allgathers 0.00, topo 0.01, graphs 0.00, connections 0.01, rest 0.00)
kn038:3473851:3474286 [3] NCCL INFO Init timings - ncclCommInitRankConfig: rank 7 nranks 8 total 0.32 (kernels 0.15, alloc 0.02, bootstrap 0.12, allgathers 0.00, topo 0.01, graphs 0.00, connections 0.01, rest 0.00)
kn038:3473849:3474288 [1] NCCL INFO Init timings - ncclCommInitRankConfig: rank 5 nranks 8 total 0.31 (kernels 0.14, alloc 0.02, bootstrap 0.12, allgathers 0.00, topo 0.01, graphs 0.00, connections 0.01, rest 0.00)
kn014:3447810:3448262 [3] NCCL INFO TUNER/Plugin: Could not find: libnccl-tuner.so. Using internal tuner plugin.
kn014:3447808:3448260 [1] NCCL INFO TUNER/Plugin: Could not find: libnccl-tuner.so. Using internal tuner plugin.
kn014:3447807:3448259 [0] NCCL INFO TUNER/Plugin: Could not find: libnccl-tuner.so. Using internal tuner plugin.
kn014:3447810:3448262 [3] NCCL INFO ncclCommInitRankConfig comm 0x1542cb00 rank 3 nranks 8 cudaDev 3 nvmlDev 3 busId e3000 commId 0x4ad84cf3ae888161 - Init COMPLETE
kn014:3447809:3448261 [2] NCCL INFO TUNER/Plugin: Could not find: libnccl-tuner.so. Using internal tuner plugin.
kn014:3447808:3448260 [1] NCCL INFO ncclCommInitRankConfig comm 0x1717b420 rank 1 nranks 8 cudaDev 1 nvmlDev 1 busId 65000 commId 0x4ad84cf3ae888161 - Init COMPLETE
kn014:3447807:3448259 [0] NCCL INFO ncclCommInitRankConfig comm 0x155233b0 rank 0 nranks 8 cudaDev 0 nvmlDev 0 busId 17000 commId 0x4ad84cf3ae888161 - Init COMPLETE
kn014:3447809:3448261 [2] NCCL INFO ncclCommInitRankConfig comm 0x15354810 rank 2 nranks 8 cudaDev 2 nvmlDev 2 busId ca000 commId 0x4ad84cf3ae888161 - Init COMPLETE
kn014:3447810:3448262 [3] NCCL INFO Init timings - ncclCommInitRankConfig: rank 3 nranks 8 total 0.17 (kernels 0.13, alloc 0.01, bootstrap 0.00, allgathers 0.01, topo 0.01, graphs 0.00, connections 0.01, rest 0.00)
kn014:3447808:3448260 [1] NCCL INFO Init timings - ncclCommInitRankConfig: rank 1 nranks 8 total 0.33 (kernels 0.16, alloc 0.01, bootstrap 0.13, allgathers 0.01, topo 0.01, graphs 0.00, connections 0.00, rest 0.00)
kn014:3447807:3448259 [0] NCCL INFO Init timings - ncclCommInitRankConfig: rank 0 nranks 8 total 0.33 (kernels 0.16, alloc 0.02, bootstrap 0.13, allgathers 0.00, topo 0.01, graphs 0.00, connections 0.00, rest 0.00)
kn014:3447809:3448261 [2] NCCL INFO Init timings - ncclCommInitRankConfig: rank 2 nranks 8 total 0.33 (kernels 0.15, alloc 0.02, bootstrap 0.13, allgathers 0.00, topo 0.01, graphs 0.00, connections 0.00, rest 0.00)
kn014:3447807:3448281 [0] NCCL INFO Channel 01 : 0[0] -> 1[1] via SHM/direct/direct
kn038:3473850:3474306 [2] NCCL INFO Channel 00 : 6[2] -> 7[3] via SHM/direct/direct
kn038:3473848:3474307 [0] NCCL INFO Channel 01 : 4[0] -> 5[1] via SHM/direct/direct
kn014:3447808:3448279 [1] NCCL INFO Channel 00 : 1[1] -> 2[2] via SHM/direct/direct
kn014:3447807:3448281 [0] NCCL INFO Channel 03 : 0[0] -> 1[1] via SHM/direct/direct
kn038:3473850:3474306 [2] NCCL INFO Channel 01 : 6[2] -> 7[3] via SHM/direct/direct
kn038:3473848:3474307 [0] NCCL INFO Channel 03 : 4[0] -> 5[1] via SHM/direct/direct
kn014:3447809:3448280 [2] NCCL INFO Channel 00 : 2[2] -> 3[3] via SHM/direct/direct
kn014:3447808:3448279 [1] NCCL INFO Channel 02 : 1[1] -> 2[2] via SHM/direct/direct
kn038:3473850:3474306 [2] NCCL INFO Channel 02 : 6[2] -> 7[3] via SHM/direct/direct
kn038:3473849:3474308 [1] NCCL INFO Channel 00 : 5[1] -> 6[2] via SHM/direct/direct
kn014:3447809:3448280 [2] NCCL INFO Channel 01 : 2[2] -> 3[3] via SHM/direct/direct
kn014:3447807:3448281 [0] NCCL INFO Channel 01 : 0[0] -> 2[2] via SHM/direct/direct
kn038:3473849:3474308 [1] NCCL INFO Channel 02 : 5[1] -> 6[2] via SHM/direct/direct
kn038:3473850:3474306 [2] NCCL INFO Channel 03 : 6[2] -> 7[3] via SHM/direct/direct
kn014:3447809:3448280 [2] NCCL INFO Channel 02 : 2[2] -> 3[3] via SHM/direct/direct
kn014:3447807:3448281 [0] NCCL INFO Channel 03 : 0[0] -> 2[2] via SHM/direct/direct
kn014:3447809:3448280 [2] NCCL INFO Channel 03 : 2[2] -> 3[3] via SHM/direct/direct
kn038:3473848:3474307 [0] NCCL INFO Channel 01 : 4[0] -> 6[2] via SHM/direct/direct
kn038:3473848:3474307 [0] NCCL INFO Channel 03 : 4[0] -> 6[2] via SHM/direct/direct
kn038:3473850:3474306 [2] NCCL INFO Channel 01 : 6[2] -> 4[0] via SHM/direct/direct
kn038:3473848:3474307 [0] NCCL INFO Channel 00 : 4[0] -> 7[3] via SHM/direct/direct
kn038:3473850:3474306 [2] NCCL INFO Channel 03 : 6[2] -> 4[0] via SHM/direct/direct
kn038:3473848:3474307 [0] NCCL INFO Channel 02 : 4[0] -> 7[3] via SHM/direct/direct
kn014:3447809:3448280 [2] NCCL INFO Channel 01 : 2[2] -> 0[0] via SHM/direct/direct
kn014:3447807:3448281 [0] NCCL INFO Channel 00 : 0[0] -> 3[3] via SHM/direct/direct
kn014:3447809:3448280 [2] NCCL INFO Channel 03 : 2[2] -> 0[0] via SHM/direct/direct
kn014:3447807:3448281 [0] NCCL INFO Channel 02 : 0[0] -> 3[3] via SHM/direct/direct
kn038:3473851:3474309 [3] NCCL INFO Channel 00 : 7[3] -> 4[0] via SHM/direct/direct
kn038:3473851:3474309 [3] NCCL INFO Channel 02 : 7[3] -> 4[0] via SHM/direct/direct
kn014:3447810:3448282 [3] NCCL INFO Channel 00 : 3[3] -> 0[0] via SHM/direct/direct
kn014:3447810:3448282 [3] NCCL INFO Channel 02 : 3[3] -> 0[0] via SHM/direct/direct
kn038:3473851:3474309 [3] NCCL INFO Channel 00 : 7[3] -> 6[2] via SHM/direct/direct
kn038:3473849:3474308 [1] NCCL INFO Channel 00/0 : 1[1] -> 5[1] [receive] via NET/IB/0
kn038:3473849:3474310 [1] NCCL INFO [Proxy Progress] Device 1 CPU core 19
kn038:3473849:3474308 [1] NCCL INFO Channel 01/0 : 1[1] -> 5[1] [receive] via NET/IB/0
kn038:3473849:3474308 [1] NCCL INFO Channel 02/0 : 1[1] -> 5[1] [receive] via NET/IB/0
kn038:3473849:3474308 [1] NCCL INFO Channel 03/0 : 1[1] -> 5[1] [receive] via NET/IB/0
kn038:3473849:3474308 [1] NCCL INFO Channel 00/0 : 5[1] -> 1[1] [send] via NET/IB/0
kn038:3473849:3474308 [1] NCCL INFO Channel 01/0 : 5[1] -> 1[1] [send] via NET/IB/0
kn038:3473849:3474308 [1] NCCL INFO Channel 02/0 : 5[1] -> 1[1] [send] via NET/IB/0
kn038:3473849:3474308 [1] NCCL INFO Channel 03/0 : 5[1] -> 1[1] [send] via NET/IB/0
kn014:3447810:3448282 [3] NCCL INFO Channel 00 : 3[3] -> 2[2] via SHM/direct/direct
kn038:3473851:3474309 [3] NCCL INFO Channel 01 : 7[3] -> 6[2] via SHM/direct/direct
kn014:3447810:3448282 [3] NCCL INFO Channel 01 : 3[3] -> 2[2] via SHM/direct/direct
kn014:3447808:3448279 [1] NCCL INFO Channel 00/0 : 5[1] -> 1[1] [receive] via NET/IB/0
kn014:3447808:3448283 [1] NCCL INFO [Proxy Progress] Device 1 CPU core 25
kn014:3447808:3448279 [1] NCCL INFO Channel 01/0 : 5[1] -> 1[1] [receive] via NET/IB/0
kn014:3447808:3448279 [1] NCCL INFO Channel 02/0 : 5[1] -> 1[1] [receive] via NET/IB/0
kn014:3447808:3448279 [1] NCCL INFO Channel 03/0 : 5[1] -> 1[1] [receive] via NET/IB/0
kn014:3447808:3448279 [1] NCCL INFO Channel 00/0 : 1[1] -> 5[1] [send] via NET/IB/0
kn014:3447808:3448279 [1] NCCL INFO Channel 01/0 : 1[1] -> 5[1] [send] via NET/IB/0
kn014:3447808:3448279 [1] NCCL INFO Channel 02/0 : 1[1] -> 5[1] [send] via NET/IB/0
kn014:3447808:3448279 [1] NCCL INFO Channel 03/0 : 1[1] -> 5[1] [send] via NET/IB/0
kn038:3473851:3474309 [3] NCCL INFO Channel 02 : 7[3] -> 6[2] via SHM/direct/direct
kn038:3473851:3474309 [3] NCCL INFO Channel 03 : 7[3] -> 6[2] via SHM/direct/direct
kn038:3473849:3474308 [1] NCCL INFO Channel 01 : 5[1] -> 4[0] via SHM/direct/direct
kn038:3473849:3474308 [1] NCCL INFO Channel 03 : 5[1] -> 4[0] via SHM/direct/direct
kn038:3473850:3474306 [2] NCCL INFO Channel 00 : 6[2] -> 5[1] via SHM/direct/direct
kn038:3473850:3474306 [2] NCCL INFO Channel 02 : 6[2] -> 5[1] via SHM/direct/direct
kn014:3447810:3448282 [3] NCCL INFO Channel 02 : 3[3] -> 2[2] via SHM/direct/direct
kn014:3447810:3448282 [3] NCCL INFO Channel 03 : 3[3] -> 2[2] via SHM/direct/direct
kn014:3447808:3448279 [1] NCCL INFO Channel 01 : 1[1] -> 0[0] via SHM/direct/direct
kn014:3447808:3448279 [1] NCCL INFO Channel 03 : 1[1] -> 0[0] via SHM/direct/direct
kn014:3447809:3448280 [2] NCCL INFO Channel 00 : 2[2] -> 1[1] via SHM/direct/direct
kn014:3447809:3448280 [2] NCCL INFO Channel 02 : 2[2] -> 1[1] via SHM/direct/direct
kn038:3473851:3474309 [3] NCCL INFO Connected all trees
kn038:3473848:3474307 [0] NCCL INFO Connected all trees
kn038:3473849:3474308 [1] NCCL INFO Connected all trees
kn038:3473850:3474306 [2] NCCL INFO Connected all trees
kn014:3447807:3448281 [0] NCCL INFO Connected all trees
kn014:3447808:3448279 [1] NCCL INFO Connected all trees
kn014:3447810:3448282 [3] NCCL INFO Connected all trees
kn014:3447809:3448280 [2] NCCL INFO Connected all trees
[rank6]: Traceback (most recent call last):
[rank6]:   File "/project/6110552/indrisch/LLaMA-Factory/src/llamafactory/launcher.py", line 184, in <module>
[rank6]:     run_exp()
[rank6]:   File "/project/6110552/indrisch/LLaMA-Factory/src/llamafactory/train/tuner.py", line 122, in run_exp
[rank6]:     _training_function(config={"args": args, "callbacks": callbacks})
[rank6]:   File "/project/6110552/indrisch/LLaMA-Factory/src/llamafactory/train/tuner.py", line 84, in _training_function
[rank6]:     run_sft(model_args, data_args, training_args, finetuning_args, generating_args, callbacks)
[rank6]:   File "/project/6110552/indrisch/LLaMA-Factory/src/llamafactory/train/sft/workflow.py", line 52, in run_sft
[rank6]:     dataset_module = get_dataset(template, model_args, data_args, training_args, stage="sft", **tokenizer_module)
[rank6]:                      ^^^^^^^^^^^^^^^^^^^^^^^^^^^^^^^^^^^^^^^^^^^^^^^^^^^^^^^^^^^^^^^^^^^^^^^^^^^^^^^^^^^^^^^^^^^^
[rank6]:   File "/project/6110552/indrisch/LLaMA-Factory/src/llamafactory/data/loader.py", line 319, in get_dataset
[rank6]:     dataset = _get_merged_dataset(data_args.dataset, model_args, data_args, training_args, stage)
[rank6]:               ^^^^^^^^^^^^^^^^^^^^^^^^^^^^^^^^^^^^^^^^^^^^^^^^^^^^^^^^^^^^^^^^^^^^^^^^^^^^^^^^^^^
[rank6]:   File "/project/6110552/indrisch/LLaMA-Factory/src/llamafactory/data/loader.py", line 183, in _get_merged_dataset
[rank6]:     datasets[dataset_name] = _load_single_dataset(dataset_attr, model_args, data_args, training_args)
[rank6]:                              ^^^^^^^^^^^^^^^^^^^^^^^^^^^^^^^^^^^^^^^^^^^^^^^^^^^^^^^^^^^^^^^^^^^^^^^^
[rank6]:   File "/project/6110552/indrisch/LLaMA-Factory/src/llamafactory/data/loader.py", line 85, in _load_single_dataset
[rank6]:     data_path = FILEEXT2TYPE.get(os.path.splitext(data_files[0])[-1][1:], None)
[rank6]:                                                   ~~~~~~~~~~^^^
[rank6]: IndexError: list index out of range
[rank1]: Traceback (most recent call last):
[rank1]:   File "/project/6110552/indrisch/LLaMA-Factory/src/llamafactory/launcher.py", line 184, in <module>
[rank1]:     run_exp()
[rank1]:   File "/project/6110552/indrisch/LLaMA-Factory/src/llamafactory/train/tuner.py", line 122, in run_exp
[rank1]:     _training_function(config={"args": args, "callbacks": callbacks})
[rank1]:   File "/project/6110552/indrisch/LLaMA-Factory/src/llamafactory/train/tuner.py", line 84, in _training_function
[rank1]:     run_sft(model_args, data_args, training_args, finetuning_args, generating_args, callbacks)
[rank1]:   File "/project/6110552/indrisch/LLaMA-Factory/src/llamafactory/train/sft/workflow.py", line 52, in run_sft
[rank1]:     dataset_module = get_dataset(template, model_args, data_args, training_args, stage="sft", **tokenizer_module)
[rank1]:                      ^^^^^^^^^^^^^^^^^^^^^^^^^^^^^^^^^^^^^^^^^^^^^^^^^^^^^^^^^^^^^^^^^^^^^^^^^^^^^^^^^^^^^^^^^^^^
[rank1]:   File "/project/6110552/indrisch/LLaMA-Factory/src/llamafactory/data/loader.py", line 319, in get_dataset
[rank1]:     dataset = _get_merged_dataset(data_args.dataset, model_args, data_args, training_args, stage)
[rank1]:               ^^^^^^^^^^^^^^^^^^^^^^^^^^^^^^^^^^^^^^^^^^^^^^^^^^^^^^^^^^^^^^^^^^^^^^^^^^^^^^^^^^^
[rank1]:   File "/project/6110552/indrisch/LLaMA-Factory/src/llamafactory/data/loader.py", line 183, in _get_merged_dataset
[rank1]:     datasets[dataset_name] = _load_single_dataset(dataset_attr, model_args, data_args, training_args)
[rank1]:                              ^^^^^^^^^^^^^^^^^^^^^^^^^^^^^^^^^^^^^^^^^^^^^^^^^^^^^^^^^^^^^^^^^^^^^^^^
[rank1]:   File "/project/6110552/indrisch/LLaMA-Factory/src/llamafactory/data/loader.py", line 85, in _load_single_dataset
[rank1]:     data_path = FILEEXT2TYPE.get(os.path.splitext(data_files[0])[-1][1:], None)
[rank1]:                                                   ~~~~~~~~~~^^^
[rank1]: IndexError: list index out of range
[rank0]: Traceback (most recent call last):
[rank0]:   File "/project/6110552/indrisch/LLaMA-Factory/src/llamafactory/launcher.py", line 184, in <module>
[rank0]:     run_exp()
[rank0]:   File "/project/6110552/indrisch/LLaMA-Factory/src/llamafactory/train/tuner.py", line 122, in run_exp
[rank0]:     _training_function(config={"args": args, "callbacks": callbacks})
[rank0]:   File "/project/6110552/indrisch/LLaMA-Factory/src/llamafactory/train/tuner.py", line 84, in _training_function
[rank0]:     run_sft(model_args, data_args, training_args, finetuning_args, generating_args, callbacks)
[rank0]:   File "/project/6110552/indrisch/LLaMA-Factory/src/llamafactory/train/sft/workflow.py", line 52, in run_sft
[rank0]:     dataset_module = get_dataset(template, model_args, data_args, training_args, stage="sft", **tokenizer_module)
[rank0]:                      ^^^^^^^^^^^^^^^^^^^^^^^^^^^^^^^^^^^^^^^^^^^^^^^^^^^^^^^^^^^^^^^^^^^^^^^^^^^^^^^^^^^^^^^^^^^^
[rank5]: Traceback (most recent call last):
[rank5]:   File "/project/6110552/indrisch/LLaMA-Factory/src/llamafactory/launcher.py", line 184, in <module>
[rank5]:     run_exp()
[rank5]:   File "/project/6110552/indrisch/LLaMA-Factory/src/llamafactory/train/tuner.py", line 122, in run_exp
[rank5]:     _training_function(config={"args": args, "callbacks": callbacks})
[rank5]:   File "/project/6110552/indrisch/LLaMA-Factory/src/llamafactory/train/tuner.py", line 84, in _training_function
[rank5]:     run_sft(model_args, data_args, training_args, finetuning_args, generating_args, callbacks)
[rank5]:   File "/project/6110552/indrisch/LLaMA-Factory/src/llamafactory/train/sft/workflow.py", line 52, in run_sft
[rank5]:     dataset_module = get_dataset(template, model_args, data_args, training_args, stage="sft", **tokenizer_module)
[rank5]:                      ^^^^^^^^^^^^^^^^^^^^^^^^^^^^^^^^^^^^^^^^^^^^^^^^^^^^^^^^^^^^^^^^^^^^^^^^^^^^^^^^^^^^^^^^^^^^
[rank0]:   File "/project/6110552/indrisch/LLaMA-Factory/src/llamafactory/data/loader.py", line 319, in get_dataset
[rank0]:     dataset = _get_merged_dataset(data_args.dataset, model_args, data_args, training_args, stage)
[rank0]:               ^^^^^^^^^^^^^^^^^^^^^^^^^^^^^^^^^^^^^^^^^^^^^^^^^^^^^^^^^^^^^^^^^^^^^^^^^^^^^^^^^^^
[rank0]:   File "/project/6110552/indrisch/LLaMA-Factory/src/llamafactory/data/loader.py", line 183, in _get_merged_dataset
[rank0]:     datasets[dataset_name] = _load_single_dataset(dataset_attr, model_args, data_args, training_args)
[rank0]:                              ^^^^^^^^^^^^^^^^^^^^^^^^^^^^^^^^^^^^^^^^^^^^^^^^^^^^^^^^^^^^^^^^^^^^^^^^
[rank0]:   File "/project/6110552/indrisch/LLaMA-Factory/src/llamafactory/data/loader.py", line 85, in _load_single_dataset
[rank0]:     data_path = FILEEXT2TYPE.get(os.path.splitext(data_files[0])[-1][1:], None)
[rank0]:                                                   ~~~~~~~~~~^^^
[rank0]: IndexError: list index out of range
[rank5]:   File "/project/6110552/indrisch/LLaMA-Factory/src/llamafactory/data/loader.py", line 319, in get_dataset
[rank5]:     dataset = _get_merged_dataset(data_args.dataset, model_args, data_args, training_args, stage)
[rank5]:               ^^^^^^^^^^^^^^^^^^^^^^^^^^^^^^^^^^^^^^^^^^^^^^^^^^^^^^^^^^^^^^^^^^^^^^^^^^^^^^^^^^^
[rank5]:   File "/project/6110552/indrisch/LLaMA-Factory/src/llamafactory/data/loader.py", line 183, in _get_merged_dataset
[rank5]:     datasets[dataset_name] = _load_single_dataset(dataset_attr, model_args, data_args, training_args)
[rank5]:                              ^^^^^^^^^^^^^^^^^^^^^^^^^^^^^^^^^^^^^^^^^^^^^^^^^^^^^^^^^^^^^^^^^^^^^^^^
[rank5]:   File "/project/6110552/indrisch/LLaMA-Factory/src/llamafactory/data/loader.py", line 85, in _load_single_dataset
[rank5]:     data_path = FILEEXT2TYPE.get(os.path.splitext(data_files[0])[-1][1:], None)
[rank5]:                                                   ~~~~~~~~~~^^^
[rank5]: IndexError: list index out of range
[rank2]: Traceback (most recent call last):
[rank2]:   File "/project/6110552/indrisch/LLaMA-Factory/src/llamafactory/launcher.py", line 184, in <module>
[rank2]:     run_exp()
[rank2]:   File "/project/6110552/indrisch/LLaMA-Factory/src/llamafactory/train/tuner.py", line 122, in run_exp
[rank2]:     _training_function(config={"args": args, "callbacks": callbacks})
[rank2]:   File "/project/6110552/indrisch/LLaMA-Factory/src/llamafactory/train/tuner.py", line 84, in _training_function
[rank2]:     run_sft(model_args, data_args, training_args, finetuning_args, generating_args, callbacks)
[rank2]:   File "/project/6110552/indrisch/LLaMA-Factory/src/llamafactory/train/sft/workflow.py", line 52, in run_sft
[rank2]:     dataset_module = get_dataset(template, model_args, data_args, training_args, stage="sft", **tokenizer_module)
[rank2]:                      ^^^^^^^^^^^^^^^^^^^^^^^^^^^^^^^^^^^^^^^^^^^^^^^^^^^^^^^^^^^^^^^^^^^^^^^^^^^^^^^^^^^^^^^^^^^^
[rank4]: Traceback (most recent call last):
[rank4]:   File "/project/6110552/indrisch/LLaMA-Factory/src/llamafactory/launcher.py", line 184, in <module>
[rank4]:     run_exp()
[rank4]:   File "/project/6110552/indrisch/LLaMA-Factory/src/llamafactory/train/tuner.py", line 122, in run_exp
[rank4]:     _training_function(config={"args": args, "callbacks": callbacks})
[rank4]:   File "/project/6110552/indrisch/LLaMA-Factory/src/llamafactory/train/tuner.py", line 84, in _training_function
[rank4]:     run_sft(model_args, data_args, training_args, finetuning_args, generating_args, callbacks)
[rank4]:   File "/project/6110552/indrisch/LLaMA-Factory/src/llamafactory/train/sft/workflow.py", line 52, in run_sft
[rank4]:     dataset_module = get_dataset(template, model_args, data_args, training_args, stage="sft", **tokenizer_module)
[rank4]:                      ^^^^^^^^^^^^^^^^^^^^^^^^^^^^^^^^^^^^^^^^^^^^^^^^^^^^^^^^^^^^^^^^^^^^^^^^^^^^^^^^^^^^^^^^^^^^
[rank2]:   File "/project/6110552/indrisch/LLaMA-Factory/src/llamafactory/data/loader.py", line 319, in get_dataset
[rank2]:     dataset = _get_merged_dataset(data_args.dataset, model_args, data_args, training_args, stage)
[rank2]:               ^^^^^^^^^^^^^^^^^^^^^^^^^^^^^^^^^^^^^^^^^^^^^^^^^^^^^^^^^^^^^^^^^^^^^^^^^^^^^^^^^^^
[rank2]:   File "/project/6110552/indrisch/LLaMA-Factory/src/llamafactory/data/loader.py", line 183, in _get_merged_dataset
[rank2]:     datasets[dataset_name] = _load_single_dataset(dataset_attr, model_args, data_args, training_args)
[rank2]:                              ^^^^^^^^^^^^^^^^^^^^^^^^^^^^^^^^^^^^^^^^^^^^^^^^^^^^^^^^^^^^^^^^^^^^^^^^
[rank2]:   File "/project/6110552/indrisch/LLaMA-Factory/src/llamafactory/data/loader.py", line 85, in _load_single_dataset
[rank2]:     data_path = FILEEXT2TYPE.get(os.path.splitext(data_files[0])[-1][1:], None)
[rank2]:                                                   ~~~~~~~~~~^^^
[rank2]: IndexError: list index out of range
[rank4]:   File "/project/6110552/indrisch/LLaMA-Factory/src/llamafactory/data/loader.py", line 319, in get_dataset
[rank4]:     dataset = _get_merged_dataset(data_args.dataset, model_args, data_args, training_args, stage)
[rank4]:               ^^^^^^^^^^^^^^^^^^^^^^^^^^^^^^^^^^^^^^^^^^^^^^^^^^^^^^^^^^^^^^^^^^^^^^^^^^^^^^^^^^^
[rank4]:   File "/project/6110552/indrisch/LLaMA-Factory/src/llamafactory/data/loader.py", line 183, in _get_merged_dataset
[rank4]:     datasets[dataset_name] = _load_single_dataset(dataset_attr, model_args, data_args, training_args)
[rank4]:                              ^^^^^^^^^^^^^^^^^^^^^^^^^^^^^^^^^^^^^^^^^^^^^^^^^^^^^^^^^^^^^^^^^^^^^^^^
[rank4]:   File "/project/6110552/indrisch/LLaMA-Factory/src/llamafactory/data/loader.py", line 85, in _load_single_dataset
[rank4]:     data_path = FILEEXT2TYPE.get(os.path.splitext(data_files[0])[-1][1:], None)
[rank4]:                                                   ~~~~~~~~~~^^^
[rank4]: IndexError: list index out of range
[rank7]: Traceback (most recent call last):
[rank7]:   File "/project/6110552/indrisch/LLaMA-Factory/src/llamafactory/launcher.py", line 184, in <module>
[rank7]:     run_exp()
[rank7]:   File "/project/6110552/indrisch/LLaMA-Factory/src/llamafactory/train/tuner.py", line 122, in run_exp
[rank7]:     _training_function(config={"args": args, "callbacks": callbacks})
[rank7]:   File "/project/6110552/indrisch/LLaMA-Factory/src/llamafactory/train/tuner.py", line 84, in _training_function
[rank7]:     run_sft(model_args, data_args, training_args, finetuning_args, generating_args, callbacks)
[rank7]:   File "/project/6110552/indrisch/LLaMA-Factory/src/llamafactory/train/sft/workflow.py", line 52, in run_sft
[rank7]:     dataset_module = get_dataset(template, model_args, data_args, training_args, stage="sft", **tokenizer_module)
[rank7]:                      ^^^^^^^^^^^^^^^^^^^^^^^^^^^^^^^^^^^^^^^^^^^^^^^^^^^^^^^^^^^^^^^^^^^^^^^^^^^^^^^^^^^^^^^^^^^^
[rank7]:   File "/project/6110552/indrisch/LLaMA-Factory/src/llamafactory/data/loader.py", line 319, in get_dataset
[rank7]:     dataset = _get_merged_dataset(data_args.dataset, model_args, data_args, training_args, stage)
[rank7]:               ^^^^^^^^^^^^^^^^^^^^^^^^^^^^^^^^^^^^^^^^^^^^^^^^^^^^^^^^^^^^^^^^^^^^^^^^^^^^^^^^^^^
[rank7]:   File "/project/6110552/indrisch/LLaMA-Factory/src/llamafactory/data/loader.py", line 183, in _get_merged_dataset
[rank7]:     datasets[dataset_name] = _load_single_dataset(dataset_attr, model_args, data_args, training_args)
[rank7]:                              ^^^^^^^^^^^^^^^^^^^^^^^^^^^^^^^^^^^^^^^^^^^^^^^^^^^^^^^^^^^^^^^^^^^^^^^^
[rank7]:   File "/project/6110552/indrisch/LLaMA-Factory/src/llamafactory/data/loader.py", line 85, in _load_single_dataset
[rank7]:     data_path = FILEEXT2TYPE.get(os.path.splitext(data_files[0])[-1][1:], None)
[rank7]:                                                   ~~~~~~~~~~^^^
[rank7]: IndexError: list index out of range
[rank3]: Traceback (most recent call last):
[rank3]:   File "/project/6110552/indrisch/LLaMA-Factory/src/llamafactory/launcher.py", line 184, in <module>
[rank3]:     run_exp()
[rank3]:   File "/project/6110552/indrisch/LLaMA-Factory/src/llamafactory/train/tuner.py", line 122, in run_exp
[rank3]:     _training_function(config={"args": args, "callbacks": callbacks})
[rank3]:   File "/project/6110552/indrisch/LLaMA-Factory/src/llamafactory/train/tuner.py", line 84, in _training_function
[rank3]:     run_sft(model_args, data_args, training_args, finetuning_args, generating_args, callbacks)
[rank3]:   File "/project/6110552/indrisch/LLaMA-Factory/src/llamafactory/train/sft/workflow.py", line 52, in run_sft
[rank3]:     dataset_module = get_dataset(template, model_args, data_args, training_args, stage="sft", **tokenizer_module)
[rank3]:                      ^^^^^^^^^^^^^^^^^^^^^^^^^^^^^^^^^^^^^^^^^^^^^^^^^^^^^^^^^^^^^^^^^^^^^^^^^^^^^^^^^^^^^^^^^^^^
[rank3]:   File "/project/6110552/indrisch/LLaMA-Factory/src/llamafactory/data/loader.py", line 319, in get_dataset
[rank3]:     dataset = _get_merged_dataset(data_args.dataset, model_args, data_args, training_args, stage)
[rank3]:               ^^^^^^^^^^^^^^^^^^^^^^^^^^^^^^^^^^^^^^^^^^^^^^^^^^^^^^^^^^^^^^^^^^^^^^^^^^^^^^^^^^^
[rank3]:   File "/project/6110552/indrisch/LLaMA-Factory/src/llamafactory/data/loader.py", line 183, in _get_merged_dataset
[rank3]:     datasets[dataset_name] = _load_single_dataset(dataset_attr, model_args, data_args, training_args)
[rank3]:                              ^^^^^^^^^^^^^^^^^^^^^^^^^^^^^^^^^^^^^^^^^^^^^^^^^^^^^^^^^^^^^^^^^^^^^^^^
[rank3]:   File "/project/6110552/indrisch/LLaMA-Factory/src/llamafactory/data/loader.py", line 85, in _load_single_dataset
[rank3]:     data_path = FILEEXT2TYPE.get(os.path.splitext(data_files[0])[-1][1:], None)
[rank3]:                                                   ~~~~~~~~~~^^^
[rank3]: IndexError: list index out of range
kn038:3473850:3474328 [2] NCCL INFO misc/socket.cc:64 -> 3
kn038:3473850:3474328 [2] NCCL INFO misc/socket.cc:81 -> 3
kn038:3473850:3474328 [2] NCCL INFO misc/socket.cc:864 -> 3
kn038:3473850:3474328 [2] NCCL INFO misc/socket.cc:64 -> 3
kn038:3473850:3474328 [2] NCCL INFO misc/socket.cc:81 -> 3
kn038:3473850:3474328 [2] NCCL INFO misc/socket.cc:864 -> 3
kn038:3473850:3474328 [2] NCCL INFO misc/socket.cc:64 -> 3
kn038:3473850:3474328 [2] NCCL INFO misc/socket.cc:81 -> 3
kn038:3473850:3474328 [2] NCCL INFO misc/socket.cc:864 -> 3
kn038:3473850:3474299 [2] NCCL INFO misc/socket.cc:916 -> 3
kn038:3473850:3474328 [2] NCCL INFO misc/socket.cc:64 -> 3
kn038:3473850:3474328 [2] NCCL INFO misc/socket.cc:81 -> 3
kn038:3473850:3474328 [2] NCCL INFO misc/socket.cc:864 -> 3
[rank4]:[W605 22:06:34.154594068 ProcessGroupNCCL.cpp:1524] Warning: WARNING: destroy_process_group() was not called before program exit, which can leak resources. For more info, please see https://pytorch.org/docs/stable/distributed.html#shutdown (function operator())
kn038:3473848:3474330 [0] NCCL INFO misc/socket.cc:64 -> 3
kn038:3473848:3474330 [0] NCCL INFO misc/socket.cc:81 -> 3
kn038:3473848:3474330 [0] NCCL INFO misc/socket.cc:864 -> 3
kn038:3473848:3474298 [0] NCCL INFO misc/socket.cc:916 -> 3
kn038:3473848:3474330 [0] NCCL INFO misc/socket.cc:64 -> 3
kn038:3473848:3474330 [0] NCCL INFO misc/socket.cc:81 -> 3
kn038:3473848:3474330 [0] NCCL INFO misc/socket.cc:864 -> 3
kn038:3473848:3474330 [0] NCCL INFO misc/socket.cc:64 -> 3
kn038:3473848:3474330 [0] NCCL INFO misc/socket.cc:81 -> 3
kn038:3473848:3474330 [0] NCCL INFO misc/socket.cc:864 -> 3
kn038:3473850:3474299 [2] NCCL INFO misc/socket.cc:916 -> 3
kn038:3473848:3474330 [0] NCCL INFO misc/socket.cc:64 -> 3
kn038:3473848:3474330 [0] NCCL INFO misc/socket.cc:81 -> 3
kn038:3473848:3474330 [0] NCCL INFO misc/socket.cc:864 -> 3
kn014:3447808:3448304 [1] NCCL INFO misc/socket.cc:64 -> 3
kn014:3447808:3448304 [1] NCCL INFO misc/socket.cc:81 -> 3
kn014:3447808:3448304 [1] NCCL INFO misc/socket.cc:864 -> 3
kn014:3447808:3448304 [1] NCCL INFO misc/socket.cc:64 -> 3
kn014:3447808:3448304 [1] NCCL INFO misc/socket.cc:81 -> 3
kn014:3447808:3448304 [1] NCCL INFO misc/socket.cc:864 -> 3
kn014:3447808:3448273 [1] NCCL INFO misc/socket.cc:916 -> 3
kn014:3447808:3448304 [1] NCCL INFO misc/socket.cc:64 -> 3
kn014:3447808:3448304 [1] NCCL INFO misc/socket.cc:81 -> 3
kn014:3447808:3448304 [1] NCCL INFO misc/socket.cc:864 -> 3
kn038:3473851:3474332 [3] NCCL INFO misc/socket.cc:64 -> 3
kn038:3473851:3474332 [3] NCCL INFO misc/socket.cc:81 -> 3
kn038:3473851:3474332 [3] NCCL INFO misc/socket.cc:864 -> 3
kn038:3473848:3474298 [0] NCCL INFO misc/socket.cc:916 -> 3
kn038:3473851:3474332 [3] NCCL INFO misc/socket.cc:64 -> 3
kn038:3473851:3474332 [3] NCCL INFO misc/socket.cc:81 -> 3
kn038:3473851:3474332 [3] NCCL INFO misc/socket.cc:864 -> 3
kn038:3473851:3474332 [3] NCCL INFO misc/socket.cc:64 -> 3
kn038:3473851:3474332 [3] NCCL INFO misc/socket.cc:81 -> 3
kn038:3473851:3474332 [3] NCCL INFO misc/socket.cc:864 -> 3
kn038:3473851:3474301 [3] NCCL INFO misc/socket.cc:916 -> 3
[rank0]:[W605 22:06:34.850829729 ProcessGroupNCCL.cpp:1524] Warning: WARNING: destroy_process_group() was not called before program exit, which can leak resources. For more info, please see https://pytorch.org/docs/stable/distributed.html#shutdown (function operator())
kn014:3447807:3448306 [0] NCCL INFO misc/socket.cc:64 -> 3
kn014:3447807:3448306 [0] NCCL INFO misc/socket.cc:81 -> 3
kn014:3447807:3448306 [0] NCCL INFO misc/socket.cc:864 -> 3
kn014:3447807:3448272 [0] NCCL INFO misc/socket.cc:916 -> 3
kn014:3447807:3448306 [0] NCCL INFO misc/socket.cc:64 -> 3
kn014:3447807:3448306 [0] NCCL INFO misc/socket.cc:81 -> 3
kn014:3447807:3448306 [0] NCCL INFO misc/socket.cc:864 -> 3
kn014:3447808:3448273 [1] NCCL INFO misc/socket.cc:916 -> 3
kn014:3447807:3448306 [0] NCCL INFO misc/socket.cc:64 -> 3
kn014:3447807:3448306 [0] NCCL INFO misc/socket.cc:81 -> 3
kn014:3447807:3448306 [0] NCCL INFO misc/socket.cc:864 -> 3
kn014:3447807:3448306 [0] NCCL INFO misc/socket.cc:64 -> 3
kn014:3447807:3448306 [0] NCCL INFO misc/socket.cc:81 -> 3
kn014:3447807:3448306 [0] NCCL INFO misc/socket.cc:864 -> 3
kn038:3473849:3474334 [1] NCCL INFO misc/socket.cc:64 -> 3
kn038:3473849:3474334 [1] NCCL INFO misc/socket.cc:81 -> 3
kn038:3473849:3474334 [1] NCCL INFO misc/socket.cc:864 -> 3
kn038:3473849:3474334 [1] NCCL INFO misc/socket.cc:64 -> 3
kn038:3473849:3474334 [1] NCCL INFO misc/socket.cc:81 -> 3
kn038:3473849:3474334 [1] NCCL INFO misc/socket.cc:864 -> 3
kn038:3473849:3474300 [1] NCCL INFO misc/socket.cc:916 -> 3
kn038:3473849:3474334 [1] NCCL INFO misc/socket.cc:64 -> 3
kn038:3473849:3474334 [1] NCCL INFO misc/socket.cc:81 -> 3
kn038:3473849:3474334 [1] NCCL INFO misc/socket.cc:864 -> 3
kn014:3447807:3448272 [0] NCCL INFO misc/socket.cc:916 -> 3
kn014:3447809:3448308 [2] NCCL INFO misc/socket.cc:64 -> 3
kn014:3447809:3448308 [2] NCCL INFO misc/socket.cc:81 -> 3
kn014:3447809:3448308 [2] NCCL INFO misc/socket.cc:864 -> 3
kn014:3447809:3448308 [2] NCCL INFO misc/socket.cc:64 -> 3
kn014:3447809:3448308 [2] NCCL INFO misc/socket.cc:81 -> 3
kn014:3447809:3448308 [2] NCCL INFO misc/socket.cc:864 -> 3
kn014:3447809:3448308 [2] NCCL INFO misc/socket.cc:64 -> 3
kn014:3447809:3448308 [2] NCCL INFO misc/socket.cc:81 -> 3
kn014:3447809:3448308 [2] NCCL INFO misc/socket.cc:864 -> 3
kn014:3447809:3448274 [2] NCCL INFO misc/socket.cc:916 -> 3
kn014:3447809:3448308 [2] NCCL INFO misc/socket.cc:64 -> 3
kn014:3447809:3448308 [2] NCCL INFO misc/socket.cc:81 -> 3
kn014:3447809:3448308 [2] NCCL INFO misc/socket.cc:864 -> 3
kn014:3447810:3448310 [3] NCCL INFO misc/socket.cc:64 -> 3
kn014:3447810:3448310 [3] NCCL INFO misc/socket.cc:81 -> 3
kn014:3447810:3448310 [3] NCCL INFO misc/socket.cc:864 -> 3
kn014:3447810:3448310 [3] NCCL INFO misc/socket.cc:64 -> 3
kn014:3447810:3448310 [3] NCCL INFO misc/socket.cc:81 -> 3
kn014:3447810:3448310 [3] NCCL INFO misc/socket.cc:864 -> 3
kn014:3447809:3448274 [2] NCCL INFO misc/socket.cc:916 -> 3
kn014:3447810:3448310 [3] NCCL INFO misc/socket.cc:64 -> 3
kn014:3447810:3448310 [3] NCCL INFO misc/socket.cc:81 -> 3
kn014:3447810:3448310 [3] NCCL INFO misc/socket.cc:864 -> 3
kn014:3447810:3448271 [3] NCCL INFO misc/socket.cc:916 -> 3
kn038:3473848:3474330 [0] NCCL INFO comm 0x11311d20 rank 4 nranks 8 cudaDev 0 busId 17000 - Abort COMPLETE
kn038:3473850:3474328 [2] NCCL INFO comm 0x15537400 rank 6 nranks 8 cudaDev 2 busId ca000 - Abort COMPLETE
kn014:3447807:3448306 [0] NCCL INFO comm 0x155233b0 rank 0 nranks 8 cudaDev 0 busId 17000 - Abort COMPLETE
kn014:3447808:3448304 [1] NCCL INFO comm 0x1717b420 rank 1 nranks 8 cudaDev 1 busId 65000 - Abort COMPLETE
kn014:3447809:3448308 [2] NCCL INFO comm 0x15354810 rank 2 nranks 8 cudaDev 2 busId ca000 - Abort COMPLETE
kn038:3473851:3474332 [3] NCCL INFO comm 0x15356420 rank 7 nranks 8 cudaDev 3 busId e3000 - Abort COMPLETE
kn014:3447810:3448310 [3] NCCL INFO comm 0x1542cb00 rank 3 nranks 8 cudaDev 3 busId e3000 - Abort COMPLETE
kn038:3473849:3474334 [1] NCCL INFO comm 0x10278370 rank 5 nranks 8 cudaDev 1 busId 65000 - Abort COMPLETE
[rank4]:[W605 22:06:34.848045513 AllocatorConfig.cpp:28] Warning: PYTORCH_CUDA_ALLOC_CONF is deprecated, use PYTORCH_ALLOC_CONF instead (function operator())
[rank1]:[W605 22:06:34.540320134 AllocatorConfig.cpp:28] Warning: PYTORCH_CUDA_ALLOC_CONF is deprecated, use PYTORCH_ALLOC_CONF instead (function operator())
[rank6]:[W605 22:06:34.923550221 AllocatorConfig.cpp:28] Warning: PYTORCH_CUDA_ALLOC_CONF is deprecated, use PYTORCH_ALLOC_CONF instead (function operator())
[rank2]:[W605 22:06:34.590382972 AllocatorConfig.cpp:28] Warning: PYTORCH_CUDA_ALLOC_CONF is deprecated, use PYTORCH_ALLOC_CONF instead (function operator())
[rank0]:[W605 22:06:34.593820052 AllocatorConfig.cpp:28] Warning: PYTORCH_CUDA_ALLOC_CONF is deprecated, use PYTORCH_ALLOC_CONF instead (function operator())
W0605 22:06:35.157000 3473846 torch/distributed/elastic/multiprocessing/api.py:908] Sending process 3473848 closing signal SIGTERM
W0605 22:06:35.162000 3447804 torch/distributed/elastic/multiprocessing/api.py:908] Sending process 3447807 closing signal SIGTERM
W0605 22:06:35.160000 3473846 torch/distributed/elastic/multiprocessing/api.py:908] Sending process 3473849 closing signal SIGTERM
W0605 22:06:35.165000 3447804 torch/distributed/elastic/multiprocessing/api.py:908] Sending process 3447809 closing signal SIGTERM
W0605 22:06:35.163000 3473846 torch/distributed/elastic/multiprocessing/api.py:908] Sending process 3473851 closing signal SIGTERM
W0605 22:06:35.168000 3447804 torch/distributed/elastic/multiprocessing/api.py:908] Sending process 3447810 closing signal SIGTERM
E0605 22:06:35.349000 3447804 torch/distributed/elastic/multiprocessing/api.py:882] failed (exitcode: 1) local_rank: 1 (pid: 3447808) of binary: /tmp/venv_llamafactory_cu126_qwen35/bin/python3
Traceback (most recent call last):
  File "/tmp/venv_llamafactory_cu126_qwen35/bin/torchrun", line 6, in <module>
    sys.exit(main())
             ^^^^^^
  File "/tmp/venv_llamafactory_cu126_qwen35/lib/python3.12/site-packages/torch/distributed/elastic/multiprocessing/errors/__init__.py", line 357, in wrapper
    return f(*args, **kwargs)
           ^^^^^^^^^^^^^^^^^^
  File "/tmp/venv_llamafactory_cu126_qwen35/lib/python3.12/site-packages/torch/distributed/run.py", line 936, in main
    run(args)
  File "/tmp/venv_llamafactory_cu126_qwen35/lib/python3.12/site-packages/torch/distributed/run.py", line 927, in run
    elastic_launch(
  File "/tmp/venv_llamafactory_cu126_qwen35/lib/python3.12/site-packages/torch/distributed/launcher/api.py", line 156, in __call__
    return launch_agent(self._config, self._entrypoint, list(args))
           ^^^^^^^^^^^^^^^^^^^^^^^^^^^^^^^^^^^^^^^^^^^^^^^^^^^^^^^^
  File "/tmp/venv_llamafactory_cu126_qwen35/lib/python3.12/site-packages/torch/distributed/launcher/api.py", line 293, in launch_agent
    raise ChildFailedError(
torch.distributed.elastic.multiprocessing.errors.ChildFailedError: 
============================================================
/project/6110552/indrisch/LLaMA-Factory/src/llamafactory/launcher.py FAILED
------------------------------------------------------------
Failures:
  <NO_OTHER_FAILURES>
------------------------------------------------------------
Root Cause (first observed failure):
[0]:
  time      : 2026-06-05_22:06:35
  host      : kn014.paice.vectorinstitute.ai
  rank      : 1 (local_rank: 1)
  exitcode  : 1 (pid: 3447808)
  error_file: <N/A>
  traceback : To enable traceback see: https://pytorch.org/docs/stable/elastic/errors.html
============================================================
E0605 22:06:35.432000 3473846 torch/distributed/elastic/multiprocessing/api.py:882] failed (exitcode: 1) local_rank: 2 (pid: 3473850) of binary: /tmp/venv_llamafactory_cu126_qwen35/bin/python3
Traceback (most recent call last):
  File "/tmp/venv_llamafactory_cu126_qwen35/bin/torchrun", line 6, in <module>
    sys.exit(main())
             ^^^^^^
  File "/tmp/venv_llamafactory_cu126_qwen35/lib/python3.12/site-packages/torch/distributed/elastic/multiprocessing/errors/__init__.py", line 357, in wrapper
    return f(*args, **kwargs)
           ^^^^^^^^^^^^^^^^^^
  File "/tmp/venv_llamafactory_cu126_qwen35/lib/python3.12/site-packages/torch/distributed/run.py", line 936, in main
    run(args)
  File "/tmp/venv_llamafactory_cu126_qwen35/lib/python3.12/site-packages/torch/distributed/run.py", line 927, in run
    elastic_launch(
  File "/tmp/venv_llamafactory_cu126_qwen35/lib/python3.12/site-packages/torch/distributed/launcher/api.py", line 156, in __call__
    return launch_agent(self._config, self._entrypoint, list(args))
           ^^^^^^^^^^^^^^^^^^^^^^^^^^^^^^^^^^^^^^^^^^^^^^^^^^^^^^^^
  File "/tmp/venv_llamafactory_cu126_qwen35/lib/python3.12/site-packages/torch/distributed/launcher/api.py", line 293, in launch_agent
    raise ChildFailedError(
torch.distributed.elastic.multiprocessing.errors.ChildFailedError: 
============================================================
/project/6110552/indrisch/LLaMA-Factory/src/llamafactory/launcher.py FAILED
------------------------------------------------------------
Failures:
  <NO_OTHER_FAILURES>
------------------------------------------------------------
Root Cause (first observed failure):
[0]:
  time      : 2026-06-05_22:06:35
  host      : kn038.paice.vectorinstitute.ai
  rank      : 6 (local_rank: 2)
  exitcode  : 1 (pid: 3473850)
  error_file: <N/A>
  traceback : To enable traceback see: https://pytorch.org/docs/stable/elastic/errors.html
============================================================
[W605 22:06:35.277953173 AllocatorConfig.cpp:28] Warning: PYTORCH_CUDA_ALLOC_CONF is deprecated, use PYTORCH_ALLOC_CONF instead (function operator())
[W605 22:06:35.721245454 AllocatorConfig.cpp:28] Warning: PYTORCH_CUDA_ALLOC_CONF is deprecated, use PYTORCH_ALLOC_CONF instead (function operator())
Traceback (most recent call last):
  File "/tmp/venv_llamafactory_cu126_qwen35/bin/llamafactory-cli", line 6, in <module>
    sys.exit(main())
             ^^^^^^
  File "/project/6110552/indrisch/LLaMA-Factory/src/llamafactory/cli.py", line 24, in main
    launcher.launch()
  File "/project/6110552/indrisch/LLaMA-Factory/src/llamafactory/launcher.py", line 114, in launch
    process = subprocess.run(
              ^^^^^^^^^^^^^^^
  File "/cvmfs/soft.computecanada.ca/easybuild/software/2023/x86-64-v3/Compiler/gcccore/python/3.12.4/lib/python3.12/subprocess.py", line 571, in run
    raise CalledProcessError(retcode, process.args,
subprocess.CalledProcessError: Command '['torchrun', '--nnodes', '2', '--node_rank', '0', '--nproc_per_node', '4', '--master_addr', 'kn014', '--master_port', '29500', '/project/6110552/indrisch/LLaMA-Factory/src/llamafactory/launcher.py', '/project/aip-wangcs/indrisch//LLaMA-Factory/examples/train_lora/killarney_2nodes_qwen3_5_4b_lora_sft_Scene30k_traineval_5epochs_smallerframes_lorarank2.yaml']' returned non-zero exit status 1.
Traceback (most recent call last):
  File "/tmp/venv_llamafactory_cu126_qwen35/bin/llamafactory-cli", line 6, in <module>
    sys.exit(main())
             ^^^^^^
  File "/project/6110552/indrisch/LLaMA-Factory/src/llamafactory/cli.py", line 24, in main
    launcher.launch()
  File "/project/6110552/indrisch/LLaMA-Factory/src/llamafactory/launcher.py", line 114, in launch
    process = subprocess.run(
              ^^^^^^^^^^^^^^^
  File "/cvmfs/soft.computecanada.ca/easybuild/software/2023/x86-64-v3/Compiler/gcccore/python/3.12.4/lib/python3.12/subprocess.py", line 571, in run
    raise CalledProcessError(retcode, process.args,
subprocess.CalledProcessError: Command '['torchrun', '--nnodes', '2', '--node_rank', '1', '--nproc_per_node', '4', '--master_addr', 'kn014', '--master_port', '29500', '/project/6110552/indrisch/LLaMA-Factory/src/llamafactory/launcher.py', '/project/aip-wangcs/indrisch//LLaMA-Factory/examples/train_lora/killarney_2nodes_qwen3_5_4b_lora_sft_Scene30k_traineval_5epochs_smallerframes_lorarank2.yaml']' returned non-zero exit status 1.
[W605 22:06:36.927295789 AllocatorConfig.cpp:28] Warning: PYTORCH_CUDA_ALLOC_CONF is deprecated, use PYTORCH_ALLOC_CONF instead (function operator())
[W605 22:06:36.424812070 AllocatorConfig.cpp:28] Warning: PYTORCH_CUDA_ALLOC_CONF is deprecated, use PYTORCH_ALLOC_CONF instead (function operator())
srun: error: kn014: task 0: Exited with exit code 1
srun: Terminating StepId=3878638.0
srun: error: kn038: task 1: Terminated
srun: Force Terminated StepId=3878638.0
