dataset,step,n,n_unique_questions,canonical_format_count,canonical_format_fraction,usable_format_count,usable_format_fraction,has_complete_think_pair_count,has_complete_think_pair_fraction,has_complete_answer_pair_count,has_complete_answer_pair_fraction,has_both_tag_pairs_count,has_both_tag_pairs_fraction,think_is_empty_count,think_is_empty_fraction,answer_is_empty_count,answer_is_empty_fraction,malformed_tags_count,malformed_tags_fraction,prediction_empty_count,prediction_empty_fraction,extremely_short_reasoning_count,extremely_short_reasoning_fraction,extremely_long_reasoning_count,extremely_long_reasoning_fraction,empty_final_answer_count,empty_final_answer_fraction,length_explosion_count,length_explosion_fraction,length_collapse_count,length_collapse_fraction,very_high_token_repetition_count,very_high_token_repetition_fraction,very_high_ngram_repetition_count,very_high_ngram_repetition_fraction,exact_match_count,exact_match_fraction,case_insensitive_exact_match_count,case_insensitive_exact_match_fraction,normalized_exact_match_count,normalized_exact_match_fraction,annotation_found_count,annotation_found_fraction,answer_inside_think_count,answer_inside_think_fraction,think_after_answer_count,think_after_answer_fraction,text_after_answer_nonempty_count,text_after_answer_nonempty_fraction,same_as_previous_prediction_count,same_as_previous_prediction_fraction,tag_presence_score_n,tag_presence_score_mean,tag_presence_score_median,tag_presence_score_std,tag_presence_score_min,tag_presence_score_max,tag_presence_score_p25,tag_presence_score_p75,tag_pair_score_n,tag_pair_score_mean,tag_pair_score_median,tag_pair_score_std,tag_pair_score_min,tag_pair_score_max,tag_pair_score_p25,tag_pair_score_p75,token_count_n,token_count_mean,token_count_median,token_count_std,token_count_min,token_count_max,token_count_p25,token_count_p75,think_token_count_n,think_token_count_mean,think_token_count_median,think_token_count_std,think_token_count_min,think_token_count_max,think_token_count_p25,think_token_count_p75,answer_token_count_n,answer_token_count_mean,answer_token_count_median,answer_token_count_std,answer_token_count_min,answer_token_count_max,answer_token_count_p25,answer_token_count_p75,char_count_n,char_count_mean,char_count_median,char_count_std,char_count_min,char_count_max,char_count_p25,char_count_p75,word_count_n,word_count_mean,word_count_median,word_count_std,word_count_min,word_count_max,word_count_p25,word_count_p75,think_char_count_n,think_char_count_mean,think_char_count_median,think_char_count_std,think_char_count_min,think_char_count_max,think_char_count_p25,think_char_count_p75,answer_char_count_n,answer_char_count_mean,answer_char_count_median,answer_char_count_std,answer_char_count_min,answer_char_count_max,answer_char_count_p25,answer_char_count_p75,think_word_count_n,think_word_count_mean,think_word_count_median,think_word_count_std,think_word_count_min,think_word_count_max,think_word_count_p25,think_word_count_p75,answer_word_count_n,answer_word_count_mean,answer_word_count_median,answer_word_count_std,answer_word_count_min,answer_word_count_max,answer_word_count_p25,answer_word_count_p75,think_token_fraction_n,think_token_fraction_mean,think_token_fraction_median,think_token_fraction_std,think_token_fraction_min,think_token_fraction_max,think_token_fraction_p25,think_token_fraction_p75,answer_token_fraction_n,answer_token_fraction_mean,answer_token_fraction_median,answer_token_fraction_std,answer_token_fraction_min,answer_token_fraction_max,answer_token_fraction_p25,answer_token_fraction_p75,think_over_answer_tokens_n,think_over_answer_tokens_mean,think_over_answer_tokens_median,think_over_answer_tokens_std,think_over_answer_tokens_min,think_over_answer_tokens_max,think_over_answer_tokens_p25,think_over_answer_tokens_p75,adjacent_identical_fraction_n,adjacent_identical_fraction_mean,adjacent_identical_fraction_median,adjacent_identical_fraction_std,adjacent_identical_fraction_min,adjacent_identical_fraction_max,adjacent_identical_fraction_p25,adjacent_identical_fraction_p75,max_identical_token_run_n,max_identical_token_run_mean,max_identical_token_run_median,max_identical_token_run_std,max_identical_token_run_min,max_identical_token_run_max,max_identical_token_run_p25,max_identical_token_run_p75,ngram3_repeated_fraction_n,ngram3_repeated_fraction_mean,ngram3_repeated_fraction_median,ngram3_repeated_fraction_std,ngram3_repeated_fraction_min,ngram3_repeated_fraction_max,ngram3_repeated_fraction_p25,ngram3_repeated_fraction_p75,distinct_1_n,distinct_1_mean,distinct_1_median,distinct_1_std,distinct_1_min,distinct_1_max,distinct_1_p25,distinct_1_p75,distinct_2_n,distinct_2_mean,distinct_2_median,distinct_2_std,distinct_2_min,distinct_2_max,distinct_2_p25,distinct_2_p75,distinct_3_n,distinct_3_mean,distinct_3_median,distinct_3_std,distinct_3_min,distinct_3_max,distinct_3_p25,distinct_3_p75,distinct_4_n,distinct_4_mean,distinct_4_median,distinct_4_std,distinct_4_min,distinct_4_max,distinct_4_p25,distinct_4_p75,repetition_score_n,repetition_score_mean,repetition_score_median,repetition_score_std,repetition_score_min,repetition_score_max,repetition_score_p25,repetition_score_p75,think_repetition_score_n,think_repetition_score_mean,think_repetition_score_median,think_repetition_score_std,think_repetition_score_min,think_repetition_score_max,think_repetition_score_p25,think_repetition_score_p75,answer_repetition_score_n,answer_repetition_score_mean,answer_repetition_score_median,answer_repetition_score_std,answer_repetition_score_min,answer_repetition_score_max,answer_repetition_score_p25,answer_repetition_score_p75,compression_ratio_n,compression_ratio_mean,compression_ratio_median,compression_ratio_std,compression_ratio_min,compression_ratio_max,compression_ratio_p25,compression_ratio_p75,most_common_token_fraction_n,most_common_token_fraction_mean,most_common_token_fraction_median,most_common_token_fraction_std,most_common_token_fraction_min,most_common_token_fraction_max,most_common_token_fraction_p25,most_common_token_fraction_p75,think_type_token_ratio_n,think_type_token_ratio_mean,think_type_token_ratio_median,think_type_token_ratio_std,think_type_token_ratio_min,think_type_token_ratio_max,think_type_token_ratio_p25,think_type_token_ratio_p75,think_unique_token_count_n,think_unique_token_count_mean,think_unique_token_count_median,think_unique_token_count_std,think_unique_token_count_min,think_unique_token_count_max,think_unique_token_count_p25,think_unique_token_count_p75,token_f1_n,token_f1_mean,token_f1_median,token_f1_std,token_f1_min,token_f1_max,token_f1_p25,token_f1_p75,jaccard_n,jaccard_mean,jaccard_median,jaccard_std,jaccard_min,jaccard_max,jaccard_p25,jaccard_p75,normalized_levenshtein_n,normalized_levenshtein_mean,normalized_levenshtein_median,normalized_levenshtein_std,normalized_levenshtein_min,normalized_levenshtein_max,normalized_levenshtein_p25,normalized_levenshtein_p75,pred_minus_gt_think_tokens_n,pred_minus_gt_think_tokens_mean,pred_minus_gt_think_tokens_median,pred_minus_gt_think_tokens_std,pred_minus_gt_think_tokens_min,pred_minus_gt_think_tokens_max,pred_minus_gt_think_tokens_p25,pred_minus_gt_think_tokens_p75,pred_minus_gt_answer_tokens_n,pred_minus_gt_answer_tokens_mean,pred_minus_gt_answer_tokens_median,pred_minus_gt_answer_tokens_std,pred_minus_gt_answer_tokens_min,pred_minus_gt_answer_tokens_max,pred_minus_gt_answer_tokens_p25,pred_minus_gt_answer_tokens_p75,pred_over_gt_think_tokens_n,pred_over_gt_think_tokens_mean,pred_over_gt_think_tokens_median,pred_over_gt_think_tokens_std,pred_over_gt_think_tokens_min,pred_over_gt_think_tokens_max,pred_over_gt_think_tokens_p25,pred_over_gt_think_tokens_p75,pred_over_gt_answer_tokens_n,pred_over_gt_answer_tokens_mean,pred_over_gt_answer_tokens_median,pred_over_gt_answer_tokens_std,pred_over_gt_answer_tokens_min,pred_over_gt_answer_tokens_max,pred_over_gt_answer_tokens_p25,pred_over_gt_answer_tokens_p75
3DThinker10k,10,4,4,0.0,0.0,0.0,0.0,0.0,0.0,4.0,1.0,0.0,0.0,0.0,0.0,0.0,0.0,4.0,1.0,0.0,0.0,0.0,0.0,0.0,0.0,0.0,0.0,0.0,0.0,0.0,0.0,0.0,0.0,0.0,0.0,3.0,0.75,3.0,0.75,3.0,0.75,4.0,1.0,0.0,0.0,0.0,0.0,0.0,0.0,0.0,0.0,4.0,0.75,0.75,0.0,0.75,0.75,0.75,0.75,4.0,0.5,0.5,0.0,0.5,0.5,0.5,0.5,4.0,283.5,277.5,29.737742572921256,256.0,323.0,263.5,297.5,4.0,0.0,0.0,0.0,0.0,0.0,0.0,0.0,4.0,83.0,3.5,160.00624987793447,2.0,323.0,2.0,84.5,4.0,1583.75,1548.0,137.61873661194056,1472.0,1767.0,1481.0,1650.75,4.0,287.5,282.5,31.096623610932426,258.0,327.0,265.5,304.5,4.0,0.0,0.0,0.0,0.0,0.0,0.0,0.0,4.0,447.75,18.0,867.5737720793546,6.0,1749.0,6.0,459.75,4.0,0.0,0.0,0.0,0.0,0.0,0.0,0.0,4.0,83.5,3.5,161.00621106031903,2.0,325.0,2.0,85.0,4.0,0.0,0.0,0.0,0.0,0.0,0.0,0.0,4.0,0.25815808376369126,0.01255676903114187,0.4945821497427004,0.007518796992481203,1.0,0.007739074248120301,0.2629757785467128,4.0,0.0,0.0,0.0,0.0,0.0,0.0,0.0,4.0,0.020721696868520448,0.02097669256381798,0.013861472375068776,0.006211180124223602,0.034722222222222224,0.010376324442820606,0.03132206498951782,4.0,2.0,2.0,0.0,2.0,2.0,2.0,2.0,4.0,0.0207942972446947,0.017567406346933878,0.01707173544098061,0.006230529595015577,0.04181184668989546,0.007239450580572071,0.031122253011056505,4.0,0.5036726849698858,0.5048651039363113,0.046135268905487824,0.4463667820069204,0.55859375,0.4854307047896558,0.5231070841165413,4.0,0.8754079019152096,0.8868286445012787,0.031042828583163054,0.8298611111111112,0.8981132075471698,0.8692299836601307,0.8930065627563577,4.0,0.9792057027553053,0.9824325936530661,0.01707173544098061,0.9581881533101045,0.9937694704049844,0.9688777469889435,0.9927605494194279,4.0,0.9945272119185162,0.9960474308300395,0.006789554768194662,0.986013986013986,1.0,0.9905746427485558,1.0,4.0,0.13587747793378832,0.13018815492927766,0.013253831454451413,0.1275804638482136,0.15555313802838436,0.12820687865685074,0.13785875420621524,0.0,,,,,,,,4.0,-0.1309652533098712,-0.17142857142857146,0.21651087185499168,-0.3095238095238096,0.1285199391414677,-0.3095238095238096,0.007129984785366937,4.0,0.4550216655956703,0.45883901018523177,0.019096196788564158,0.4305210918114144,0.4718875502008032,0.4446421575029385,0.46921851827796357,4.0,0.12354843132105783,0.12605042016806722,0.027834990987607167,0.08984375,0.1522491349480969,0.10704740366541353,0.14255144782371154,0.0,,,,,,,,4.0,0.0,0.0,0.0,0.0,0.0,0.0,0.0,4.0,0.754601226993865,1.0,0.49079754601226994,0.01840490797546012,1.0,0.754601226993865,1.0,4.0,0.7549019607843137,1.0,0.49019607843137253,0.0196078431372549,1.0,0.7549019607843137,1.0,4.0,0.7526117237376668,1.0,0.4947765525246663,0.010446894950667418,1.0,0.7526117237376668,1.0,4.0,-280.75,-274.5,30.93406967514405,-322.0,-252.0,-295.0,-260.25,4.0,80.0,0.0,160.0,0.0,320.0,0.0,80.0,4.0,0.0,0.0,0.0,0.0,0.0,0.0,0.0,4.0,27.666666666666668,1.0,53.333333333333336,1.0,107.66666666666667,1.0,27.666666666666668
3DThinker10k,20,2,2,0.0,0.0,0.0,0.0,0.0,0.0,2.0,1.0,0.0,0.0,0.0,0.0,0.0,0.0,2.0,1.0,0.0,0.0,0.0,0.0,0.0,0.0,0.0,0.0,0.0,0.0,0.0,0.0,0.0,0.0,0.0,0.0,1.0,0.5,1.0,0.5,1.0,0.5,2.0,1.0,0.0,0.0,0.0,0.0,0.0,0.0,0.0,0.0,2.0,0.75,0.75,0.0,0.75,0.75,0.75,0.75,2.0,0.5,0.5,0.0,0.5,0.5,0.5,0.5,2.0,331.5,331.5,44.54772721475249,300.0,363.0,315.75,347.25,2.0,0.0,0.0,0.0,0.0,0.0,0.0,0.0,2.0,2.0,2.0,0.0,2.0,2.0,2.0,2.0,2.0,1767.5,1767.5,294.8635277547903,1559.0,1976.0,1663.25,1871.75,2.0,334.0,334.0,49.49747468305833,299.0,369.0,316.5,351.5,2.0,0.0,0.0,0.0,0.0,0.0,0.0,0.0,2.0,5.5,5.5,0.7071067811865476,5.0,6.0,5.25,5.75,2.0,0.0,0.0,0.0,0.0,0.0,0.0,0.0,2.0,1.5,1.5,0.7071067811865476,1.0,2.0,1.25,1.75,2.0,0.0,0.0,0.0,0.0,0.0,0.0,0.0,2.0,0.0060881542699724525,0.0060881542699724525,0.000818140077405923,0.005509641873278237,0.006666666666666667,0.005798898071625345,0.006377410468319559,2.0,0.0,0.0,0.0,0.0,0.0,0.0,0.0,2.0,0.025517840314861692,0.025517840314861692,0.002978997137983571,0.023411371237458192,0.027624309392265192,0.024464605776159942,0.026571074853563442,2.0,2.0,2.0,0.0,2.0,2.0,2.0,2.0,2.0,0.051111751473349565,0.051111751473349565,0.029571784273348407,0.030201342281879207,0.07202216066481992,0.040656546877614386,0.061566956069084744,2.0,0.4563223140495868,0.4563223140495868,0.05705553063623685,0.41597796143250687,0.49666666666666665,0.43615013774104683,0.4764944903581267,2.0,0.8170882684454628,0.8170882684454628,0.06948380166577464,0.7679558011049724,0.8662207357859532,0.7925220347752175,0.841654502115708,2.0,0.9488882485266504,0.9488882485266504,0.029571784273348407,0.9279778393351801,0.9697986577181208,0.9384330439309152,0.9593434531223857,2.0,0.9782828282828283,0.9782828282828283,0.016427733300293557,0.9666666666666667,0.98989898989899,0.9724747474747475,0.9840909090909091,2.0,0.15194658394255509,0.15194658394255509,0.020691204247638876,0.13731569310813374,0.16657747477697643,0.14463113852534443,0.15926202935976574,0.0,,,,,,,,2.0,-0.3476190476190477,-0.3476190476190477,0.053874802376117914,-0.3857142857142858,-0.3095238095238096,-0.36666666666666675,-0.3285714285714286,2.0,0.43055991980741315,0.43055991980741315,0.030622018897889156,0.4089068825910931,0.45221295702373315,0.4197334011992531,0.4413864384155731,2.0,0.12517906336088155,0.12517906336088155,0.0450366633086308,0.09333333333333334,0.15702479338842976,0.10925619834710744,0.14110192837465566,0.0,,,,,,,,2.0,0.0,0.0,0.0,0.0,0.0,0.0,0.0,2.0,0.75,0.75,0.3535533905932738,0.5,1.0,0.625,0.875,2.0,0.6666666666666666,0.6666666666666666,0.4714045207910317,0.3333333333333333,1.0,0.5,0.8333333333333333,2.0,0.9166666666666667,0.9166666666666667,0.11785113019775789,0.8333333333333334,1.0,0.875,0.9583333333333334,2.0,-336.5,-336.5,47.37615433949868,-370.0,-303.0,-353.25,-319.75,2.0,0.0,0.0,0.0,0.0,0.0,0.0,0.0,2.0,0.0,0.0,0.0,0.0,0.0,0.0,0.0,2.0,1.0,1.0,0.0,1.0,1.0,1.0,1.0
3DThinker10k,30,2,2,0.0,0.0,0.0,0.0,0.0,0.0,2.0,1.0,0.0,0.0,0.0,0.0,0.0,0.0,1.0,0.5,0.0,0.0,0.0,0.0,0.0,0.0,0.0,0.0,0.0,0.0,0.0,0.0,0.0,0.0,0.0,0.0,1.0,0.5,1.0,0.5,1.0,0.5,2.0,1.0,0.0,0.0,0.0,0.0,0.0,0.0,0.0,0.0,2.0,0.625,0.625,0.1767766952966369,0.5,0.75,0.5625,0.6875,2.0,0.5,0.5,0.0,0.5,0.5,0.5,0.5,2.0,270.5,270.5,10.606601717798213,263.0,278.0,266.75,274.25,2.0,0.0,0.0,0.0,0.0,0.0,0.0,0.0,2.0,5.0,5.0,0.0,5.0,5.0,5.0,5.0,2.0,1607.0,1607.0,53.74011537017761,1569.0,1645.0,1588.0,1626.0,2.0,272.5,272.5,10.606601717798213,265.0,280.0,268.75,276.25,2.0,0.0,0.0,0.0,0.0,0.0,0.0,0.0,2.0,31.0,31.0,0.0,31.0,31.0,31.0,31.0,2.0,0.0,0.0,0.0,0.0,0.0,0.0,0.0,2.0,5.0,5.0,0.0,5.0,5.0,5.0,5.0,2.0,0.0,0.0,0.0,0.0,0.0,0.0,0.0,2.0,0.018498509177448913,0.018498509177448913,0.00072534683629662,0.017985611510791366,0.019011406844106463,0.01824206034412014,0.01875495801077769,2.0,0.0,0.0,0.0,0.0,0.0,0.0,0.0,2.0,0.04497478435803456,0.04497478435803456,0.022760237011213033,0.02888086642599278,0.061068702290076333,0.03692782539201367,0.053021743324055445,2.0,2.0,2.0,0.0,2.0,2.0,2.0,2.0,2.0,0.020864567716141924,0.020864567716141924,0.019259030272197268,0.007246376811594235,0.03448275862068961,0.01405547226386808,0.02767366316841577,2.0,0.4762357414448669,0.4762357414448669,0.03360773674841007,0.4524714828897338,0.5,0.46435361216730037,0.48811787072243346,2.0,0.8842629591864856,0.8842629591864856,0.03604028968513572,0.8587786259541985,0.9097472924187726,0.8715207925703421,0.897005125802629,2.0,0.9791354322838581,0.9791354322838581,0.019259030272197268,0.9655172413793104,0.9927536231884058,0.9723263368315842,0.985944527736132,2.0,0.9942307692307693,0.9942307692307693,0.008158924398306289,0.9884615384615385,1.0,0.9913461538461539,0.9971153846153846,2.0,0.15077095795383125,0.15077095795383125,0.01935327648497771,0.13708612491312536,0.16445579099453714,0.1439285414334783,0.1576133744741842,0.0,,,,,,,,2.0,-0.03161290322580645,-0.03161290322580645,0.0,-0.03161290322580645,-0.03161290322580645,-0.03161290322580645,-0.03161290322580645,2.0,0.4322389921755285,0.4322389921755285,0.014586480554642112,0.4219247928616954,0.4425531914893617,0.42708189251861195,0.4373960918324451,2.0,0.12969472330880544,0.12969472330880544,0.015541764879048917,0.11870503597122302,0.14068441064638784,0.12419987964001422,0.13518956697759663,0.0,,,,,,,,2.0,0.0,0.0,0.0,0.0,0.0,0.0,0.0,2.0,0.9000000000000001,0.9000000000000001,0.1414213562373094,0.8000000000000002,1.0,0.8500000000000001,0.9500000000000001,2.0,0.8333333333333333,0.8333333333333333,0.23570226039551587,0.6666666666666666,1.0,0.75,0.9166666666666666,2.0,0.9838709677419355,0.9838709677419355,0.022809896167307966,0.967741935483871,1.0,0.9758064516129032,0.9919354838709677,2.0,-270.0,-270.0,12.727922061357855,-279.0,-261.0,-274.5,-265.5,2.0,0.0,0.0,0.0,0.0,0.0,0.0,0.0,2.0,0.0,0.0,0.0,0.0,0.0,0.0,0.0,2.0,1.0,1.0,0.0,1.0,1.0,1.0,1.0
3DThinker10k,40,3,3,0.0,0.0,0.0,0.0,0.0,0.0,3.0,1.0,0.0,0.0,0.0,0.0,0.0,0.0,3.0,1.0,0.0,0.0,0.0,0.0,0.0,0.0,0.0,0.0,0.0,0.0,0.0,0.0,0.0,0.0,0.0,0.0,1.0,0.3333333333333333,1.0,0.3333333333333333,1.0,0.3333333333333333,3.0,1.0,0.0,0.0,0.0,0.0,0.0,0.0,0.0,0.0,3.0,0.6666666666666666,0.75,0.14433756729740646,0.5,0.75,0.625,0.75,3.0,0.5,0.5,0.0,0.5,0.5,0.5,0.5,3.0,255.66666666666666,281.0,47.384948383778294,201.0,285.0,241.0,283.0,3.0,0.0,0.0,0.0,0.0,0.0,0.0,0.0,3.0,96.33333333333333,2.0,163.3901261806641,2.0,285.0,2.0,143.5,3.0,1415.0,1541.0,235.77107541002565,1143.0,1561.0,1342.0,1551.0,3.0,260.6666666666667,280.0,45.21430452117265,209.0,293.0,244.5,286.5,3.0,0.0,0.0,0.0,0.0,0.0,0.0,0.0,3.0,511.6666666666667,6.0,875.8403583606622,6.0,1523.0,6.0,764.5,3.0,0.0,0.0,0.0,0.0,0.0,0.0,0.0,3.0,98.0,2.0,167.14365079176653,1.0,291.0,1.5,146.5,3.0,0.0,0.0,0.0,0.0,0.0,0.0,0.0,3.0,0.33902256215954624,0.009950248756218905,0.5724250048741638,0.0071174377224199285,1.0,0.008533843239319418,0.5049751243781094,3.0,0.0,0.0,0.0,0.0,0.0,0.0,0.0,3.0,0.03190811535881958,0.025,0.015163667009491198,0.02142857142857143,0.04929577464788732,0.023214285714285715,0.03714788732394366,3.0,2.3333333333333335,2.0,0.5773502691896258,2.0,3.0,2.0,2.5,3.0,0.04022538061076819,0.03886925795053009,0.01943358562900867,0.021505376344086002,0.06030150753768848,0.030187317147308046,0.049585382744109285,3.0,0.4875595177636199,0.47330960854092524,0.054008038073364247,0.4421052631578947,0.5472636815920398,0.45770743584941,0.5102866450664825,3.0,0.850617035546613,0.8464285714285714,0.032491839950764316,0.8204225352112676,0.885,0.8334255533199195,0.8657142857142857,3.0,0.9597746193892318,0.9611307420494699,0.01943358562900867,0.9396984924623115,0.978494623655914,0.9504146172558907,0.969812682852692,3.0,0.9829858872412064,0.9893617021276596,0.020943015108684137,0.9595959595959596,1.0,0.9744788308618095,0.9946808510638299,3.0,0.14708791840071447,0.14163819909146022,0.01335212212897548,0.13732259851560588,0.16230295759507732,0.13948039880353305,0.15197057834326877,0.0,,,,,,,,3.0,-0.15223651731684054,-0.3095238095238096,0.27242958148740276,-0.3095238095238096,0.16233806709709758,-0.3095238095238096,-0.073592871213356,3.0,0.4608823101616197,0.4561178731582319,0.03392520702079391,0.42959117456197277,0.4969378827646544,0.4428545238601023,0.47652787796144314,3.0,0.14433520106280112,0.13523131672597866,0.0210649981954761,0.12935323383084577,0.16842105263157894,0.1322922752784122,0.15182618467877879,0.0,,,,,,,,3.0,0.0,0.0,0.0,0.0,0.0,0.0,0.0,3.0,0.5069444444444444,0.5,0.4896202704742312,0.020833333333333332,1.0,0.26041666666666663,0.75,3.0,0.45291902071563084,0.3333333333333333,0.49817193774834323,0.025423728813559324,1.0,0.1793785310734463,0.6666666666666666,3.0,0.6155202821869489,0.8333333333333334,0.5282157505225138,0.013227513227513255,1.0,0.4232804232804233,0.9166666666666667,3.0,-259.6666666666667,-278.0,46.30694692304096,-294.0,-207.0,-286.0,-242.5,3.0,94.0,0.0,162.81277591147446,0.0,282.0,0.0,141.0,3.0,0.0,0.0,0.0,0.0,0.0,0.0,0.0,3.0,32.333333333333336,1.0,54.270925303824825,1.0,95.0,1.0,48.0
3DThinker10k,50,2,2,0.0,0.0,0.0,0.0,0.0,0.0,2.0,1.0,0.0,0.0,0.0,0.0,0.0,0.0,2.0,1.0,0.0,0.0,0.0,0.0,0.0,0.0,0.0,0.0,0.0,0.0,0.0,0.0,0.0,0.0,0.0,0.0,0.0,0.0,0.0,0.0,0.0,0.0,2.0,1.0,0.0,0.0,0.0,0.0,0.0,0.0,0.0,0.0,2.0,0.625,0.625,0.1767766952966369,0.5,0.75,0.5625,0.6875,2.0,0.5,0.5,0.0,0.5,0.5,0.5,0.5,2.0,401.0,401.0,120.20815280171308,316.0,486.0,358.5,443.5,2.0,0.0,0.0,0.0,0.0,0.0,0.0,0.0,2.0,401.0,401.0,120.20815280171308,316.0,486.0,358.5,443.5,2.0,2143.0,2143.0,595.383909759073,1722.0,2564.0,1932.5,2353.5,2.0,406.0,406.0,130.10764773832474,314.0,498.0,360.0,452.0,2.0,0.0,0.0,0.0,0.0,0.0,0.0,0.0,2.0,2125.0,2125.0,595.383909759073,1704.0,2546.0,1914.5,2335.5,2.0,0.0,0.0,0.0,0.0,0.0,0.0,0.0,2.0,404.0,404.0,130.10764773832474,312.0,496.0,358.0,450.0,2.0,0.0,0.0,0.0,0.0,0.0,0.0,0.0,2.0,1.0,1.0,0.0,1.0,1.0,1.0,1.0,2.0,0.0,0.0,0.0,0.0,0.0,0.0,0.0,2.0,0.03760432007854689,0.03760432007854689,0.0006942629172180167,0.03711340206185567,0.0380952380952381,0.037358861070201276,0.03784977908689249,2.0,2.0,2.0,0.0,2.0,2.0,2.0,2.0,2.0,0.057331420750644846,0.057331420750644846,0.027032494595816737,0.03821656050955413,0.07644628099173556,0.04777399063009949,0.0668888508711902,2.0,0.43138901911757044,0.43138901911757044,0.07465378281866102,0.3786008230452675,0.48417721518987344,0.404994921081419,0.45778311715372194,2.0,0.7963672066764851,0.7963672066764851,0.05901234796353124,0.7546391752577319,0.8380952380952381,0.7755031909671085,0.8172312223858615,2.0,0.9426685792493552,0.9426685792493552,0.027032494595816737,0.9235537190082644,0.9617834394904459,0.9331111491288098,0.9522260093699005,2.0,0.9781715714484155,0.9781715714484155,0.021833551317172375,0.9627329192546584,0.9936102236421726,0.970452245351537,0.985890897545294,2.0,0.16373619951510363,0.16373619951510363,0.020883594226625193,0.14896926842190872,0.17850313060829853,0.15635273396850619,0.17111966506170107,0.0,,,,,,,,2.0,0.16431082019050886,0.16431082019050886,0.021059463172870163,0.14941953097282398,0.1792021094081937,0.1568651755816664,0.17175646479935128,2.0,0.4207433755724177,0.4207433755724177,0.046384814665936795,0.38794435857805254,0.4535423925667828,0.4043438670752351,0.4371428840696002,2.0,0.15643720372974945,0.15643720372974945,0.037745880815800104,0.12974683544303797,0.1831275720164609,0.1430920195863937,0.16978238787310518,0.0,,,,,,,,2.0,0.0,0.0,0.0,0.0,0.0,0.0,0.0,2.0,0.011307919394172763,0.011307919394172763,0.007097388048875373,0.006289308176100628,0.0163265306122449,0.008798613785136696,0.013817225003208831,2.0,0.014742014742014743,0.014742014742014743,0.011292860141799898,0.006756756756756757,0.022727272727272728,0.01074938574938575,0.018734643734643737,2.0,0.005833958578519871,0.005833958578519871,0.004076279275668091,0.002951593860684776,0.008716323296354966,0.0043927762196023235,0.007275140937437419,2.0,-407.0,-407.0,125.86500705120545,-496.0,-318.0,-451.5,-362.5,2.0,398.0,398.0,118.79393923933998,314.0,482.0,356.0,440.0,2.0,0.0,0.0,0.0,0.0,0.0,0.0,0.0,2.0,139.75,139.75,25.809397513308983,121.5,158.0,130.625,148.875
3DThinker10k,60,4,4,0.0,0.0,0.0,0.0,0.0,0.0,4.0,1.0,0.0,0.0,0.0,0.0,0.0,0.0,4.0,1.0,0.0,0.0,0.0,0.0,0.0,0.0,0.0,0.0,0.0,0.0,0.0,0.0,0.0,0.0,0.0,0.0,1.0,0.25,1.0,0.25,1.0,0.25,4.0,1.0,0.0,0.0,0.0,0.0,0.0,0.0,0.0,0.0,4.0,0.75,0.75,0.0,0.75,0.75,0.75,0.75,4.0,0.5,0.5,0.0,0.5,0.5,0.5,0.5,4.0,311.75,286.5,69.31750620634493,261.0,413.0,270.75,327.5,4.0,0.0,0.0,0.0,0.0,0.0,0.0,0.0,4.0,209.0,267.5,138.89804414269722,2.0,299.0,196.25,280.25,4.0,1733.25,1596.0,369.46301122936063,1476.0,2265.0,1485.75,1843.5,4.0,313.25,286.5,67.60362416320592,268.0,412.0,270.25,329.5,4.0,0.0,0.0,0.0,0.0,0.0,0.0,0.0,4.0,1155.0,1464.5,773.0385932582323,6.0,1685.0,1095.0,1524.5,4.0,0.0,0.0,0.0,0.0,0.0,0.0,0.0,4.0,209.25,267.5,139.01888360938597,2.0,300.0,200.0,276.75,4.0,0.0,0.0,0.0,0.0,0.0,0.0,0.0,4.0,0.7512106537530266,1.0,0.4975786924939467,0.004842615012106538,1.0,0.7512106537530266,1.0,4.0,0.0,0.0,0.0,0.0,0.0,0.0,0.0,4.0,0.023882628144861806,0.023131556656023976,0.008739055973999451,0.014652014652014652,0.03461538461538462,0.018226110459120166,0.028788074341765616,4.0,2.0,2.0,0.0,2.0,2.0,2.0,2.0,4.0,0.020151961395520862,0.02113042186571601,0.006345193870870923,0.01158301158301156,0.02676399026763987,0.018047268047268056,0.023235115213968816,4.0,0.48612690314725293,0.4927023667653353,0.06189063570921522,0.4043583535108959,0.5547445255474452,0.46890568033174695,0.5099235895808413,4.0,0.8643979500115878,0.8718317476706738,0.04883772616330189,0.7985436893203883,0.9153846153846154,0.8479875706817455,0.8882421270005162,4.0,0.9798480386044791,0.978869578134284,0.006345193870870923,0.9732360097323601,0.9884169884169884,0.9767648847860312,0.9819527319527319,4.0,0.9971859893017535,0.998062015503876,0.0035503051556086793,0.992619926199262,1.0,0.9952480048056295,1.0,4.0,0.14047550667456038,0.14142906500405733,0.008165014173756622,0.12991164185005885,0.14913225484006806,0.1367396363398265,0.1451649353387912,0.0,,,,,,,,4.0,0.026032388501963856,0.13439609061750302,0.22379157095987975,-0.3095238095238096,0.14486118229665898,0.019883402312824816,0.14054507680664205,4.0,0.44833950721726334,0.451707438123955,0.029527176491298383,0.4095908490981082,0.4803523035230352,0.4368503650616325,0.46319658027958577,4.0,0.14544768441412073,0.14483305935037696,0.01100780323768674,0.13503649635036497,0.15708812260536398,0.13660193345213972,0.15367881031235794,0.0,,,,,,,,4.0,0.0,0.0,0.0,0.0,0.0,0.0,0.0,4.0,0.27129198896521883,0.0294260831935955,0.48580784235712643,0.026315789473684213,1.0,0.02816168118137069,0.2725563909774436,4.0,0.2716836734693877,0.02976190476190476,0.4855484095253946,0.027210884353741496,1.0,0.027636054421768707,0.27380952380952384,4.0,0.2634065463647454,0.0195011150136134,0.4910683697133411,0.014623955431754876,1.0,0.017528303893738217,0.2653793574846206,4.0,-315.75,-287.5,71.68158759402584,-421.0,-267.0,-331.0,-272.25,4.0,205.0,263.0,137.56453031214116,0.0,294.0,192.0,276.0,4.0,0.0,0.0,0.0,0.0,0.0,0.0,0.0,4.0,45.375,56.0,30.32362940018889,1.0,68.5,39.400000000000006,61.974999999999994
3DThinker10k,70,2,2,0.0,0.0,0.0,0.0,0.0,0.0,2.0,1.0,0.0,0.0,0.0,0.0,0.0,0.0,2.0,1.0,0.0,0.0,0.0,0.0,0.0,0.0,0.0,0.0,0.0,0.0,0.0,0.0,0.0,0.0,0.0,0.0,0.0,0.0,0.0,0.0,0.0,0.0,2.0,1.0,0.0,0.0,0.0,0.0,0.0,0.0,0.0,0.0,2.0,0.625,0.625,0.1767766952966369,0.5,0.75,0.5625,0.6875,2.0,0.5,0.5,0.0,0.5,0.5,0.5,0.5,2.0,265.5,265.5,14.849242404917497,255.0,276.0,260.25,270.75,2.0,0.0,0.0,0.0,0.0,0.0,0.0,0.0,2.0,264.5,264.5,14.849242404917497,254.0,275.0,259.25,269.75,2.0,1454.0,1454.0,48.08326112068523,1420.0,1488.0,1437.0,1471.0,2.0,269.5,269.5,16.263455967290593,258.0,281.0,263.75,275.25,2.0,0.0,0.0,0.0,0.0,0.0,0.0,0.0,2.0,1435.5,1435.5,47.37615433949868,1402.0,1469.0,1418.75,1452.25,2.0,0.0,0.0,0.0,0.0,0.0,0.0,0.0,2.0,267.5,267.5,16.263455967290593,256.0,279.0,261.75,273.25,2.0,0.0,0.0,0.0,0.0,0.0,0.0,0.0,2.0,0.996227621483376,0.996227621483376,0.00021098667810338172,0.996078431372549,0.9963768115942029,0.9961530264279626,0.9963022165387894,2.0,0.0,0.0,0.0,0.0,0.0,0.0,0.0,2.0,0.04680744452397996,0.04680744452397996,0.01608579349041409,0.03543307086614173,0.05818181818181818,0.04112025769506084,0.05249463135289907,2.0,3.0,3.0,0.0,3.0,3.0,3.0,3.0,2.0,0.040290239750728485,0.040290239750728485,0.015688096556142547,0.029197080291970767,0.0513833992094862,0.034743660021349626,0.045836819480107344,2.0,0.4972080136402387,0.4972080136402387,0.0011754972065761184,0.4963768115942029,0.4980392156862745,0.4967924126172208,0.4976236146632566,2.0,0.8595919828203293,0.8595919828203293,0.01857610513210179,0.8464566929133859,0.8727272727272727,0.8530243378668576,0.866159627773801,2.0,0.9597097602492715,0.9597097602492715,0.015688096556142547,0.9486166007905138,0.9708029197080292,0.9541631805198927,0.9652563399786503,2.0,0.9803113553113554,0.9803113553113554,0.02266367888418421,0.9642857142857143,0.9963369963369964,0.9722985347985348,0.9883241758241759,2.0,0.15239805755104896,0.15239805755104896,0.0004703578186312796,0.15206546434791068,0.15273065075418726,0.15223176094947982,0.15256435415261813,0.0,,,,,,,,2.0,0.15241838732109175,0.15241838732109175,0.00031954085677694187,0.15219243781439862,0.1526443368277849,0.15230541256774519,0.15253136207443832,2.0,0.4656213419929766,0.4656213419929766,0.0021734128304415927,0.4640845070422535,0.4671581769436997,0.46485292451761506,0.46638975946833816,2.0,0.14712276214833758,0.14712276214833758,0.00822848044603273,0.14130434782608695,0.15294117647058825,0.14421355498721228,0.15003196930946291,0.0,,,,,,,,2.0,0.0,0.0,0.0,0.0,0.0,0.0,0.0,2.0,0.011422608303249097,0.011422608303249097,0.00594307933194921,0.007220216606498194,0.015625,0.009321412454873647,0.013523804151624548,2.0,0.012134704628119905,0.012134704628119905,0.006607231305455636,0.007462686567164179,0.01680672268907563,0.009798695597642041,0.014470713658597766,2.0,0.004568373570445927,0.004568373570445927,0.0006408469626567445,0.004115226337448541,0.005021520803443313,0.004341799953947234,0.00479494718694462,2.0,-273.0,-273.0,11.313708498984761,-281.0,-265.0,-277.0,-269.0,2.0,262.5,262.5,14.849242404917497,252.0,273.0,257.25,267.75,2.0,0.0,0.0,0.0,0.0,0.0,0.0,0.0,2.0,132.25,132.25,7.424621202458749,127.0,137.5,129.625,134.875
3DThinker10k,80,1,1,0.0,0.0,0.0,0.0,1.0,1.0,1.0,1.0,1.0,1.0,0.0,0.0,0.0,0.0,1.0,1.0,0.0,0.0,0.0,0.0,0.0,0.0,0.0,0.0,0.0,0.0,0.0,0.0,0.0,0.0,0.0,0.0,0.0,0.0,0.0,0.0,0.0,0.0,1.0,1.0,0.0,0.0,0.0,0.0,0.0,0.0,0.0,0.0,1.0,1.0,1.0,0.0,1.0,1.0,1.0,1.0,1.0,1.0,1.0,0.0,1.0,1.0,1.0,1.0,1.0,266.0,266.0,0.0,266.0,266.0,266.0,266.0,1.0,261.0,261.0,0.0,261.0,261.0,261.0,261.0,1.0,265.0,265.0,0.0,265.0,265.0,265.0,265.0,1.0,1447.0,1447.0,0.0,1447.0,1447.0,1447.0,1447.0,1.0,268.0,268.0,0.0,268.0,268.0,268.0,268.0,1.0,1386.0,1386.0,0.0,1386.0,1386.0,1386.0,1386.0,1.0,1429.0,1429.0,0.0,1429.0,1429.0,1429.0,1429.0,1.0,259.0,259.0,0.0,259.0,259.0,259.0,259.0,1.0,266.0,266.0,0.0,266.0,266.0,266.0,266.0,1.0,0.981203007518797,0.981203007518797,0.0,0.981203007518797,0.981203007518797,0.981203007518797,0.981203007518797,1.0,0.9962406015037594,0.9962406015037594,0.0,0.9962406015037594,0.9962406015037594,0.9962406015037594,0.9962406015037594,1.0,0.9849056603773585,0.9849056603773585,0.0,0.9849056603773585,0.9849056603773585,0.9849056603773585,0.9849056603773585,1.0,0.026415094339622643,0.026415094339622643,0.0,0.026415094339622643,0.026415094339622643,0.026415094339622643,0.026415094339622643,1.0,3.0,3.0,0.0,3.0,3.0,3.0,3.0,1.0,0.03409090909090906,0.03409090909090906,0.0,0.03409090909090906,0.03409090909090906,0.03409090909090906,0.03409090909090906,1.0,0.4548872180451128,0.4548872180451128,0.0,0.4548872180451128,0.4548872180451128,0.4548872180451128,0.4548872180451128,1.0,0.8452830188679246,0.8452830188679246,0.0,0.8452830188679246,0.8452830188679246,0.8452830188679246,0.8452830188679246,1.0,0.9659090909090909,0.9659090909090909,0.0,0.9659090909090909,0.9659090909090909,0.9659090909090909,0.9659090909090909,1.0,0.9923954372623575,0.9923954372623575,0.0,0.9923954372623575,0.9923954372623575,0.9923954372623575,0.9923954372623575,1.0,0.14493400082066732,0.14493400082066732,0.0,0.14493400082066732,0.14493400082066732,0.14493400082066732,0.14493400082066732,1.0,0.14635192497261462,0.14635192497261462,0.0,0.14635192497261462,0.14635192497261462,0.14635192497261462,0.14635192497261462,1.0,0.14522412227845494,0.14522412227845494,0.0,0.14522412227845494,0.14522412227845494,0.14522412227845494,0.14522412227845494,1.0,0.43192812715964063,0.43192812715964063,0.0,0.43192812715964063,0.43192812715964063,0.43192812715964063,0.43192812715964063,1.0,0.10526315789473684,0.10526315789473684,0.0,0.10526315789473684,0.10526315789473684,0.10526315789473684,0.10526315789473684,1.0,0.4482758620689655,0.4482758620689655,0.0,0.4482758620689655,0.4482758620689655,0.4482758620689655,0.4482758620689655,1.0,117.0,117.0,0.0,117.0,117.0,117.0,117.0,1.0,0.022388059701492536,0.022388059701492536,0.0,0.022388059701492536,0.022388059701492536,0.022388059701492536,0.022388059701492536,1.0,0.02631578947368421,0.02631578947368421,0.0,0.02631578947368421,0.02631578947368421,0.02631578947368421,0.02631578947368421,1.0,0.0098314606741573,0.0098314606741573,0.0,0.0098314606741573,0.0098314606741573,0.0098314606741573,0.0098314606741573,1.0,-6.0,-6.0,0.0,-6.0,-6.0,-6.0,-6.0,1.0,262.0,262.0,0.0,262.0,262.0,262.0,262.0,1.0,0.9775280898876404,0.9775280898876404,0.0,0.9775280898876404,0.9775280898876404,0.9775280898876404,0.9775280898876404,1.0,88.33333333333333,88.33333333333333,0.0,88.33333333333333,88.33333333333333,88.33333333333333,88.33333333333333
3DThinker10k,90,2,2,0.0,0.0,1.0,0.5,1.0,0.5,2.0,1.0,1.0,0.5,0.0,0.0,0.0,0.0,1.0,0.5,0.0,0.0,0.0,0.0,0.0,0.0,0.0,0.0,0.0,0.0,0.0,0.0,0.0,0.0,0.0,0.0,2.0,1.0,2.0,1.0,2.0,1.0,2.0,1.0,0.0,0.0,0.0,0.0,0.0,0.0,0.0,0.0,2.0,0.875,0.875,0.1767766952966369,0.75,1.0,0.8125,0.9375,2.0,0.75,0.75,0.3535533905932738,0.5,1.0,0.625,0.875,2.0,298.5,298.5,47.37615433949868,265.0,332.0,281.75,315.25,2.0,129.5,129.5,183.1406563273158,0.0,259.0,64.75,194.25,2.0,3.0,3.0,1.4142135623730951,2.0,4.0,2.5,3.5,2.0,1645.0,1645.0,304.05591591021545,1430.0,1860.0,1537.5,1752.5,2.0,303.5,303.5,51.61879502661797,267.0,340.0,285.25,321.75,2.0,680.0,680.0,961.6652224137047,0.0,1360.0,340.0,1020.0,2.0,14.0,14.0,11.313708498984761,6.0,22.0,10.0,18.0,2.0,128.5,128.5,181.7264427649427,0.0,257.0,64.25,192.75,2.0,3.0,3.0,1.4142135623730951,2.0,4.0,2.5,3.5,2.0,0.48867924528301887,0.48867924528301887,0.6910968163294936,0.0,0.9773584905660377,0.24433962264150944,0.7330188679245283,2.0,0.01055921800409184,0.01055921800409184,0.006413630499964366,0.006024096385542169,0.01509433962264151,0.008291657194817004,0.012826778813366675,2.0,32.375,32.375,45.78516408182895,0.0,64.75,16.1875,48.5625,2.0,0.0328950379932253,0.0328950379932253,0.009022521983692671,0.026515151515151516,0.03927492447129909,0.02970509475418841,0.0360849812322622,2.0,2.5,2.5,0.7071067811865476,2.0,3.0,2.25,2.75,2.0,0.04135269040212003,0.04135269040212003,0.010086394689583444,0.034220532319391594,0.048484848484848464,0.03778661136075581,0.04491876944348425,2.0,0.49682314162309615,0.49682314162309615,0.03384435844028815,0.47289156626506024,0.5207547169811321,0.4848573539440782,0.5087889293021142,2.0,0.8370353840520004,0.8370353840520004,0.04297633565505994,0.8066465256797583,0.8674242424242424,0.8218409548658793,0.8522298132381214,2.0,0.95864730959788,0.95864730959788,0.010086394689583443,0.9515151515151515,0.9657794676806084,0.9550812305565157,0.9622133886392442,2.0,0.9862873848581173,0.9862873848581173,0.002198480444534632,0.9847328244274809,0.9878419452887538,0.9855101046427991,0.9870646650734356,2.0,0.14887538195679956,0.14887538195679956,0.013012474403462301,0.13967417306609498,0.1580765908475041,0.14427477751144727,0.15347598640215182,1.0,0.14046029856180123,0.14046029856180123,0.0,0.14046029856180123,0.14046029856180123,0.14046029856180123,0.14046029856180123,2.0,-0.17862554112554116,-0.17862554112554116,0.18511810645998475,-0.3095238095238096,-0.04772727272727271,-0.24407467532467536,-0.11317640692640693,2.0,0.4548646841879925,0.4548646841879925,0.024272554438212312,0.4377013963480129,0.47202797202797203,0.4462830402680027,0.46344632810798225,2.0,0.14284496476471925,0.14284496476471925,0.015230363154677283,0.1320754716981132,0.1536144578313253,0.13746021823141624,0.14822971129802226,1.0,0.5173745173745173,0.5173745173745173,0.0,0.5173745173745173,0.5173745173745173,0.5173745173745173,0.5173745173745173,2.0,67.0,67.0,94.75230867899737,0.0,134.0,33.5,100.5,2.0,1.0,1.0,0.0,1.0,1.0,1.0,1.0,2.0,1.0,1.0,0.0,1.0,1.0,1.0,1.0,2.0,1.0,1.0,0.0,1.0,1.0,1.0,1.0,2.0,-169.5,-169.5,225.56706319850866,-329.0,-10.0,-249.25,-89.75,2.0,0.0,0.0,0.0,0.0,0.0,0.0,0.0,2.0,0.48141263940520446,0.48141263940520446,0.6808202837446684,0.0,0.9628252788104089,0.24070631970260223,0.7221189591078067,2.0,1.0,1.0,0.0,1.0,1.0,1.0,1.0
3DThinker10k,110,2,2,0.0,0.0,2.0,1.0,2.0,1.0,2.0,1.0,2.0,1.0,0.0,0.0,0.0,0.0,0.0,0.0,0.0,0.0,0.0,0.0,0.0,0.0,0.0,0.0,0.0,0.0,0.0,0.0,0.0,0.0,0.0,0.0,2.0,1.0,2.0,1.0,2.0,1.0,2.0,1.0,0.0,0.0,0.0,0.0,0.0,0.0,0.0,0.0,2.0,1.0,1.0,0.0,1.0,1.0,1.0,1.0,2.0,1.0,1.0,0.0,1.0,1.0,1.0,1.0,2.0,396.5,396.5,33.23401871576773,373.0,420.0,384.75,408.25,2.0,392.0,392.0,32.526911934581186,369.0,415.0,380.5,403.5,2.0,2.0,2.0,0.0,2.0,2.0,2.0,2.0,2.0,2113.0,2113.0,284.2569260369921,1912.0,2314.0,2012.5,2213.5,2.0,400.5,400.5,24.748737341529164,383.0,418.0,391.75,409.25,2.0,2061.0,2061.0,284.2569260369921,1860.0,2262.0,1960.5,2161.5,2.0,6.0,6.0,0.0,6.0,6.0,6.0,6.0,2.0,392.5,392.5,24.748737341529164,375.0,410.0,383.75,401.25,2.0,2.0,2.0,0.0,2.0,2.0,2.0,2.0,2.0,0.9886856887527129,0.9886856887527129,0.0008350233277129185,0.9880952380952381,0.9892761394101877,0.9883904634239755,0.9889809140814503,2.0,0.005061917528405464,0.005061917528405464,0.0004242821232703653,0.004761904761904762,0.005361930294906166,0.004911911145155113,0.005211923911655815,2.0,196.0,196.0,16.263455967290593,184.5,207.5,190.25,201.75,2.0,0.018955141530012577,0.018955141530012577,0.00019507269991930076,0.01881720430107527,0.01909307875894988,0.01888617291554392,0.01902411014448123,2.0,2.0,2.0,0.0,2.0,2.0,2.0,2.0,2.0,0.03397967474432223,0.03397967474432223,0.024371514627749218,0.01674641148325362,0.05121293800539084,0.025363043113787925,0.042596306374856535,2.0,0.4131271543469935,0.4131271543469935,0.011739976623683207,0.40482573726541554,0.42142857142857143,0.4089764458062045,0.41727786288778246,2.0,0.8232607077783766,0.8232607077783766,0.05418484483339832,0.7849462365591398,0.8615751789976134,0.8041034721687581,0.842417943387995,2.0,0.9660203252556778,0.9660203252556778,0.02437151462774922,0.9487870619946092,0.9832535885167464,0.9574036936251434,0.9746369568862121,2.0,0.9947469051785598,0.9947469051785598,0.004037598510761249,0.9918918918918919,0.9976019184652278,0.9933193985352259,0.9961744118218938,2.0,0.1479966551087638,0.1479966551087638,0.010156625317166967,0.1408148364730241,0.15517847374450355,0.14440574579089396,0.15158756442663368,2.0,0.15009702808613384,0.15009702808613384,0.01080398679100912,0.1424574557623614,0.15773660040990628,0.14627724192424763,0.15391681424802006,2.0,-0.3095238095238096,-0.3095238095238096,0.0,-0.3095238095238096,-0.3095238095238096,-0.3095238095238096,-0.3095238095238096,2.0,0.42155386675384343,0.42155386675384343,0.003957626948051935,0.4187554019014693,0.4243523316062176,0.4201546343276564,0.42295309918003055,2.0,0.1453146942423082,0.1453146942423082,0.037147253984203286,0.11904761904761904,0.17158176943699732,0.1321811566449636,0.15844823183965276,2.0,0.4064159075325693,0.4064159075325693,0.011372997695252351,0.3983739837398374,0.41445783132530123,0.40239494563620337,0.41043686942893526,2.0,159.5,159.5,17.67766952966369,147.0,172.0,153.25,165.75,2.0,1.0,1.0,0.0,1.0,1.0,1.0,1.0,2.0,1.0,1.0,0.0,1.0,1.0,1.0,1.0,2.0,1.0,1.0,0.0,1.0,1.0,1.0,1.0,2.0,-11.0,-11.0,5.656854249492381,-15.0,-7.0,-13.0,-9.0,2.0,0.0,0.0,0.0,0.0,0.0,0.0,0.0,2.0,0.973249628896586,0.973249628896586,0.011502293632611451,0.9651162790697675,0.9813829787234043,0.9691829539831767,0.9773163038099951,2.0,1.0,1.0,0.0,1.0,1.0,1.0,1.0
3DThinker10k,120,1,1,0.0,0.0,0.0,0.0,0.0,0.0,1.0,1.0,0.0,0.0,0.0,0.0,0.0,0.0,1.0,1.0,0.0,0.0,0.0,0.0,0.0,0.0,0.0,0.0,0.0,0.0,0.0,0.0,0.0,0.0,0.0,0.0,1.0,1.0,1.0,1.0,1.0,1.0,1.0,1.0,0.0,0.0,0.0,0.0,0.0,0.0,0.0,0.0,1.0,0.75,0.75,0.0,0.75,0.75,0.75,0.75,1.0,0.5,0.5,0.0,0.5,0.5,0.5,0.5,1.0,266.0,266.0,0.0,266.0,266.0,266.0,266.0,1.0,0.0,0.0,0.0,0.0,0.0,0.0,0.0,1.0,2.0,2.0,0.0,2.0,2.0,2.0,2.0,1.0,1562.0,1562.0,0.0,1562.0,1562.0,1562.0,1562.0,1.0,274.0,274.0,0.0,274.0,274.0,274.0,274.0,1.0,0.0,0.0,0.0,0.0,0.0,0.0,0.0,1.0,6.0,6.0,0.0,6.0,6.0,6.0,6.0,1.0,0.0,0.0,0.0,0.0,0.0,0.0,0.0,1.0,2.0,2.0,0.0,2.0,2.0,2.0,2.0,1.0,0.0,0.0,0.0,0.0,0.0,0.0,0.0,1.0,0.007518796992481203,0.007518796992481203,0.0,0.007518796992481203,0.007518796992481203,0.007518796992481203,0.007518796992481203,1.0,0.0,0.0,0.0,0.0,0.0,0.0,0.0,1.0,0.026415094339622643,0.026415094339622643,0.0,0.026415094339622643,0.026415094339622643,0.026415094339622643,0.026415094339622643,1.0,2.0,2.0,0.0,2.0,2.0,2.0,2.0,1.0,0.011363636363636354,0.011363636363636354,0.0,0.011363636363636354,0.011363636363636354,0.011363636363636354,0.011363636363636354,1.0,0.5488721804511278,0.5488721804511278,0.0,0.5488721804511278,0.5488721804511278,0.5488721804511278,0.5488721804511278,1.0,0.9132075471698113,0.9132075471698113,0.0,0.9132075471698113,0.9132075471698113,0.9132075471698113,0.9132075471698113,1.0,0.9886363636363636,0.9886363636363636,0.0,0.9886363636363636,0.9886363636363636,0.9886363636363636,0.9886363636363636,1.0,0.9961977186311787,0.9961977186311787,0.0,0.9961977186311787,0.9961977186311787,0.9961977186311787,0.9961977186311787,1.0,0.13164622208735827,0.13164622208735827,0.0,0.13164622208735827,0.13164622208735827,0.13164622208735827,0.13164622208735827,0.0,,,,,,,,1.0,-0.3095238095238096,-0.3095238095238096,0.0,-0.3095238095238096,-0.3095238095238096,-0.3095238095238096,-0.3095238095238096,1.0,0.4661558109833972,0.4661558109833972,0.0,0.4661558109833972,0.4661558109833972,0.4661558109833972,0.4661558109833972,1.0,0.10902255639097744,0.10902255639097744,0.0,0.10902255639097744,0.10902255639097744,0.10902255639097744,0.10902255639097744,0.0,,,,,,,,1.0,0.0,0.0,0.0,0.0,0.0,0.0,0.0,1.0,1.0,1.0,0.0,1.0,1.0,1.0,1.0,1.0,1.0,1.0,0.0,1.0,1.0,1.0,1.0,1.0,1.0,1.0,0.0,1.0,1.0,1.0,1.0,1.0,-269.0,-269.0,0.0,-269.0,-269.0,-269.0,-269.0,1.0,0.0,0.0,0.0,0.0,0.0,0.0,0.0,1.0,0.0,0.0,0.0,0.0,0.0,0.0,0.0,1.0,1.0,1.0,0.0,1.0,1.0,1.0,1.0
3DThinker10k,140,3,3,0.0,0.0,3.0,1.0,3.0,1.0,3.0,1.0,3.0,1.0,0.0,0.0,0.0,0.0,0.0,0.0,0.0,0.0,0.0,0.0,0.0,0.0,0.0,0.0,0.0,0.0,0.0,0.0,0.0,0.0,0.0,0.0,3.0,1.0,3.0,1.0,3.0,1.0,3.0,1.0,0.0,0.0,0.0,0.0,1.0,0.3333333333333333,0.0,0.0,3.0,1.0,1.0,0.0,1.0,1.0,1.0,1.0,3.0,1.0,1.0,0.0,1.0,1.0,1.0,1.0,3.0,321.0,293.0,99.98499887483122,238.0,432.0,265.5,362.5,3.0,313.3333333333333,286.0,98.87534239300177,231.0,423.0,258.5,354.5,3.0,5.333333333333333,5.0,1.5275252316519465,4.0,7.0,4.5,6.0,3.0,1765.0,1601.0,582.5778917878707,1282.0,2412.0,1441.5,2006.5,3.0,317.6666666666667,294.0,99.63098580930199,232.0,427.0,263.0,360.5,3.0,1685.6666666666667,1522.0,569.4228071769986,1216.0,2319.0,1369.0,1920.5,3.0,32.666666666666664,31.0,13.576941236277534,20.0,47.0,25.5,39.0,3.0,306.3333333333333,283.0,98.10368664496424,222.0,414.0,252.5,348.5,3.0,5.333333333333333,5.0,1.5275252316519465,4.0,7.0,4.5,6.0,3.0,0.9752880389926163,0.9761092150170648,0.004347771699472031,0.9705882352941176,0.9791666666666666,0.9733487251555912,0.9776379408418657,3.0,0.016691757603053862,0.01680672268907563,0.0004419325979748919,0.016203703703703703,0.017064846416382253,0.016505213196389666,0.01693578455272894,3.0,58.45952380952381,57.75,1.7272771620553038,57.2,60.42857142857143,57.475,59.089285714285715,3.0,0.021793017163508604,0.016877637130801686,0.011378358869724403,0.0136986301369863,0.03480278422273782,0.015288133633893993,0.025840210676769754,3.0,2.3333333333333335,2.0,0.5773502691896258,2.0,3.0,2.0,2.5,3.0,0.027828188627330386,0.037209302325581395,0.01676332805461192,0.008474576271186418,0.037800687285223344,0.022841939298383906,0.03750499480540237,3.0,0.5014294619377266,0.48464163822525597,0.07150224890929993,0.4398148148148148,0.5798319327731093,0.46222822652003537,0.5322367854991826,3.0,0.8702514099900703,0.8468677494199536,0.05055956153174955,0.8356164383561644,0.9282700421940928,0.8412420938880589,0.8875688958070231,3.0,0.9721718113726697,0.9627906976744186,0.01676332805461192,0.9621993127147767,0.9915254237288136,0.9624950051945976,0.9771580607016161,3.0,0.9911127186989256,0.9896551724137931,0.008255579098550379,0.9836829836829837,1.0,0.9866690780483884,0.9948275862068965,3.0,0.1376423494634689,0.14169686160691614,0.01720448747035223,0.11877273347466459,0.15245745330882596,0.13023479754079037,0.14707715745787103,3.0,0.13767122924338202,0.14214881929356926,0.015698888770182818,0.12021998868427183,0.15064487975230495,0.13118440398892056,0.1463968495229371,3.0,-0.032619701277903056,-0.03161290322580645,0.021894268018119528,-0.054999999999999986,-0.011246200607902731,-0.04330645161290322,-0.02142955191685459,3.0,0.44564359831984696,0.4472863381160324,0.04351878850154817,0.4013266998341625,0.4883177570093458,0.42430651897509747,0.4678020475626891,3.0,0.09705405673835708,0.0763888888888889,0.04016552769178485,0.07142857142857142,0.14334470989761092,0.07390873015873016,0.1098667993932499,3.0,0.49933045677726534,0.4825174825174825,0.06956158016409157,0.4397163120567376,0.5757575757575758,0.46111689728711003,0.5291375291375291,3.0,152.33333333333334,138.0,29.263173671584795,133.0,186.0,135.5,162.0,3.0,1.0,1.0,0.0,1.0,1.0,1.0,1.0,3.0,1.0,1.0,0.0,1.0,1.0,1.0,1.0,3.0,1.0,1.0,0.0,1.0,1.0,1.0,1.0,3.0,-12.0,-13.0,2.6457513110645907,-14.0,-9.0,-13.5,-11.0,3.0,0.0,0.0,0.0,0.0,0.0,0.0,0.0,3.0,0.9623283752860412,0.9625,0.005722754250950145,0.9565217391304348,0.9679633867276888,0.9595108695652175,0.9652316933638444,3.0,1.0,1.0,0.0,1.0,1.0,1.0,1.0
3DThinker10k,150,1,1,0.0,0.0,0.0,0.0,0.0,0.0,1.0,1.0,0.0,0.0,0.0,0.0,0.0,0.0,1.0,1.0,0.0,0.0,0.0,0.0,0.0,0.0,0.0,0.0,0.0,0.0,0.0,0.0,0.0,0.0,0.0,0.0,1.0,1.0,1.0,1.0,1.0,1.0,1.0,1.0,0.0,0.0,0.0,0.0,0.0,0.0,0.0,0.0,1.0,0.75,0.75,0.0,0.75,0.75,0.75,0.75,1.0,0.5,0.5,0.0,0.5,0.5,0.5,0.5,1.0,291.0,291.0,0.0,291.0,291.0,291.0,291.0,1.0,0.0,0.0,0.0,0.0,0.0,0.0,0.0,1.0,6.0,6.0,0.0,6.0,6.0,6.0,6.0,1.0,1533.0,1533.0,0.0,1533.0,1533.0,1533.0,1533.0,1.0,290.0,290.0,0.0,290.0,290.0,290.0,290.0,1.0,0.0,0.0,0.0,0.0,0.0,0.0,0.0,1.0,29.0,29.0,0.0,29.0,29.0,29.0,29.0,1.0,0.0,0.0,0.0,0.0,0.0,0.0,0.0,1.0,6.0,6.0,0.0,6.0,6.0,6.0,6.0,1.0,0.0,0.0,0.0,0.0,0.0,0.0,0.0,1.0,0.020618556701030927,0.020618556701030927,0.0,0.020618556701030927,0.020618556701030927,0.020618556701030927,0.020618556701030927,1.0,0.0,0.0,0.0,0.0,0.0,0.0,0.0,1.0,0.020689655172413793,0.020689655172413793,0.0,0.020689655172413793,0.020689655172413793,0.020689655172413793,0.020689655172413793,1.0,2.0,2.0,0.0,2.0,2.0,2.0,2.0,1.0,0.0726643598615917,0.0726643598615917,0.0,0.0726643598615917,0.0726643598615917,0.0726643598615917,0.0726643598615917,1.0,0.45017182130584193,0.45017182130584193,0.0,0.45017182130584193,0.45017182130584193,0.45017182130584193,0.45017182130584193,1.0,0.8,0.8,0.0,0.8,0.8,0.8,0.8,1.0,0.9273356401384083,0.9273356401384083,0.0,0.9273356401384083,0.9273356401384083,0.9273356401384083,0.9273356401384083,1.0,0.9618055555555556,0.9618055555555556,0.0,0.9618055555555556,0.9618055555555556,0.9618055555555556,0.9618055555555556,1.0,0.15635834497175502,0.15635834497175502,0.0,0.15635834497175502,0.15635834497175502,0.15635834497175502,0.15635834497175502,0.0,,,,,,,,1.0,-0.03850574712643681,-0.03850574712643681,0.0,-0.03850574712643681,-0.03850574712643681,-0.03850574712643681,-0.03850574712643681,1.0,0.43387622149837135,0.43387622149837135,0.0,0.43387622149837135,0.43387622149837135,0.43387622149837135,0.43387622149837135,1.0,0.13058419243986255,0.13058419243986255,0.0,0.13058419243986255,0.13058419243986255,0.13058419243986255,0.13058419243986255,0.0,,,,,,,,1.0,0.0,0.0,0.0,0.0,0.0,0.0,0.0,1.0,1.0,1.0,0.0,1.0,1.0,1.0,1.0,1.0,1.0,1.0,0.0,1.0,1.0,1.0,1.0,1.0,1.0,1.0,0.0,1.0,1.0,1.0,1.0,1.0,-286.0,-286.0,0.0,-286.0,-286.0,-286.0,-286.0,1.0,0.0,0.0,0.0,0.0,0.0,0.0,0.0,1.0,0.0,0.0,0.0,0.0,0.0,0.0,0.0,1.0,1.0,1.0,0.0,1.0,1.0,1.0,1.0
3DThinker10k,160,1,1,0.0,0.0,1.0,1.0,1.0,1.0,1.0,1.0,1.0,1.0,0.0,0.0,0.0,0.0,0.0,0.0,0.0,0.0,0.0,0.0,0.0,0.0,0.0,0.0,0.0,0.0,0.0,0.0,0.0,0.0,0.0,0.0,1.0,1.0,1.0,1.0,1.0,1.0,1.0,1.0,0.0,0.0,0.0,0.0,0.0,0.0,0.0,0.0,1.0,1.0,1.0,0.0,1.0,1.0,1.0,1.0,1.0,1.0,1.0,0.0,1.0,1.0,1.0,1.0,1.0,241.0,241.0,0.0,241.0,241.0,241.0,241.0,1.0,233.0,233.0,0.0,233.0,233.0,233.0,233.0,1.0,5.0,5.0,0.0,5.0,5.0,5.0,5.0,1.0,1244.0,1244.0,0.0,1244.0,1244.0,1244.0,1244.0,1.0,244.0,244.0,0.0,244.0,244.0,244.0,244.0,1.0,1175.0,1175.0,0.0,1175.0,1175.0,1175.0,1175.0,1.0,23.0,23.0,0.0,23.0,23.0,23.0,23.0,1.0,233.0,233.0,0.0,233.0,233.0,233.0,233.0,1.0,5.0,5.0,0.0,5.0,5.0,5.0,5.0,1.0,0.966804979253112,0.966804979253112,0.0,0.966804979253112,0.966804979253112,0.966804979253112,0.966804979253112,1.0,0.02074688796680498,0.02074688796680498,0.0,0.02074688796680498,0.02074688796680498,0.02074688796680498,0.02074688796680498,1.0,46.6,46.6,0.0,46.6,46.6,46.6,46.6,1.0,0.029166666666666667,0.029166666666666667,0.0,0.029166666666666667,0.029166666666666667,0.029166666666666667,0.029166666666666667,1.0,2.0,2.0,0.0,2.0,2.0,2.0,2.0,1.0,0.01673640167364021,0.01673640167364021,0.0,0.01673640167364021,0.01673640167364021,0.01673640167364021,0.01673640167364021,1.0,0.4896265560165975,0.4896265560165975,0.0,0.4896265560165975,0.4896265560165975,0.4896265560165975,0.4896265560165975,1.0,0.8583333333333333,0.8583333333333333,0.0,0.8583333333333333,0.8583333333333333,0.8583333333333333,0.8583333333333333,1.0,0.9832635983263598,0.9832635983263598,0.0,0.9832635983263598,0.9832635983263598,0.9832635983263598,0.9832635983263598,1.0,1.0,1.0,0.0,1.0,1.0,1.0,1.0,1.0,0.13666597304753286,0.13666597304753286,0.0,0.13666597304753286,0.13666597304753286,0.13666597304753286,0.13666597304753286,1.0,0.1369184070080855,0.1369184070080855,0.0,0.1369184070080855,0.1369184070080855,0.1369184070080855,0.1369184070080855,1.0,-0.049565217391304345,-0.049565217391304345,0.0,-0.049565217391304345,-0.049565217391304345,-0.049565217391304345,-0.049565217391304345,1.0,0.45819935691318325,0.45819935691318325,0.0,0.45819935691318325,0.45819935691318325,0.45819935691318325,0.45819935691318325,1.0,0.11618257261410789,0.11618257261410789,0.0,0.11618257261410789,0.11618257261410789,0.11618257261410789,0.11618257261410789,1.0,0.48497854077253216,0.48497854077253216,0.0,0.48497854077253216,0.48497854077253216,0.48497854077253216,0.48497854077253216,1.0,113.0,113.0,0.0,113.0,113.0,113.0,113.0,1.0,1.0,1.0,0.0,1.0,1.0,1.0,1.0,1.0,1.0,1.0,0.0,1.0,1.0,1.0,1.0,1.0,1.0,1.0,0.0,1.0,1.0,1.0,1.0,1.0,-1.0,-1.0,0.0,-1.0,-1.0,-1.0,-1.0,1.0,0.0,0.0,0.0,0.0,0.0,0.0,0.0,1.0,0.9957264957264957,0.9957264957264957,0.0,0.9957264957264957,0.9957264957264957,0.9957264957264957,0.9957264957264957,1.0,1.0,1.0,0.0,1.0,1.0,1.0,1.0
3DThinker10k,170,2,2,0.0,0.0,2.0,1.0,2.0,1.0,2.0,1.0,2.0,1.0,0.0,0.0,0.0,0.0,0.0,0.0,0.0,0.0,0.0,0.0,0.0,0.0,0.0,0.0,0.0,0.0,0.0,0.0,0.0,0.0,0.0,0.0,2.0,1.0,2.0,1.0,2.0,1.0,2.0,1.0,0.0,0.0,0.0,0.0,0.0,0.0,0.0,0.0,2.0,1.0,1.0,0.0,1.0,1.0,1.0,1.0,2.0,1.0,1.0,0.0,1.0,1.0,1.0,1.0,2.0,352.0,352.0,89.09545442950498,289.0,415.0,320.5,383.5,2.0,346.0,346.0,89.09545442950498,283.0,409.0,314.5,377.5,2.0,4.0,4.0,0.0,4.0,4.0,4.0,4.0,2.0,1887.0,1887.0,446.89148570989806,1571.0,2203.0,1729.0,2045.0,2.0,347.0,347.0,83.43860018001261,288.0,406.0,317.5,376.5,2.0,1819.0,1819.0,446.89148570989806,1503.0,2135.0,1661.0,1977.0,2.0,22.0,22.0,0.0,22.0,22.0,22.0,22.0,2.0,337.0,337.0,83.43860018001261,278.0,396.0,307.5,366.5,2.0,4.0,4.0,0.0,4.0,4.0,4.0,4.0,2.0,0.9823904614999792,0.9823904614999792,0.004457187031117093,0.9792387543252595,0.9855421686746988,0.9808146079126193,0.983966315087339,2.0,0.011739692333347231,0.011739692333347231,0.002971458020744736,0.00963855421686747,0.01384083044982699,0.01068912327510735,0.01279026139158711,2.0,86.5,86.5,22.273863607376246,70.75,102.25,78.625,94.375,2.0,0.0304951690821256,0.0304951690821256,0.015798883396076244,0.01932367149758454,0.041666666666666664,0.024909420289855072,0.036080917874396136,2.0,2.5,2.5,0.7071067811865476,2.0,3.0,2.25,2.75,2.0,0.04972538829504519,0.04972538829504519,0.03582930480470428,0.024390243902439046,0.07506053268765134,0.03705781609874212,0.062392960491348265,2.0,0.45787718347438194,0.45787718347438194,0.03755003201214925,0.43132530120481927,0.4844290657439446,0.44460124233960063,0.47115312460916325,2.0,0.8245018115942029,0.8245018115942029,0.07632568667698997,0.7705314009661836,0.8784722222222222,0.7975166062801933,0.8514870169082125,2.0,0.9502746117049548,0.9502746117049548,0.03582930480470428,0.9249394673123487,0.975609756097561,0.9376070395086518,0.9629421839012579,2.0,0.9861158259216511,0.9861158259216511,0.014690384618309656,0.9757281553398058,0.9965034965034965,0.9809219906307285,0.9913096612125738,2.0,0.1536400253929399,0.1536400253929399,0.011944985492905992,0.14519364514973113,0.16208640563614865,0.1494168352713355,0.15786321551454427,2.0,0.15494223380475253,0.15494223380475253,0.012224660536242759,0.1462980934418717,0.16358637416763336,0.1506201636233121,0.15926430398619296,2.0,-0.04772727272727271,-0.04772727272727271,0.0,-0.04772727272727271,-0.04772727272727271,-0.04772727272727271,-0.04772727272727271,2.0,0.4259370963269071,0.4259370963269071,0.023272699574750852,0.40948081264108355,0.44239338001273076,0.41770895448399536,0.43416523816981895,2.0,0.11711760536957519,0.11711760536957519,0.028612074949750405,0.09688581314878893,0.13734939759036144,0.10700170925918205,0.12723350147996831,2.0,0.45245233137791907,0.45245233137791907,0.034760620879603424,0.4278728606356968,0.47703180212014135,0.44016259600680796,0.4647420667490302,2.0,155.0,155.0,28.284271247461902,135.0,175.0,145.0,165.0,2.0,1.0,1.0,0.0,1.0,1.0,1.0,1.0,2.0,1.0,1.0,0.0,1.0,1.0,1.0,1.0,2.0,1.0,1.0,0.0,1.0,1.0,1.0,1.0,2.0,-4.5,-4.5,0.7071067811865476,-5.0,-4.0,-4.75,-4.25,2.0,0.0,0.0,0.0,0.0,0.0,0.0,0.0,2.0,0.9864768294323378,0.9864768294323378,0.00542766756812721,0.9826388888888888,0.9903147699757869,0.9845578591606133,0.9883957997040624,2.0,1.0,1.0,0.0,1.0,1.0,1.0,1.0
3DThinker10k,180,2,2,0.0,0.0,1.0,0.5,1.0,0.5,2.0,1.0,1.0,0.5,0.0,0.0,0.0,0.0,1.0,0.5,0.0,0.0,0.0,0.0,0.0,0.0,0.0,0.0,0.0,0.0,0.0,0.0,0.0,0.0,0.0,0.0,2.0,1.0,2.0,1.0,2.0,1.0,2.0,1.0,0.0,0.0,0.0,0.0,0.0,0.0,0.0,0.0,2.0,0.875,0.875,0.1767766952966369,0.75,1.0,0.8125,0.9375,2.0,0.75,0.75,0.3535533905932738,0.5,1.0,0.625,0.875,2.0,306.5,306.5,55.86143571373726,267.0,346.0,286.75,326.25,2.0,169.5,169.5,239.7091988222396,0.0,339.0,84.75,254.25,2.0,3.5,3.5,2.1213203435596424,2.0,5.0,2.75,4.25,2.0,1681.0,1681.0,325.2691193458119,1451.0,1911.0,1566.0,1796.0,2.0,307.5,307.5,58.68986283848344,266.0,349.0,286.75,328.25,2.0,918.0,918.0,1298.2480502585013,0.0,1836.0,459.0,1377.0,2.0,17.5,17.5,16.263455967290593,6.0,29.0,11.75,23.25,2.0,169.0,169.0,239.00209204105306,0.0,338.0,84.5,253.5,2.0,3.5,3.5,2.1213203435596424,2.0,5.0,2.75,4.25,2.0,0.48988439306358383,0.48988439306358383,0.6928011526654324,0.0,0.9797687861271677,0.24494219653179192,0.7348265895953757,2.0,0.010970751878071486,0.010970751878071486,0.004921626077622806,0.00749063670411985,0.014450867052023121,0.009230694291095668,0.012710809465047303,2.0,33.9,33.9,47.94183976444792,0.0,67.8,16.95,50.849999999999994,2.0,0.04037811921107115,0.04037811921107115,0.012012416605315763,0.03188405797101449,0.04887218045112782,0.036131088591042824,0.044625149831099484,2.0,3.0,3.0,0.0,3.0,3.0,3.0,3.0,2.0,0.024989030276437008,0.024989030276437008,0.013993205718083905,0.015094339622641506,0.03488372093023251,0.020041684949539257,0.02993637560333476,2.0,0.497883786884891,0.497883786884891,0.021531157319366973,0.48265895953757226,0.5131086142322098,0.49027137321123165,0.5054962005585504,2.0,0.8730249536885692,0.8730249536885692,0.02538865472387132,0.855072463768116,0.8909774436090225,0.8640487087283426,0.8820011986487959,2.0,0.9750109697235629,0.9750109697235629,0.013993205718083905,0.9651162790697675,0.9849056603773585,0.9700636243966653,0.9799583150504607,2.0,0.9966483346585387,0.9966483346585387,0.0006168989720131841,0.9962121212121212,0.9970845481049563,0.99643022793533,0.9968664413817475,2.0,0.14707760357716237,0.14707760357716237,0.004145199294680246,0.1441465050465243,0.15000870210780048,0.14561205431184335,0.14854315284248143,1.0,0.15001497903022068,0.15001497903022068,0.0,0.15001497903022068,0.15001497903022068,0.15001497903022068,0.15001497903022068,2.0,-0.17234811165845654,-0.17234811165845654,0.1939957323491763,-0.3095238095238096,-0.03517241379310347,-0.24093596059113306,-0.10376026272578,2.0,0.45247301251416916,0.45247301251416916,0.017993610143471717,0.4397496087636933,0.4651964162646451,0.4461113106389312,0.45883471438940715,2.0,0.1392424931263666,0.1392424931263666,0.011534821926870262,0.13108614232209737,0.14739884393063585,0.13516431772423199,0.14332066852850123,1.0,0.4808259587020649,0.4808259587020649,0.0,0.4808259587020649,0.4808259587020649,0.4808259587020649,0.4808259587020649,2.0,81.5,81.5,115.25840533340725,0.0,163.0,40.75,122.25,2.0,1.0,1.0,0.0,1.0,1.0,1.0,1.0,2.0,1.0,1.0,0.0,1.0,1.0,1.0,1.0,2.0,1.0,1.0,0.0,1.0,1.0,1.0,1.0,2.0,-138.5,-138.5,183.1406563273158,-268.0,-9.0,-203.25,-73.75,2.0,0.0,0.0,0.0,0.0,0.0,0.0,0.0,2.0,0.4870689655172414,0.4870689655172414,0.6888195368455161,0.0,0.9741379310344828,0.2435344827586207,0.7306034482758621,2.0,1.0,1.0,0.0,1.0,1.0,1.0,1.0
3DThinker10k,200,3,3,0.0,0.0,3.0,1.0,3.0,1.0,3.0,1.0,3.0,1.0,0.0,0.0,0.0,0.0,0.0,0.0,0.0,0.0,0.0,0.0,0.0,0.0,0.0,0.0,0.0,0.0,0.0,0.0,0.0,0.0,0.0,0.0,3.0,1.0,3.0,1.0,3.0,1.0,3.0,1.0,0.0,0.0,0.0,0.0,0.0,0.0,0.0,0.0,3.0,1.0,1.0,0.0,1.0,1.0,1.0,1.0,3.0,1.0,1.0,0.0,1.0,1.0,1.0,1.0,3.0,251.66666666666666,248.0,28.676354952004157,225.0,282.0,236.5,265.0,3.0,247.0,244.0,28.61817604250837,220.0,277.0,232.0,260.5,3.0,2.3333333333333335,2.0,0.5773502691896258,2.0,3.0,2.0,2.5,3.0,1419.0,1361.0,151.56516750229915,1305.0,1591.0,1333.0,1476.0,3.0,255.0,253.0,26.057628441590765,230.0,282.0,241.5,267.5,3.0,1363.3333333333333,1308.0,146.08330956455407,1253.0,1529.0,1280.5,1418.5,3.0,9.666666666666666,7.0,5.507570547286102,6.0,16.0,6.5,11.5,3.0,246.66666666666666,245.0,25.540817005987364,222.0,273.0,233.5,259.0,3.0,2.3333333333333335,2.0,0.5773502691896258,2.0,3.0,2.0,2.5,3.0,0.9813060830219374,0.9822695035460993,0.0031587775031822573,0.9777777777777777,0.9838709677419355,0.9800236406619385,0.9830702356440174,3.0,0.009197234296753858,0.008888888888888889,0.0013143042963713416,0.008064516129032258,0.010638297872340425,0.008476702508960574,0.009763593380614657,3.0,108.1111111111111,110.0,14.923260491719088,92.33333333333333,122.0,101.16666666666666,116.0,3.0,0.03126061286531412,0.026785714285714284,0.009988962006274306,0.024291497975708502,0.042704626334519574,0.02553860613071139,0.03474517031011693,3.0,2.3333333333333335,2.0,0.5773502691896258,2.0,3.0,2.0,2.5,3.0,0.031129678529328537,0.03928571428571426,0.015323725990017743,0.013452914798206317,0.04065040650406504,0.026369314541960287,0.03996806039488965,3.0,0.5124479524136353,0.5403225806451613,0.053867886932201646,0.450354609929078,0.5466666666666666,0.49533859528711965,0.5434946236559139,3.0,0.8759769624924617,0.8906882591093117,0.04826898474430032,0.8220640569395018,0.9151785714285714,0.8563761580244067,0.9029334152689416,3.0,0.9688703214706714,0.9607142857142857,0.015323725990017743,0.959349593495935,0.9865470852017937,0.9600319396051104,0.9736306854580397,3.0,0.9869168048891552,0.985663082437276,0.008025612467890877,0.9795918367346939,0.9954954954954955,0.982627459585985,0.9905792889663858,3.0,0.14053355214669833,0.13534953777243203,0.017665422532488075,0.12604013720041937,0.16021098146724355,0.13069483748642569,0.1477802596198378,3.0,0.14220153926511903,0.13671466450133835,0.01778068226630854,0.12781099532770243,0.1620789579663163,0.13226282991452037,0.1493968112338273,3.0,-0.21043083900226758,-0.2551020408163265,0.127442281691823,-0.3095238095238096,-0.06666666666666668,-0.282312925170068,-0.16088435374149657,3.0,0.4589789673103089,0.47918188458729,0.03883694134818224,0.4142049025769956,0.48355011476664117,0.4466933935821428,0.4813659996769656,3.0,0.10486196903835887,0.09274193548387097,0.032654871256855046,0.08,0.14184397163120568,0.08637096774193548,0.11729295355753833,3.0,0.503031827417813,0.5286885245901639,0.051229481021421865,0.44404332129963897,0.5363636363636364,0.48636592294490144,0.5325260804769001,3.0,123.33333333333333,123.0,5.507570547286102,118.0,129.0,120.5,126.0,3.0,1.0,1.0,0.0,1.0,1.0,1.0,1.0,3.0,1.0,1.0,0.0,1.0,1.0,1.0,1.0,3.0,1.0,1.0,0.0,1.0,1.0,1.0,1.0,3.0,-8.333333333333334,-8.0,4.509249752822894,-13.0,-4.0,-10.5,-6.0,3.0,0.0,0.0,0.0,0.0,0.0,0.0,0.0,3.0,0.9666979158897885,0.9649122807017544,0.018240061967632875,0.9494163424124513,0.9857651245551602,0.9571643115571029,0.9753387026284572,3.0,1.0,1.0,0.0,1.0,1.0,1.0,1.0
3DThinker10k,210,2,2,0.0,0.0,2.0,1.0,2.0,1.0,2.0,1.0,2.0,1.0,0.0,0.0,0.0,0.0,0.0,0.0,0.0,0.0,0.0,0.0,0.0,0.0,0.0,0.0,0.0,0.0,0.0,0.0,0.0,0.0,0.0,0.0,2.0,1.0,2.0,1.0,2.0,1.0,2.0,1.0,0.0,0.0,0.0,0.0,0.0,0.0,0.0,0.0,2.0,1.0,1.0,0.0,1.0,1.0,1.0,1.0,2.0,1.0,1.0,0.0,1.0,1.0,1.0,1.0,2.0,279.0,279.0,73.53910524340094,227.0,331.0,253.0,305.0,2.0,275.0,275.0,73.53910524340094,223.0,327.0,249.0,301.0,2.0,2.0,2.0,0.0,2.0,2.0,2.0,2.0,2.0,1512.5,1512.5,409.414826307011,1223.0,1802.0,1367.75,1657.25,2.0,281.0,281.0,70.71067811865476,231.0,331.0,256.0,306.0,2.0,1458.0,1458.0,412.95036021294374,1166.0,1750.0,1312.0,1604.0,2.0,8.5,8.5,3.5355339059327378,6.0,11.0,7.25,9.75,2.0,273.0,273.0,70.71067811865476,223.0,323.0,248.0,298.0,2.0,2.0,2.0,0.0,2.0,2.0,2.0,2.0,2.0,0.9851471312402678,0.9851471312402678,0.003914934332933237,0.9823788546255506,0.9879154078549849,0.9837629929329093,0.9865312695476263,2.0,0.007426434379866112,0.007426434379866112,0.0019574671664666136,0.006042296072507553,0.00881057268722467,0.006734365226186832,0.008118503533545391,2.0,137.5,137.5,36.76955262170047,111.5,163.5,124.5,150.5,2.0,0.026092786269777422,0.026092786269777422,0.006902302717937872,0.021212121212121213,0.030973451327433628,0.023652453740949316,0.028533118798605525,2.0,2.5,2.5,0.7071067811865476,2.0,3.0,2.25,2.75,2.0,0.021749408983451568,0.021749408983451568,0.000668658894739053,0.021276595744680882,0.022222222222222254,0.021513002364066225,0.02198581560283691,2.0,0.49222753104329425,0.49222753104329425,0.004583108221486702,0.4889867841409692,0.4954682779456193,0.4906071575921317,0.4938479044944568,2.0,0.8778090640922499,0.8778090640922499,0.039953713809601894,0.8495575221238938,0.906060606060606,0.8636832931080718,0.891934835076428,2.0,0.9782505910165484,0.9782505910165484,0.000668658894739053,0.9777777777777777,0.9787234042553191,0.978014184397163,0.9784869976359338,2.0,0.9931946864111498,0.9931946864111498,0.003310713370102537,0.9908536585365854,0.9955357142857143,0.9920241724738676,0.994365200348432,2.0,0.1366175336692828,0.1366175336692828,0.008096282679981148,0.13089259728386493,0.14234247005470066,0.13375506547657387,0.13948000186199172,2.0,0.13893678210695573,0.13893678210695573,0.008095649817834494,0.13321229322265332,0.14466127099125814,0.13607453766480454,0.14179902654910692,2.0,-0.222943722943723,-0.222943722943723,0.12244273267299528,-0.3095238095238096,-0.13636363636363638,-0.26623376623376627,-0.17965367965367968,2.0,0.46072424027502334,0.46072424027502334,0.006320304103466725,0.4562551103843009,0.46519337016574586,0.4584896753296621,0.46295880522038463,2.0,0.11800444521341016,0.11800444521341016,0.03870703103690951,0.09063444108761329,0.14537444933920704,0.10431944315051173,0.1316894472763086,2.0,0.4845586319441587,0.4845586319441587,0.006700549715444165,0.4798206278026906,0.4892966360856269,0.4821896298734247,0.4869276340148928,2.0,133.5,133.5,37.476659402887016,107.0,160.0,120.25,146.75,2.0,1.0,1.0,0.0,1.0,1.0,1.0,1.0,2.0,1.0,1.0,0.0,1.0,1.0,1.0,1.0,2.0,1.0,1.0,0.0,1.0,1.0,1.0,1.0,2.0,-3.5,-3.5,2.1213203435596424,-5.0,-2.0,-4.25,-2.75,2.0,0.0,0.0,0.0,0.0,0.0,0.0,0.0,2.0,0.988025435073628,0.988025435073628,0.00436380490129852,0.9849397590361446,0.9911111111111112,0.9864825970548863,0.9895682730923695,2.0,1.0,1.0,0.0,1.0,1.0,1.0,1.0
3DThinker10k,220,1,1,0.0,0.0,1.0,1.0,1.0,1.0,1.0,1.0,1.0,1.0,0.0,0.0,0.0,0.0,0.0,0.0,0.0,0.0,0.0,0.0,0.0,0.0,0.0,0.0,0.0,0.0,0.0,0.0,0.0,0.0,0.0,0.0,1.0,1.0,1.0,1.0,1.0,1.0,1.0,1.0,0.0,0.0,0.0,0.0,0.0,0.0,0.0,0.0,1.0,1.0,1.0,0.0,1.0,1.0,1.0,1.0,1.0,1.0,1.0,0.0,1.0,1.0,1.0,1.0,1.0,234.0,234.0,0.0,234.0,234.0,234.0,234.0,1.0,229.0,229.0,0.0,229.0,229.0,229.0,229.0,1.0,3.0,3.0,0.0,3.0,3.0,3.0,3.0,1.0,1300.0,1300.0,0.0,1300.0,1300.0,1300.0,1300.0,1.0,234.0,234.0,0.0,234.0,234.0,234.0,234.0,1.0,1237.0,1237.0,0.0,1237.0,1237.0,1237.0,1237.0,1.0,17.0,17.0,0.0,17.0,17.0,17.0,17.0,1.0,225.0,225.0,0.0,225.0,225.0,225.0,225.0,1.0,3.0,3.0,0.0,3.0,3.0,3.0,3.0,1.0,0.9786324786324786,0.9786324786324786,0.0,0.9786324786324786,0.9786324786324786,0.9786324786324786,0.9786324786324786,1.0,0.01282051282051282,0.01282051282051282,0.0,0.01282051282051282,0.01282051282051282,0.01282051282051282,0.01282051282051282,1.0,76.33333333333333,76.33333333333333,0.0,76.33333333333333,76.33333333333333,76.33333333333333,76.33333333333333,1.0,0.02575107296137339,0.02575107296137339,0.0,0.02575107296137339,0.02575107296137339,0.02575107296137339,0.02575107296137339,1.0,2.0,2.0,0.0,2.0,2.0,2.0,2.0,1.0,0.012931034482758674,0.012931034482758674,0.0,0.012931034482758674,0.012931034482758674,0.012931034482758674,0.012931034482758674,1.0,0.5555555555555556,0.5555555555555556,0.0,0.5555555555555556,0.5555555555555556,0.5555555555555556,0.5555555555555556,1.0,0.9184549356223176,0.9184549356223176,0.0,0.9184549356223176,0.9184549356223176,0.9184549356223176,0.9184549356223176,1.0,0.9870689655172413,0.9870689655172413,0.0,0.9870689655172413,0.9870689655172413,0.9870689655172413,0.9870689655172413,1.0,0.9913419913419913,0.9913419913419913,0.0,0.9913419913419913,0.9913419913419913,0.9913419913419913,0.9913419913419913,1.0,0.12669256004219748,0.12669256004219748,0.0,0.12669256004219748,0.12669256004219748,0.12669256004219748,0.12669256004219748,1.0,0.12746089413111827,0.12746089413111827,0.0,0.12746089413111827,0.12746089413111827,0.12746089413111827,0.12746089413111827,1.0,-0.06078431372549022,-0.06078431372549022,0.0,-0.06078431372549022,-0.06078431372549022,-0.06078431372549022,-0.06078431372549022,1.0,0.4823076923076923,0.4823076923076923,0.0,0.4823076923076923,0.4823076923076923,0.4823076923076923,0.4823076923076923,1.0,0.08974358974358974,0.08974358974358974,0.0,0.08974358974358974,0.08974358974358974,0.08974358974358974,0.08974358974358974,1.0,0.5502183406113537,0.5502183406113537,0.0,0.5502183406113537,0.5502183406113537,0.5502183406113537,0.5502183406113537,1.0,126.0,126.0,0.0,126.0,126.0,126.0,126.0,1.0,1.0,1.0,0.0,1.0,1.0,1.0,1.0,1.0,1.0,1.0,0.0,1.0,1.0,1.0,1.0,1.0,1.0,1.0,0.0,1.0,1.0,1.0,1.0,1.0,0.0,0.0,0.0,0.0,0.0,0.0,0.0,1.0,0.0,0.0,0.0,0.0,0.0,0.0,0.0,1.0,1.0,1.0,0.0,1.0,1.0,1.0,1.0,1.0,1.0,1.0,0.0,1.0,1.0,1.0,1.0
3DThinker10k,230,1,1,0.0,0.0,1.0,1.0,1.0,1.0,1.0,1.0,1.0,1.0,0.0,0.0,0.0,0.0,0.0,0.0,0.0,0.0,0.0,0.0,0.0,0.0,0.0,0.0,0.0,0.0,0.0,0.0,0.0,0.0,0.0,0.0,1.0,1.0,1.0,1.0,1.0,1.0,1.0,1.0,0.0,0.0,0.0,0.0,0.0,0.0,0.0,0.0,1.0,1.0,1.0,0.0,1.0,1.0,1.0,1.0,1.0,1.0,1.0,0.0,1.0,1.0,1.0,1.0,1.0,260.0,260.0,0.0,260.0,260.0,260.0,260.0,1.0,256.0,256.0,0.0,256.0,256.0,256.0,256.0,1.0,2.0,2.0,0.0,2.0,2.0,2.0,2.0,1.0,1394.0,1394.0,0.0,1394.0,1394.0,1394.0,1394.0,1.0,255.0,255.0,0.0,255.0,255.0,255.0,255.0,1.0,1342.0,1342.0,0.0,1342.0,1342.0,1342.0,1342.0,1.0,6.0,6.0,0.0,6.0,6.0,6.0,6.0,1.0,247.0,247.0,0.0,247.0,247.0,247.0,247.0,1.0,2.0,2.0,0.0,2.0,2.0,2.0,2.0,1.0,0.9846153846153847,0.9846153846153847,0.0,0.9846153846153847,0.9846153846153847,0.9846153846153847,0.9846153846153847,1.0,0.007692307692307693,0.007692307692307693,0.0,0.007692307692307693,0.007692307692307693,0.007692307692307693,0.007692307692307693,1.0,128.0,128.0,0.0,128.0,128.0,128.0,128.0,1.0,0.02702702702702703,0.02702702702702703,0.0,0.02702702702702703,0.02702702702702703,0.02702702702702703,0.02702702702702703,1.0,2.0,2.0,0.0,2.0,2.0,2.0,2.0,1.0,0.03100775193798455,0.03100775193798455,0.0,0.03100775193798455,0.03100775193798455,0.03100775193798455,0.03100775193798455,1.0,0.5153846153846153,0.5153846153846153,0.0,0.5153846153846153,0.5153846153846153,0.5153846153846153,0.5153846153846153,1.0,0.8764478764478765,0.8764478764478765,0.0,0.8764478764478765,0.8764478764478765,0.8764478764478765,0.8764478764478765,1.0,0.9689922480620154,0.9689922480620154,0.0,0.9689922480620154,0.9689922480620154,0.9689922480620154,0.9689922480620154,1.0,0.9883268482490273,0.9883268482490273,0.0,0.9883268482490273,0.9883268482490273,0.9883268482490273,0.9883268482490273,1.0,0.13604129001763382,0.13604129001763382,0.0,0.13604129001763382,0.13604129001763382,0.13604129001763382,0.13604129001763382,1.0,0.1388386512556928,0.1388386512556928,0.0,0.1388386512556928,0.1388386512556928,0.1388386512556928,0.1388386512556928,1.0,-0.3095238095238096,-0.3095238095238096,0.0,-0.3095238095238096,-0.3095238095238096,-0.3095238095238096,-0.3095238095238096,1.0,0.4684361549497848,0.4684361549497848,0.0,0.4684361549497848,0.4684361549497848,0.4684361549497848,0.4684361549497848,1.0,0.09615384615384616,0.09615384615384616,0.0,0.09615384615384616,0.09615384615384616,0.09615384615384616,0.09615384615384616,1.0,0.50390625,0.50390625,0.0,0.50390625,0.50390625,0.50390625,0.50390625,1.0,129.0,129.0,0.0,129.0,129.0,129.0,129.0,1.0,1.0,1.0,0.0,1.0,1.0,1.0,1.0,1.0,1.0,1.0,0.0,1.0,1.0,1.0,1.0,1.0,1.0,1.0,0.0,1.0,1.0,1.0,1.0,1.0,-1.0,-1.0,0.0,-1.0,-1.0,-1.0,-1.0,1.0,0.0,0.0,0.0,0.0,0.0,0.0,0.0,1.0,0.9961089494163424,0.9961089494163424,0.0,0.9961089494163424,0.9961089494163424,0.9961089494163424,0.9961089494163424,1.0,1.0,1.0,0.0,1.0,1.0,1.0,1.0
3DThinker10k,240,2,2,0.0,0.0,1.0,0.5,1.0,0.5,2.0,1.0,1.0,0.5,0.0,0.0,0.0,0.0,1.0,0.5,0.0,0.0,0.0,0.0,0.0,0.0,0.0,0.0,0.0,0.0,0.0,0.0,0.0,0.0,0.0,0.0,2.0,1.0,2.0,1.0,2.0,1.0,2.0,1.0,0.0,0.0,0.0,0.0,0.0,0.0,0.0,0.0,2.0,0.875,0.875,0.1767766952966369,0.75,1.0,0.8125,0.9375,2.0,0.75,0.75,0.3535533905932738,0.5,1.0,0.625,0.875,2.0,265.5,265.5,77.07463914933368,211.0,320.0,238.25,292.75,2.0,103.0,103.0,145.6639969244288,0.0,206.0,51.5,154.5,2.0,2.5,2.5,0.7071067811865476,2.0,3.0,2.25,2.75,2.0,1395.0,1395.0,387.49451609022805,1121.0,1669.0,1258.0,1532.0,2.0,264.0,264.0,74.95331880577403,211.0,317.0,237.5,290.5,2.0,534.5,534.5,755.8971490884193,0.0,1069.0,267.25,801.75,2.0,10.0,10.0,5.656854249492381,6.0,14.0,8.0,12.0,2.0,101.5,101.5,143.54267658086914,0.0,203.0,50.75,152.25,2.0,2.5,2.5,0.7071067811865476,2.0,3.0,2.25,2.75,2.0,0.4881516587677725,0.4881516587677725,0.690350696324307,0.0,0.976303317535545,0.24407582938388625,0.7322274881516587,2.0,0.009426836492890996,0.009426836492890996,7.330787127230278e-05,0.009375,0.009478672985781991,0.009400918246445497,0.009452754739336494,2.0,51.5,51.5,72.8319984622144,0.0,103.0,25.75,77.25,2.0,0.02363039259590984,0.02363039259590984,0.006481020505277507,0.01904761904761905,0.02821316614420063,0.021339005821764442,0.025921779370055235,2.0,2.0,2.0,0.0,2.0,2.0,2.0,2.0,2.0,0.027000391200987017,0.027000391200987017,0.015948257124351266,0.01572327044025157,0.038277511961722466,0.021361830820619293,0.03263895158135474,2.0,0.4956901658767773,0.4956901658767773,0.002743808896191843,0.49375,0.4976303317535545,0.49472008293838865,0.49666024881516585,2.0,0.8682564561874907,0.8682564561874907,0.008982652198682644,0.861904761904762,0.8746081504702194,0.8650806090461263,0.8714323033288551,2.0,0.9729996087990129,0.9729996087990129,0.015948257124351266,0.9617224880382775,0.9842767295597484,0.9673610484186452,0.9786381691793807,2.0,0.9936150206260617,0.9936150206260617,0.00456848290441441,0.9903846153846154,0.9968454258675079,0.9919998180053385,0.9952302232467848,2.0,0.13581547304621566,0.13581547304621566,0.0006115492546972446,0.13538304242118965,0.13624790367124165,0.13559925773370266,0.13603168835872864,1.0,0.13730051838580026,0.13730051838580026,0.0,0.13730051838580026,0.13730051838580026,0.13730051838580026,0.13730051838580026,2.0,-0.19523809523809527,-0.19523809523809527,0.16162440712835377,-0.3095238095238096,-0.08095238095238094,-0.25238095238095243,-0.1380952380952381,2.0,0.462120025719568,0.462120025719568,0.018877355559507866,0.4487717195925704,0.47546833184656556,0.4554458726560692,0.4687941787830668,2.0,0.10687203791469194,0.10687203791469194,0.009718529220099461,0.1,0.11374407582938388,0.10343601895734597,0.11030805687203792,1.0,0.4854368932038835,0.4854368932038835,0.0,0.4854368932038835,0.4854368932038835,0.4854368932038835,0.4854368932038835,2.0,50.0,50.0,70.71067811865476,0.0,100.0,25.0,75.0,2.0,1.0,1.0,0.0,1.0,1.0,1.0,1.0,2.0,1.0,1.0,0.0,1.0,1.0,1.0,1.0,2.0,1.0,1.0,0.0,1.0,1.0,1.0,1.0,2.0,-159.0,-159.0,226.27416997969522,-319.0,1.0,-239.0,-79.0,2.0,0.0,0.0,0.0,0.0,0.0,0.0,0.0,2.0,0.5024390243902439,0.5024390243902439,0.7105560825581891,0.0,1.0048780487804878,0.25121951219512195,0.7536585365853659,2.0,1.0,1.0,0.0,1.0,1.0,1.0,1.0
3DThinker10k,250,2,2,0.0,0.0,0.0,0.0,0.0,0.0,2.0,1.0,0.0,0.0,0.0,0.0,0.0,0.0,2.0,1.0,0.0,0.0,0.0,0.0,0.0,0.0,0.0,0.0,0.0,0.0,0.0,0.0,0.0,0.0,0.0,0.0,2.0,1.0,2.0,1.0,2.0,1.0,2.0,1.0,0.0,0.0,0.0,0.0,0.0,0.0,0.0,0.0,2.0,0.75,0.75,0.0,0.75,0.75,0.75,0.75,2.0,0.5,0.5,0.0,0.5,0.5,0.5,0.5,2.0,344.5,344.5,232.63813101037414,180.0,509.0,262.25,426.75,2.0,0.0,0.0,0.0,0.0,0.0,0.0,0.0,2.0,2.5,2.5,0.7071067811865476,2.0,3.0,2.25,2.75,2.0,1814.5,1814.5,1151.876946552886,1000.0,2629.0,1407.25,2221.75,2.0,342.5,342.5,224.15284963613556,184.0,501.0,263.25,421.75,2.0,0.0,0.0,0.0,0.0,0.0,0.0,0.0,2.0,9.0,9.0,4.242640687119285,6.0,12.0,7.5,10.5,2.0,0.0,0.0,0.0,0.0,0.0,0.0,0.0,2.0,2.5,2.5,0.7071067811865476,2.0,3.0,2.25,2.75,2.0,0.0,0.0,0.0,0.0,0.0,0.0,0.0,2.0,0.008502510368915084,0.008502510368915084,0.0036891185484301432,0.005893909626719057,0.011111111111111112,0.007198209997817071,0.009806810740013099,2.0,0.0,0.0,0.0,0.0,0.0,0.0,0.0,2.0,0.025112171732723357,0.025112171732723357,0.011812070565063629,0.01675977653631285,0.03346456692913386,0.0209359741345181,0.02928836933092861,2.0,2.0,2.0,0.0,2.0,2.0,2.0,2.0,2.0,0.025879263346851922,0.025879263346851922,0.0031262948573169904,0.023668639053254448,0.028089887640449396,0.024773951200053185,0.02698457549365066,2.0,0.47996616459288366,0.47996616459288366,0.11475628388411672,0.3988212180746562,0.5611111111111111,0.43939369133376993,0.5205386378519974,2.0,0.8632659569788412,0.8632659569788412,0.04325908397198745,0.8326771653543307,0.8938547486033519,0.847971561166586,0.8785603527910966,2.0,0.9741207366531481,0.9741207366531481,0.0031262948573169904,0.9719101123595506,0.9763313609467456,0.9730154245063494,0.9752260487999468,2.0,0.9913858556084054,0.9913858556084054,0.003797574437269511,0.9887005649717514,0.9940711462450593,0.9900432102900784,0.9927285009267324,2.0,0.141048090411016,0.141048090411016,0.014370754487389975,0.13088643246221554,0.15120974835981646,0.13596726143661578,0.14612891938541622,0.0,,,,,,,,2.0,-0.2047619047619048,-0.2047619047619048,0.14815570653432425,-0.3095238095238096,-0.10000000000000003,-0.25714285714285723,-0.15238095238095242,2.0,0.4455551330798479,0.4455551330798479,0.04022711657837688,0.4171102661596958,0.474,0.43133269961977183,0.45977756653992397,2.0,0.12350469329840646,0.12350469329840646,0.025383914028842547,0.10555555555555556,0.14145383104125736,0.114530124426981,0.1324792621698319,0.0,,,,,,,,2.0,0.0,0.0,0.0,0.0,0.0,0.0,0.0,2.0,1.0,1.0,0.0,1.0,1.0,1.0,1.0,2.0,1.0,1.0,0.0,1.0,1.0,1.0,1.0,2.0,1.0,1.0,0.0,1.0,1.0,1.0,1.0,2.0,-338.0,-338.0,223.44574285494903,-496.0,-180.0,-417.0,-259.0,2.0,0.0,0.0,0.0,0.0,0.0,0.0,0.0,2.0,0.0,0.0,0.0,0.0,0.0,0.0,0.0,2.0,1.0,1.0,0.0,1.0,1.0,1.0,1.0
3DThinker10k,260,1,1,0.0,0.0,1.0,1.0,1.0,1.0,1.0,1.0,1.0,1.0,0.0,0.0,0.0,0.0,0.0,0.0,0.0,0.0,0.0,0.0,0.0,0.0,0.0,0.0,0.0,0.0,0.0,0.0,0.0,0.0,0.0,0.0,1.0,1.0,1.0,1.0,1.0,1.0,1.0,1.0,0.0,0.0,0.0,0.0,0.0,0.0,0.0,0.0,1.0,1.0,1.0,0.0,1.0,1.0,1.0,1.0,1.0,1.0,1.0,0.0,1.0,1.0,1.0,1.0,1.0,281.0,281.0,0.0,281.0,281.0,281.0,281.0,1.0,276.0,276.0,0.0,276.0,276.0,276.0,276.0,1.0,3.0,3.0,0.0,3.0,3.0,3.0,3.0,1.0,1536.0,1536.0,0.0,1536.0,1536.0,1536.0,1536.0,1.0,279.0,279.0,0.0,279.0,279.0,279.0,279.0,1.0,1477.0,1477.0,0.0,1477.0,1477.0,1477.0,1477.0,1.0,13.0,13.0,0.0,13.0,13.0,13.0,13.0,1.0,270.0,270.0,0.0,270.0,270.0,270.0,270.0,1.0,3.0,3.0,0.0,3.0,3.0,3.0,3.0,1.0,0.9822064056939501,0.9822064056939501,0.0,0.9822064056939501,0.9822064056939501,0.9822064056939501,0.9822064056939501,1.0,0.010676156583629894,0.010676156583629894,0.0,0.010676156583629894,0.010676156583629894,0.010676156583629894,0.010676156583629894,1.0,92.0,92.0,0.0,92.0,92.0,92.0,92.0,1.0,0.017857142857142856,0.017857142857142856,0.0,0.017857142857142856,0.017857142857142856,0.017857142857142856,0.017857142857142856,1.0,2.0,2.0,0.0,2.0,2.0,2.0,2.0,1.0,0.014336917562724039,0.014336917562724039,0.0,0.014336917562724039,0.014336917562724039,0.014336917562724039,0.014336917562724039,1.0,0.5480427046263345,0.5480427046263345,0.0,0.5480427046263345,0.5480427046263345,0.5480427046263345,0.5480427046263345,1.0,0.9071428571428571,0.9071428571428571,0.0,0.9071428571428571,0.9071428571428571,0.9071428571428571,0.9071428571428571,1.0,0.985663082437276,0.985663082437276,0.0,0.985663082437276,0.985663082437276,0.985663082437276,0.985663082437276,1.0,1.0,1.0,0.0,1.0,1.0,1.0,1.0,1.0,0.12412557535354862,0.12412557535354862,0.0,0.12412557535354862,0.12412557535354862,0.12412557535354862,0.12412557535354862,1.0,0.1255575320235377,0.1255575320235377,0.0,0.1255575320235377,0.1255575320235377,0.1255575320235377,0.1255575320235377,1.0,-0.08974358974358976,-0.08974358974358976,0.0,-0.08974358974358976,-0.08974358974358976,-0.08974358974358976,-0.08974358974358976,1.0,0.4739583333333333,0.4739583333333333,0.0,0.4739583333333333,0.4739583333333333,0.4739583333333333,0.4739583333333333,1.0,0.07473309608540925,0.07473309608540925,0.0,0.07473309608540925,0.07473309608540925,0.07473309608540925,0.07473309608540925,1.0,0.5434782608695652,0.5434782608695652,0.0,0.5434782608695652,0.5434782608695652,0.5434782608695652,0.5434782608695652,1.0,150.0,150.0,0.0,150.0,150.0,150.0,150.0,1.0,1.0,1.0,0.0,1.0,1.0,1.0,1.0,1.0,1.0,1.0,0.0,1.0,1.0,1.0,1.0,1.0,1.0,1.0,0.0,1.0,1.0,1.0,1.0,1.0,-6.0,-6.0,0.0,-6.0,-6.0,-6.0,-6.0,1.0,0.0,0.0,0.0,0.0,0.0,0.0,0.0,1.0,0.9787234042553191,0.9787234042553191,0.0,0.9787234042553191,0.9787234042553191,0.9787234042553191,0.9787234042553191,1.0,1.0,1.0,0.0,1.0,1.0,1.0,1.0
3DThinker10k,270,4,4,0.0,0.0,3.0,0.75,3.0,0.75,4.0,1.0,3.0,0.75,0.0,0.0,0.0,0.0,1.0,0.25,0.0,0.0,0.0,0.0,0.0,0.0,0.0,0.0,0.0,0.0,0.0,0.0,0.0,0.0,0.0,0.0,4.0,1.0,4.0,1.0,4.0,1.0,4.0,1.0,0.0,0.0,0.0,0.0,0.0,0.0,0.0,0.0,4.0,0.9375,1.0,0.125,0.75,1.0,0.9375,1.0,4.0,0.875,1.0,0.25,0.5,1.0,0.875,1.0,4.0,301.75,304.0,35.226647110769235,266.0,333.0,274.25,331.5,4.0,231.25,298.5,156.53194562133316,0.0,328.0,202.5,327.25,4.0,3.25,3.0,1.5,2.0,5.0,2.0,4.25,4.0,1613.5,1622.0,223.43455417638518,1369.0,1841.0,1455.25,1780.25,4.0,304.0,306.0,35.52463933666322,268.0,336.0,276.25,333.75,4.0,1223.0,1557.5,831.008624102863,0.0,1777.0,1055.25,1725.25,4.0,15.25,12.0,11.926860441876563,6.0,31.0,6.0,21.25,4.0,229.75,296.5,155.5471525508155,0.0,326.0,201.0,325.25,4.0,3.25,3.0,1.5,2.0,5.0,2.0,4.25,4.0,0.7369119449376191,0.9783556119296191,0.49131934874121785,0.0,0.9909365558912386,0.7310469314079422,0.9842206254592961,4.0,0.010905911648311563,0.009765404502246607,0.005397422104588325,0.006042296072507553,0.018050541516245487,0.00714967176248779,0.01352164438807038,4.0,74.9375,67.875,68.39236525373282,0.0,164.0,40.5,102.3125,4.0,0.037895822232924536,0.03348175309935394,0.01645236721836873,0.024242424242424242,0.06037735849056604,0.02639193136181088,0.044985643970467594,4.0,2.25,2.0,0.5,2.0,3.0,2.0,2.25,4.0,0.033959074046092746,0.03159090909090906,0.010383757966756254,0.024316109422492405,0.048338368580060465,0.027897209173804893,0.03765277396319691,4.0,0.4559945659075536,0.459809433493644,0.01555831883337983,0.4350453172205438,0.4693140794223827,0.44885141939522605,0.4669525800059716,4.0,0.8351028470657932,0.8317610062893082,0.020967093920370217,0.8132530120481928,0.8636363636363636,0.8259547624460105,0.8409090909090909,4.0,0.9660409259539072,0.968409090909091,0.010383757966756254,0.9516616314199395,0.9756838905775076,0.9623472260368031,0.9721027908261951,4.0,0.9928339905956403,0.9962740417973411,0.009527582811527496,0.9787878787878788,1.0,0.9918452586703537,0.9972627737226277,4.0,0.15101213293969815,0.15513069831212614,0.008645409246895502,0.1380591603924348,0.15572797474210556,0.15057945674049333,0.15556337451133095,3.0,0.15051322199772785,0.15480471748767818,0.009438280708533715,0.13969173551891095,0.1570432129865944,0.14724822650329455,0.1559239652371363,4.0,-0.17863735279057863,-0.18670634920634924,0.1517079736972555,-0.3095238095238096,-0.03161290322580645,-0.3095238095238096,-0.05581989247311828,4.0,0.43945215323460823,0.439318641264396,0.018260165545691782,0.41825095057034223,0.46092037983929873,0.42902365408463405,0.44974714041437014,4.0,0.13556512479622168,0.1367382420013999,0.025921540873137944,0.1027190332326284,0.16606498194945848,0.12718351770665334,0.14511984909096823,3.0,0.44869533328360806,0.44954128440366975,0.01840889259208631,0.4298780487804878,0.4666666666666667,0.4397096665920788,0.45810397553516824,4.0,103.5,133.5,69.56292115775473,0.0,147.0,94.5,142.5,4.0,1.0,1.0,0.0,1.0,1.0,1.0,1.0,4.0,1.0,1.0,0.0,1.0,1.0,1.0,1.0,4.0,1.0,1.0,0.0,1.0,1.0,1.0,1.0,4.0,-69.25,-6.0,127.8368100352946,-261.0,-4.0,-69.75,-5.5,4.0,0.0,0.0,0.0,0.0,0.0,0.0,0.0,4.0,0.7373548424949272,0.9820089550628472,0.491572496919119,0.0,0.9854014598540146,0.7364864864864864,0.9828773110712881,4.0,1.0,1.0,0.0,1.0,1.0,1.0,1.0
3DThinker10k,280,2,2,0.0,0.0,2.0,1.0,2.0,1.0,2.0,1.0,2.0,1.0,0.0,0.0,0.0,0.0,0.0,0.0,0.0,0.0,0.0,0.0,0.0,0.0,0.0,0.0,0.0,0.0,0.0,0.0,0.0,0.0,0.0,0.0,2.0,1.0,2.0,1.0,2.0,1.0,2.0,1.0,0.0,0.0,0.0,0.0,0.0,0.0,0.0,0.0,2.0,1.0,1.0,0.0,1.0,1.0,1.0,1.0,2.0,1.0,1.0,0.0,1.0,1.0,1.0,1.0,2.0,248.5,248.5,43.1335136523794,218.0,279.0,233.25,263.75,2.0,243.5,243.5,43.1335136523794,213.0,274.0,228.25,258.75,2.0,2.0,2.0,0.0,2.0,2.0,2.0,2.0,2.0,1352.0,1352.0,196.5756851698602,1213.0,1491.0,1282.5,1421.5,2.0,251.5,251.5,38.890872965260115,224.0,279.0,237.75,265.25,2.0,1300.0,1300.0,196.5756851698602,1161.0,1439.0,1230.5,1369.5,2.0,6.0,6.0,0.0,6.0,6.0,6.0,6.0,2.0,243.5,243.5,38.890872965260115,216.0,271.0,229.75,257.25,2.0,2.0,2.0,0.0,2.0,2.0,2.0,2.0,2.0,0.9795715366150406,0.9795715366150406,0.0035458809026651236,0.9770642201834863,0.982078853046595,0.9783178783992634,0.9808251948308179,2.0,0.008171385353983755,0.008171385353983755,0.0014183523610660422,0.007168458781362007,0.009174311926605505,0.007669922067672882,0.00867284864029463,2.0,121.75,121.75,21.5667568261897,106.5,137.0,114.125,129.375,2.0,0.04052149985081059,0.04052149985081059,0.0013479640592191284,0.039568345323741004,0.041474654377880185,0.0400449225872758,0.04099807711434539,2.0,3.0,3.0,0.0,3.0,3.0,3.0,3.0,2.0,0.024994985960689886,0.024994985960689886,0.015706393103973156,0.01388888888888884,0.03610108303249093,0.019441937424789363,0.03054803449659041,2.0,0.5514287593305054,0.5514287593305054,0.024577023699127964,0.5340501792114696,0.5688073394495413,0.5427394692709875,0.5601180493900234,2.0,0.8968686801710706,0.8968686801710706,0.02202456058498038,0.8812949640287769,0.9124423963133641,0.8890818220999237,0.9046555382422173,2.0,0.9750050140393101,0.9750050140393101,0.015706393103973156,0.9638989169675091,0.9861111111111112,0.9694519655034096,0.9805580625752106,2.0,0.9958628244017527,0.9958628244017527,0.000726887658449244,0.9953488372093023,0.9963768115942029,0.9956058308055274,0.9961198179979778,2.0,0.13891037765180556,0.13891037765180556,0.0015423586813597954,0.1378197653691941,0.140000989934417,0.13836507151049982,0.1394556837931113,2.0,0.1411844478616044,0.1411844478616044,0.001597290521800867,0.14005499290211398,0.14231390282109477,0.1406197203818592,0.14174917534134956,2.0,-0.3095238095238096,-0.3095238095238096,0.0,-0.3095238095238096,-0.3095238095238096,-0.3095238095238096,-0.3095238095238096,2.0,0.47634540025505634,0.47634540025505634,0.012599640777028886,0.4674361088211047,0.48525469168900803,0.47189075453808055,0.4808000459720322,2.0,0.10472361974285621,0.10472361974285621,0.0011044547073874988,0.1039426523297491,0.10550458715596331,0.10433313603630265,0.10511410344940976,2.0,0.5421164456324321,0.5421164456324321,0.02343210504805833,0.5255474452554745,0.5586854460093896,0.5338319454439533,0.5504009458209108,2.0,131.5,131.5,17.67766952966369,119.0,144.0,125.25,137.75,2.0,1.0,1.0,0.0,1.0,1.0,1.0,1.0,2.0,1.0,1.0,0.0,1.0,1.0,1.0,1.0,2.0,1.0,1.0,0.0,1.0,1.0,1.0,1.0,2.0,-6.0,-6.0,2.8284271247461903,-8.0,-4.0,-7.0,-5.0,2.0,0.0,0.0,0.0,0.0,0.0,0.0,0.0,2.0,0.9747062078843712,0.9747062078843712,0.015422427272859989,0.9638009049773756,0.9856115107913669,0.9692535564308734,0.9801588593378691,2.0,1.0,1.0,0.0,1.0,1.0,1.0,1.0
3DThinker10k,290,3,3,0.0,0.0,3.0,1.0,3.0,1.0,3.0,1.0,3.0,1.0,0.0,0.0,0.0,0.0,0.0,0.0,0.0,0.0,0.0,0.0,0.0,0.0,0.0,0.0,0.0,0.0,0.0,0.0,0.0,0.0,0.0,0.0,3.0,1.0,3.0,1.0,3.0,1.0,3.0,1.0,0.0,0.0,0.0,0.0,0.0,0.0,0.0,0.0,3.0,1.0,1.0,0.0,1.0,1.0,1.0,1.0,3.0,1.0,1.0,0.0,1.0,1.0,1.0,1.0,3.0,303.3333333333333,317.0,97.22311110704766,200.0,393.0,258.5,355.0,3.0,296.0,310.0,99.73966111833346,190.0,388.0,250.0,349.0,3.0,4.333333333333333,4.0,2.516611478423583,2.0,7.0,3.0,5.5,3.0,1659.6666666666667,1764.0,490.8872918841283,1125.0,2090.0,1444.5,1927.0,3.0,307.6666666666667,317.0,101.32291613121551,202.0,404.0,259.5,360.5,3.0,1594.0,1699.0,505.7420291017942,1044.0,2039.0,1371.5,1869.0,3.0,19.666666666666668,19.0,15.01110699893027,5.0,35.0,12.0,27.0,3.0,297.3333333333333,307.0,103.83801487573486,189.0,396.0,248.0,351.5,3.0,4.333333333333333,4.0,2.516611478423583,2.0,7.0,3.0,5.5,3.0,0.9717317782540409,0.9779179810725552,0.019393352044144524,0.95,0.9872773536895675,0.9639589905362775,0.9825976673810614,3.0,0.017569118351380496,0.012618296529968454,0.015557926678163572,0.005089058524173028,0.035,0.008853677527070742,0.023809148264984228,3.0,99.54761904761904,77.5,85.58562764777709,27.142857142857142,194.0,52.32142857142857,135.75,3.0,0.01372638617179586,0.015306122448979591,0.003194090001339167,0.010050251256281407,0.015822784810126583,0.012678186852630498,0.015564453629553087,3.0,2.0,2.0,0.0,2.0,2.0,2.0,2.0,3.0,0.04065093758188387,0.03580562659846542,0.008786755379293866,0.03535353535353536,0.050793650793650835,0.03557958097600039,0.04329963869605813,3.0,0.49381839927436766,0.47634069400630913,0.06912037981829429,0.4351145038167939,0.57,0.4557275989115515,0.5231703470031546,3.0,0.8481337735781292,0.8259493670886076,0.040142478412045206,0.8239795918367347,0.8944723618090452,0.8249644794626712,0.8602108644488264,3.0,0.9593490624181161,0.9641943734015346,0.008786755379293866,0.9492063492063492,0.9646464646464646,0.9567003613039419,0.9644204190239996,3.0,0.9866208048043865,0.9898477157360406,0.00781695100967044,0.9777070063694268,0.9923076923076923,0.9837773610527336,0.9910777040218665,3.0,0.14299383815291522,0.1483552214500566,0.010933006796106422,0.13041504999746206,0.15021124301122704,0.13938513572375932,0.14928323223064183,3.0,0.1428551825875142,0.14980443985550626,0.014083905476112709,0.12664724091144142,0.15211386699559495,0.13822584038347385,0.1509591534255506,3.0,-0.15878446115288225,-0.05921052631578947,0.19701730434391013,-0.3857142857142858,-0.03142857142857145,-0.2224624060150376,-0.04531954887218046,3.0,0.44234639518889995,0.4246031746031746,0.03580270314292411,0.41888045540796964,0.48355555555555557,0.4217418150055721,0.4540793650793651,3.0,0.13777281447411724,0.13564668769716087,0.01395785898812659,0.125,0.15267175572519084,0.13032334384858044,0.14415922171117584,3.0,0.49082900133606383,0.47096774193548385,0.07492560652087266,0.42783505154639173,0.5736842105263158,0.4494013967409378,0.5223259762308998,3.0,140.33333333333334,146.0,28.919428302325297,109.0,166.0,127.5,156.0,3.0,1.0,1.0,0.0,1.0,1.0,1.0,1.0,3.0,1.0,1.0,0.0,1.0,1.0,1.0,1.0,3.0,1.0,1.0,0.0,1.0,1.0,1.0,1.0,3.0,-8.333333333333334,-10.0,3.7859388972001824,-11.0,-4.0,-10.5,-7.0,3.0,0.0,0.0,0.0,0.0,0.0,0.0,0.0,3.0,0.9691363833989692,0.9748743718592965,0.021573855251797114,0.945273631840796,0.9872611464968153,0.9600740018500462,0.9810677591780559,3.0,1.0,1.0,0.0,1.0,1.0,1.0,1.0
3DThinker10k,300,3,3,0.0,0.0,3.0,1.0,3.0,1.0,3.0,1.0,3.0,1.0,0.0,0.0,0.0,0.0,0.0,0.0,0.0,0.0,0.0,0.0,0.0,0.0,0.0,0.0,0.0,0.0,0.0,0.0,0.0,0.0,0.0,0.0,3.0,1.0,3.0,1.0,3.0,1.0,3.0,1.0,0.0,0.0,0.0,0.0,0.0,0.0,0.0,0.0,3.0,1.0,1.0,0.0,1.0,1.0,1.0,1.0,3.0,1.0,1.0,0.0,1.0,1.0,1.0,1.0,3.0,290.0,303.0,66.46051459325304,218.0,349.0,260.5,326.0,3.0,285.3333333333333,298.0,66.90540586031396,213.0,345.0,255.5,321.5,3.0,2.0,2.0,0.0,2.0,2.0,2.0,2.0,3.0,1566.6666666666667,1660.0,333.9301324129545,1196.0,1844.0,1428.0,1752.0,3.0,289.6666666666667,300.0,64.12747721011122,221.0,348.0,260.5,324.0,3.0,1513.3333333333333,1608.0,336.15075982858247,1140.0,1792.0,1374.0,1700.0,3.0,7.333333333333333,6.0,2.309401076758503,6.0,10.0,6.0,8.0,3.0,281.6666666666667,292.0,64.12747721011122,213.0,340.0,252.5,316.0,3.0,2.0,2.0,0.0,2.0,2.0,2.0,2.0,3.0,0.9830337506556313,0.9834983498349835,0.005751322239002619,0.9770642201834863,0.9885386819484241,0.9802812850092348,0.9860185158917039,3.0,0.0071685436728000235,0.006600660066006601,0.0017906856699252925,0.0057306590257879654,0.009174311926605505,0.006165659545897283,0.007887485996306053,3.0,142.66666666666666,149.0,33.45270293015698,106.5,172.5,127.75,160.75,3.0,0.04013534783558872,0.03642384105960265,0.010250047095490102,0.03225806451612903,0.05172413793103448,0.034340952787865836,0.044073989495318565,3.0,2.6666666666666665,3.0,0.5773502691896258,2.0,3.0,2.5,3.0,3.0,0.03488948320058838,0.03654485049833889,0.006445472079152911,0.02777777777777779,0.04034582132564846,0.03216131413805834,0.03844533591199367,3.0,0.46281109933237746,0.4752475247524752,0.05367312917048432,0.4040114613180516,0.5091743119266054,0.43962949303526344,0.49221091833954034,3.0,0.8433481108399524,0.8642384105960265,0.04634970199548663,0.7902298850574713,0.8755760368663594,0.8272341478267489,0.8699072237311929,3.0,0.9651105167994115,0.9634551495016611,0.006445472079152911,0.9596541786743515,0.9722222222222222,0.9615546640880064,0.9678386858619417,3.0,0.9895646069513525,0.9906976744186047,0.00252949360946676,0.9866666666666667,0.9913294797687862,0.9886821705426356,0.9910135770936954,3.0,0.15247811863754787,0.14796410215428032,0.01206948427157196,0.14331627439859873,0.16615397935976456,0.14564018827643954,0.15705904075702243,3.0,0.15497335613971008,0.15008530392558242,0.012231779847671584,0.14594146627436128,0.16889329821918658,0.14801338509997186,0.15948930107238452,3.0,-0.25873015873015875,-0.3095238095238096,0.08797718387651443,-0.3095238095238096,-0.15714285714285717,-0.3095238095238096,-0.2333333333333334,3.0,0.43763691363222756,0.43734939759036146,0.022923021856592046,0.4148590021691974,0.46070234113712377,0.42610419987977943,0.4490258693637426,3.0,0.13484517269581378,0.14220183486238533,0.03278199488849365,0.09900990099009901,0.16332378223495703,0.12060586792624217,0.1527628085486712,3.0,0.453732328151707,0.4664429530201342,0.05146651891751126,0.39710144927536234,0.49765258215962443,0.4317722011477483,0.48204776758987933,3.0,127.33333333333333,137.0,18.502252115170556,106.0,139.0,121.5,138.0,3.0,1.0,1.0,0.0,1.0,1.0,1.0,1.0,3.0,1.0,1.0,0.0,1.0,1.0,1.0,1.0,3.0,1.0,1.0,0.0,1.0,1.0,1.0,1.0,3.0,-8.0,-7.0,2.6457513110645907,-11.0,-6.0,-9.0,-6.5,3.0,0.0,0.0,0.0,0.0,0.0,0.0,0.0,3.0,0.9723725568626819,0.9726027397260274,0.007858699627520494,0.9644012944983819,0.9801136363636364,0.9685020171122046,0.9763581880448319,3.0,1.0,1.0,0.0,1.0,1.0,1.0,1.0
3DThinker10k,320,2,2,0.0,0.0,1.0,0.5,1.0,0.5,2.0,1.0,1.0,0.5,0.0,0.0,0.0,0.0,1.0,0.5,0.0,0.0,0.0,0.0,0.0,0.0,0.0,0.0,0.0,0.0,0.0,0.0,0.0,0.0,0.0,0.0,2.0,1.0,2.0,1.0,2.0,1.0,2.0,1.0,0.0,0.0,0.0,0.0,0.0,0.0,0.0,0.0,2.0,0.875,0.875,0.1767766952966369,0.75,1.0,0.8125,0.9375,2.0,0.75,0.75,0.3535533905932738,0.5,1.0,0.625,0.875,2.0,284.0,284.0,41.012193308819754,255.0,313.0,269.5,298.5,2.0,154.5,154.5,218.4959953866432,0.0,309.0,77.25,231.75,2.0,2.5,2.5,0.7071067811865476,2.0,3.0,2.25,2.75,2.0,1539.0,1539.0,128.69343417595164,1448.0,1630.0,1493.5,1584.5,2.0,283.0,283.0,28.284271247461902,263.0,303.0,273.0,293.0,2.0,788.5,788.5,1115.1073939311855,0.0,1577.0,394.25,1182.75,2.0,12.0,12.0,7.0710678118654755,7.0,17.0,9.5,14.5,2.0,147.5,147.5,208.59650045003153,0.0,295.0,73.75,221.25,2.0,2.5,2.5,0.7071067811865476,2.0,3.0,2.25,2.75,2.0,0.4936102236421725,0.4936102236421725,0.6980702728007769,0.0,0.987220447284345,0.24680511182108625,0.7404153354632588,2.0,0.009077241120090208,0.009077241120090208,0.003800649115191742,0.006389776357827476,0.011764705882352941,0.007733508738958842,0.010420973501221575,2.0,77.25,77.25,109.2479976933216,0.0,154.5,38.625,115.875,2.0,0.028202604482132042,0.028202604482132042,0.0009101162386562179,0.027559055118110236,0.028846153846153848,0.02788082980012114,0.028524379164142945,2.0,2.0,2.0,0.0,2.0,2.0,2.0,2.0,2.0,0.03496943431236732,0.03496943431236732,0.017623074843445434,0.022508038585209,0.04743083003952564,0.02873873644878816,0.04120013217594648,2.0,0.4852972498903715,0.4852972498903715,0.04020360299473219,0.45686900958466453,0.5137254901960784,0.471083129737518,0.49951137004322493,2.0,0.8562865939834444,0.8562865939834444,0.008333809479459867,0.8503937007874016,0.8621794871794872,0.853340147385423,0.8592330405814659,2.0,0.9650305656876327,0.9650305656876327,0.017623074843445434,0.9525691699604744,0.977491961414791,0.9587998678240535,0.9712612635512119,2.0,0.9844982078853046,0.9844982078853046,0.017360865416228898,0.9722222222222222,0.9967741935483871,0.9783602150537635,0.9906362007168459,2.0,0.14283441899003496,0.14283441899003496,0.00780355649256742,0.13731647127676824,0.1483523667033017,0.14007544513340162,0.14559339284666833,1.0,0.13892890945856162,0.13892890945856162,0.0,0.13892890945856162,0.13892890945856162,0.13892890945856162,0.13892890945856162,2.0,-0.15794317727090834,-0.15794317727090834,0.1374033825306872,-0.2551020408163265,-0.06078431372549022,-0.2065226090436174,-0.10936374549819929,2.0,0.45357970424728344,0.45357970424728344,0.003408984138960468,0.4511691884456671,0.4559902200488998,0.4523744463464753,0.4547849621480916,2.0,0.11778487752928647,0.11778487752928647,0.021988837072041734,0.10223642172523961,0.13333333333333333,0.11001064962726304,0.1255591054313099,1.0,0.44983818770226536,0.44983818770226536,0.0,0.44983818770226536,0.44983818770226536,0.44983818770226536,0.44983818770226536,2.0,69.5,69.5,98.2878425849301,0.0,139.0,34.75,104.25,2.0,1.0,1.0,0.0,1.0,1.0,1.0,1.0,2.0,1.0,1.0,0.0,1.0,1.0,1.0,1.0,2.0,1.0,1.0,0.0,1.0,1.0,1.0,1.0,2.0,-135.5,-135.5,176.06958851545033,-260.0,-11.0,-197.75,-73.25,2.0,0.0,0.0,0.0,0.0,0.0,0.0,0.0,2.0,0.4828125,0.4828125,0.6827999855832599,0.0,0.965625,0.24140625,0.7242187499999999,2.0,1.0,1.0,0.0,1.0,1.0,1.0,1.0
3DThinker10k,330,3,3,0.0,0.0,3.0,1.0,3.0,1.0,3.0,1.0,3.0,1.0,0.0,0.0,0.0,0.0,0.0,0.0,0.0,0.0,0.0,0.0,0.0,0.0,0.0,0.0,0.0,0.0,0.0,0.0,0.0,0.0,0.0,0.0,2.0,0.6666666666666666,2.0,0.6666666666666666,2.0,0.6666666666666666,3.0,1.0,0.0,0.0,0.0,0.0,0.0,0.0,0.0,0.0,3.0,1.0,1.0,0.0,1.0,1.0,1.0,1.0,3.0,1.0,1.0,0.0,1.0,1.0,1.0,1.0,3.0,306.0,299.0,42.930175867331364,267.0,352.0,283.0,325.5,3.0,300.0,293.0,43.9203825119955,260.0,347.0,276.5,320.0,3.0,3.3333333333333335,3.0,1.5275252316519465,2.0,5.0,2.5,4.0,3.0,1714.0,1649.0,167.2572868367773,1589.0,1904.0,1619.0,1776.5,3.0,305.0,294.0,37.72267222772003,274.0,347.0,284.0,320.5,3.0,1649.6666666666667,1585.0,178.9869641435748,1512.0,1852.0,1548.5,1718.5,3.0,18.333333333333332,18.0,12.503332889007368,6.0,31.0,12.0,24.5,3.0,295.6666666666667,285.0,39.10669166949991,263.0,339.0,274.0,312.0,3.0,3.3333333333333335,3.0,1.5275252316519465,2.0,5.0,2.5,4.0,3.0,0.9798371121496428,0.979933110367893,0.00600691684788123,0.9737827715355806,0.9857954545454546,0.9768579409517368,0.9828642824566738,3.0,0.011480618252723776,0.010033444816053512,0.006641706305258831,0.005681818181818182,0.018726591760299626,0.007857631498935848,0.014380018288176569,3.0,107.72222222222223,97.66666666666667,61.37098783748024,52.0,173.5,74.83333333333334,135.58333333333334,3.0,0.038434390724512,0.037037037037037035,0.0025286855575723365,0.03691275167785235,0.041353383458646614,0.03697489435744469,0.039195210247841825,3.0,2.6666666666666665,3.0,0.5773502691896258,2.0,3.0,2.5,3.0,3.0,0.03785104715922327,0.040000000000000036,0.010527283215784803,0.026415094339622636,0.047138047138047146,0.033207547169811336,0.04356902356902359,3.0,0.4983181629340643,0.4971590909090909,0.019522772362163654,0.4794007490636704,0.5183946488294314,0.48827991998638065,0.5077768698692612,3.0,0.8523199286769286,0.8489932885906041,0.011060209894497621,0.8433048433048433,0.8646616541353384,0.8461490659477238,0.8568274713629712,3.0,0.9621489528407766,0.96,0.010527283215784805,0.9528619528619529,0.9735849056603774,0.9564309764309764,0.9667924528301887,3.0,0.9899338971688542,0.9924242424242424,0.005982862558268046,0.9831081081081081,0.994269340974212,0.9877661752661753,0.9933467916992272,3.0,0.1511697722698667,0.15316526289338242,0.0035146567858578763,0.1471115816962274,0.15323247221999023,0.1501384222948049,0.15319886755668632,3.0,0.15364283581299945,0.15488536113729057,0.0036433415391089836,0.14954076352025522,0.15650238278145256,0.1522130623287729,0.15569387195937157,3.0,-0.13223075610172388,-0.05555555555555556,0.15400627501482114,-0.3095238095238096,-0.03161290322580645,-0.18253968253968256,-0.043584229390681004,3.0,0.43964296040055445,0.4372346876895088,0.011831614636917488,0.4292007551919446,0.45249343832021,0.4332177214407267,0.44486406300485937,3.0,0.12369293912405784,0.11705685618729098,0.01990416835043771,0.10795454545454546,0.14606741573033707,0.11250570082091821,0.13156213595881402,3.0,0.4903632354636082,0.4899135446685879,0.021360862024604525,0.46923076923076923,0.5119453924914675,0.4795721569496786,0.5009294685800277,3.0,147.33333333333334,150.0,24.110855093366833,122.0,170.0,136.0,160.0,3.0,0.9333333333333335,1.0,0.11547005383792507,0.8000000000000002,1.0,0.9000000000000001,1.0,3.0,0.8888888888888888,1.0,0.1924500897298753,0.6666666666666666,1.0,0.8333333333333333,1.0,3.0,0.989247311827957,1.0,0.018624202231923393,0.967741935483871,1.0,0.9838709677419355,1.0,3.0,-7.0,-6.0,4.58257569495584,-12.0,-3.0,-9.0,-4.5,3.0,0.0,0.0,0.0,0.0,0.0,0.0,0.0,3.0,0.9762500168890771,0.9830028328611898,0.017969506721828003,0.9558823529411765,0.9898648648648649,0.9694425929011832,0.9864338488630273,3.0,1.0,1.0,0.0,1.0,1.0,1.0,1.0
3DThinker10k,340,1,1,0.0,0.0,0.0,0.0,0.0,0.0,1.0,1.0,0.0,0.0,0.0,0.0,0.0,0.0,1.0,1.0,0.0,0.0,0.0,0.0,0.0,0.0,0.0,0.0,0.0,0.0,0.0,0.0,0.0,0.0,0.0,0.0,1.0,1.0,1.0,1.0,1.0,1.0,1.0,1.0,0.0,0.0,0.0,0.0,0.0,0.0,0.0,0.0,1.0,0.75,0.75,0.0,0.75,0.75,0.75,0.75,1.0,0.5,0.5,0.0,0.5,0.5,0.5,0.5,1.0,244.0,244.0,0.0,244.0,244.0,244.0,244.0,1.0,0.0,0.0,0.0,0.0,0.0,0.0,0.0,1.0,3.0,3.0,0.0,3.0,3.0,3.0,3.0,1.0,1287.0,1287.0,0.0,1287.0,1287.0,1287.0,1287.0,1.0,240.0,240.0,0.0,240.0,240.0,240.0,240.0,1.0,0.0,0.0,0.0,0.0,0.0,0.0,0.0,1.0,18.0,18.0,0.0,18.0,18.0,18.0,18.0,1.0,0.0,0.0,0.0,0.0,0.0,0.0,0.0,1.0,3.0,3.0,0.0,3.0,3.0,3.0,3.0,1.0,0.0,0.0,0.0,0.0,0.0,0.0,0.0,1.0,0.012295081967213115,0.012295081967213115,0.0,0.012295081967213115,0.012295081967213115,0.012295081967213115,0.012295081967213115,1.0,0.0,0.0,0.0,0.0,0.0,0.0,0.0,1.0,0.037037037037037035,0.037037037037037035,0.0,0.037037037037037035,0.037037037037037035,0.037037037037037035,0.037037037037037035,1.0,3.0,3.0,0.0,3.0,3.0,3.0,3.0,1.0,0.05371900826446285,0.05371900826446285,0.0,0.05371900826446285,0.05371900826446285,0.05371900826446285,0.05371900826446285,1.0,0.48770491803278687,0.48770491803278687,0.0,0.48770491803278687,0.48770491803278687,0.48770491803278687,0.48770491803278687,1.0,0.8559670781893004,0.8559670781893004,0.0,0.8559670781893004,0.8559670781893004,0.8559670781893004,0.8559670781893004,1.0,0.9462809917355371,0.9462809917355371,0.0,0.9462809917355371,0.9462809917355371,0.9462809917355371,0.9462809917355371,1.0,0.979253112033195,0.979253112033195,0.0,0.979253112033195,0.979253112033195,0.979253112033195,0.979253112033195,1.0,0.15881592878612255,0.15881592878612255,0.0,0.15881592878612255,0.15881592878612255,0.15881592878612255,0.15881592878612255,0.0,,,,,,,,1.0,-0.03333333333333332,-0.03333333333333332,0.0,-0.03333333333333332,-0.03333333333333332,-0.03333333333333332,-0.03333333333333332,1.0,0.43434343434343436,0.43434343434343436,0.0,0.43434343434343436,0.43434343434343436,0.43434343434343436,0.43434343434343436,1.0,0.14754098360655737,0.14754098360655737,0.0,0.14754098360655737,0.14754098360655737,0.14754098360655737,0.14754098360655737,0.0,,,,,,,,1.0,0.0,0.0,0.0,0.0,0.0,0.0,0.0,1.0,1.0,1.0,0.0,1.0,1.0,1.0,1.0,1.0,1.0,1.0,0.0,1.0,1.0,1.0,1.0,1.0,1.0,1.0,0.0,1.0,1.0,1.0,1.0,1.0,-242.0,-242.0,0.0,-242.0,-242.0,-242.0,-242.0,1.0,0.0,0.0,0.0,0.0,0.0,0.0,0.0,1.0,0.0,0.0,0.0,0.0,0.0,0.0,0.0,1.0,1.0,1.0,0.0,1.0,1.0,1.0,1.0
3DThinker10k,350,3,3,0.0,0.0,3.0,1.0,3.0,1.0,3.0,1.0,3.0,1.0,0.0,0.0,0.0,0.0,0.0,0.0,0.0,0.0,0.0,0.0,0.0,0.0,0.0,0.0,0.0,0.0,0.0,0.0,0.0,0.0,0.0,0.0,3.0,1.0,3.0,1.0,3.0,1.0,3.0,1.0,0.0,0.0,0.0,0.0,0.0,0.0,0.0,0.0,3.0,1.0,1.0,0.0,1.0,1.0,1.0,1.0,3.0,1.0,1.0,0.0,1.0,1.0,1.0,1.0,3.0,303.0,294.0,36.345563690772494,272.0,343.0,283.0,318.5,3.0,296.6666666666667,288.0,37.753587026047384,264.0,338.0,276.0,313.0,3.0,4.0,4.0,2.0,2.0,6.0,3.0,5.0,3.0,1685.6666666666667,1581.0,206.91141421713144,1552.0,1924.0,1566.5,1752.5,3.0,303.6666666666667,292.0,34.03429642777023,277.0,342.0,284.5,317.0,3.0,1620.0,1513.0,219.06391761310215,1475.0,1872.0,1494.0,1692.5,3.0,19.666666666666668,22.0,12.662279942148386,6.0,31.0,14.0,26.5,3.0,293.6666666666667,282.0,35.94903800289145,265.0,334.0,273.5,308.0,3.0,4.0,4.0,2.0,2.0,6.0,3.0,5.0,3.0,0.9785342708511976,0.9795918367346939,0.0074735848532078795,0.9705882352941176,0.9854227405247813,0.9750900360144057,0.9825072886297376,3.0,0.01383172316545666,0.013605442176870748,0.008116325959498818,0.0058309037900874635,0.022058823529411766,0.009718172983479106,0.017832132853141256,3.0,95.0,72.0,65.5972560401729,44.0,169.0,58.0,120.5,3.0,0.03551170443744435,0.030716723549488054,0.017928883733847042,0.02046783625730994,0.055350553505535055,0.025592279903398997,0.043033638527511554,3.0,2.3333333333333335,2.0,0.5773502691896258,2.0,3.0,2.0,2.5,3.0,0.0402656456051654,0.038123167155425186,0.010677415038322034,0.03082191780821919,0.051851851851851816,0.03447254248182219,0.0449875095036385,3.0,0.48898607061872373,0.5,0.02296828729965018,0.46258503401360546,0.5043731778425656,0.48129251700680276,0.5021865889212829,3.0,0.8482707173039037,0.8523985239852399,0.013909520410512992,0.8327645051194539,0.8596491228070176,0.8425815145523469,0.8560238233961287,3.0,0.9597343543948346,0.9618768328445748,0.010677415038322034,0.9481481481481482,0.9691780821917808,0.9550124904963615,0.9655274575181778,3.0,0.9832462767040667,0.9823529411764705,0.0060474678497703434,0.9776951672862454,0.9896907216494846,0.980024054231358,0.9860218314129776,3.0,0.1521876737371469,0.14793092059878915,0.009819130544700344,0.14521520615904038,0.16341689445361113,0.14657306337891476,0.15567390752620014,3.0,0.15322879327302716,0.14925654863883306,0.008880437049507615,0.14702784550279413,0.16340198567745426,0.1481421970708136,0.15632926715814366,3.0,-0.12858190196899877,-0.04772727272727271,0.1569950767691643,-0.3095238095238096,-0.028494623655913983,-0.17862554112554113,-0.038110948191593344,3.0,0.4329078831086119,0.43263757115749524,0.0026997771274049984,0.4303534303534304,0.43573264781491,0.43149550075546284,0.4341851094862026,3.0,0.12484874902341887,0.12867647058823528,0.007133772401480734,0.11661807580174927,0.1292517006802721,0.12264727319499227,0.1289640856342537,3.0,0.48396751040981806,0.4970414201183432,0.02525025066867385,0.4548611111111111,0.5,0.4759512656147271,0.4985207100591716,3.0,143.66666666666666,132.0,21.07921567168317,131.0,168.0,131.5,150.0,3.0,1.0,1.0,0.0,1.0,1.0,1.0,1.0,3.0,1.0,1.0,0.0,1.0,1.0,1.0,1.0,3.0,1.0,1.0,0.0,1.0,1.0,1.0,1.0,3.0,-6.0,-7.0,3.605551275463989,-9.0,-2.0,-8.0,-4.5,3.0,0.0,0.0,0.0,0.0,0.0,0.0,0.0,3.0,0.9799488534121217,0.9797101449275363,0.013036879778708365,0.967032967032967,0.993103448275862,0.9733715559802516,0.9864067966016992,3.0,1.0,1.0,0.0,1.0,1.0,1.0,1.0
3DThinker10k,360,2,2,0.0,0.0,1.0,0.5,1.0,0.5,2.0,1.0,1.0,0.5,0.0,0.0,0.0,0.0,1.0,0.5,0.0,0.0,0.0,0.0,0.0,0.0,0.0,0.0,0.0,0.0,0.0,0.0,0.0,0.0,0.0,0.0,2.0,1.0,2.0,1.0,2.0,1.0,2.0,1.0,0.0,0.0,0.0,0.0,0.0,0.0,0.0,0.0,2.0,0.875,0.875,0.1767766952966369,0.75,1.0,0.8125,0.9375,2.0,0.75,0.75,0.3535533905932738,0.5,1.0,0.625,0.875,2.0,391.0,391.0,130.10764773832474,299.0,483.0,345.0,437.0,2.0,239.5,239.5,338.70414818835627,0.0,479.0,119.75,359.25,2.0,3.0,3.0,1.4142135623730951,2.0,4.0,2.5,3.5,2.0,2116.0,2116.0,663.2661607529816,1647.0,2585.0,1881.5,2350.5,2.0,386.5,386.5,133.64318164425748,292.0,481.0,339.25,433.75,2.0,1266.5,1266.5,1791.101476745525,0.0,2533.0,633.25,1899.75,2.0,12.0,12.0,8.48528137423857,6.0,18.0,9.0,15.0,2.0,236.5,236.5,334.46150750123695,0.0,473.0,118.25,354.75,2.0,3.0,3.0,1.4142135623730951,2.0,4.0,2.5,3.5,2.0,0.49585921325051757,0.49585921325051757,0.7012508244065346,0.0,0.9917184265010351,0.24792960662525879,0.7437888198757764,2.0,0.008759356585443542,0.008759356585443542,0.006531644100783525,0.004140786749482402,0.013377926421404682,0.006450071667462972,0.011068641503424112,2.0,119.75,119.75,169.35207409417814,0.0,239.5,59.875,179.625,2.0,0.04216213205603052,0.04216213205603052,0.006813304360760409,0.03734439834024896,0.04697986577181208,0.039753265198139744,0.0445709989139213,2.0,3.0,3.0,0.0,3.0,3.0,3.0,3.0,2.0,0.039704039704039684,0.039704039704039684,0.008533373168732455,0.03367003367003363,0.04573804573804574,0.036687036687036656,0.04272104272104271,2.0,0.48367574454530976,0.48367574454530976,0.0632893790455231,0.4389233954451346,0.5284280936454849,0.46129956999522215,0.5060519190953974,2.0,0.8585312874209807,0.8585312874209807,0.0434594298387232,0.8278008298755186,0.889261744966443,0.8431660586482497,0.8738965161937119,2.0,0.9602959602959603,0.9602959602959603,0.008533373168732455,0.9542619542619543,0.9663299663299664,0.9572789572789573,0.9633129633129633,2.0,0.9869932432432433,0.9869932432432433,0.0007166622782296213,0.9864864864864865,0.9875,0.9867398648648649,0.9872466216216217,2.0,0.15519660829433843,0.15519660829433843,0.008106765181504431,0.14946425966100965,0.1609289569276672,0.15233043397767404,0.15806278261100282,1.0,0.1623832629106893,0.1623832629106893,0.0,0.1623832629106893,0.1623832629106893,0.1623832629106893,0.1623832629106893,2.0,-0.18670634920634924,-0.18670634920634924,0.17369011807717186,-0.3095238095238096,-0.06388888888888888,-0.24811507936507943,-0.12529761904761905,2.0,0.4314424326981007,0.4314424326981007,0.03899546925324678,0.40386847195357833,0.45901639344262296,0.4176554523258395,0.4452294130703618,2.0,0.12709030100334448,0.12709030100334448,0.0047298112453949635,0.12374581939799331,0.13043478260869565,0.1254180602006689,0.12876254180602006,1.0,0.4321503131524008,0.4321503131524008,0.0,0.4321503131524008,0.4321503131524008,0.4321503131524008,0.4321503131524008,2.0,103.5,103.5,146.37110370561533,0.0,207.0,51.75,155.25,2.0,1.0,1.0,0.0,1.0,1.0,1.0,1.0,2.0,1.0,1.0,0.0,1.0,1.0,1.0,1.0,2.0,1.0,1.0,0.0,1.0,1.0,1.0,1.0,2.0,-151.5,-151.5,212.83914113715082,-302.0,-1.0,-226.75,-76.25,2.0,0.0,0.0,0.0,0.0,0.0,0.0,0.0,2.0,0.49895833333333334,0.49895833333333334,0.7056336420590755,0.0,0.9979166666666667,0.24947916666666667,0.7484375,2.0,1.0,1.0,0.0,1.0,1.0,1.0,1.0
3DThinker10k,370,1,1,0.0,0.0,0.0,0.0,0.0,0.0,1.0,1.0,0.0,0.0,0.0,0.0,0.0,0.0,1.0,1.0,0.0,0.0,0.0,0.0,0.0,0.0,0.0,0.0,0.0,0.0,0.0,0.0,0.0,0.0,0.0,0.0,1.0,1.0,1.0,1.0,1.0,1.0,1.0,1.0,0.0,0.0,0.0,0.0,0.0,0.0,0.0,0.0,1.0,0.75,0.75,0.0,0.75,0.75,0.75,0.75,1.0,0.5,0.5,0.0,0.5,0.5,0.5,0.5,1.0,254.0,254.0,0.0,254.0,254.0,254.0,254.0,1.0,0.0,0.0,0.0,0.0,0.0,0.0,0.0,1.0,4.0,4.0,0.0,4.0,4.0,4.0,4.0,1.0,1432.0,1432.0,0.0,1432.0,1432.0,1432.0,1432.0,1.0,256.0,256.0,0.0,256.0,256.0,256.0,256.0,1.0,0.0,0.0,0.0,0.0,0.0,0.0,0.0,1.0,20.0,20.0,0.0,20.0,20.0,20.0,20.0,1.0,0.0,0.0,0.0,0.0,0.0,0.0,0.0,1.0,4.0,4.0,0.0,4.0,4.0,4.0,4.0,1.0,0.0,0.0,0.0,0.0,0.0,0.0,0.0,1.0,0.015748031496062992,0.015748031496062992,0.0,0.015748031496062992,0.015748031496062992,0.015748031496062992,0.015748031496062992,1.0,0.0,0.0,0.0,0.0,0.0,0.0,0.0,1.0,0.023715415019762844,0.023715415019762844,0.0,0.023715415019762844,0.023715415019762844,0.023715415019762844,0.023715415019762844,1.0,3.0,3.0,0.0,3.0,3.0,3.0,3.0,1.0,0.003968253968253954,0.003968253968253954,0.0,0.003968253968253954,0.003968253968253954,0.003968253968253954,0.003968253968253954,1.0,0.562992125984252,0.562992125984252,0.0,0.562992125984252,0.562992125984252,0.562992125984252,0.562992125984252,1.0,0.9051383399209486,0.9051383399209486,0.0,0.9051383399209486,0.9051383399209486,0.9051383399209486,0.9051383399209486,1.0,0.996031746031746,0.996031746031746,0.0,0.996031746031746,0.996031746031746,0.996031746031746,0.996031746031746,1.0,1.0,1.0,0.0,1.0,1.0,1.0,1.0,1.0,0.12757392857314934,0.12757392857314934,0.0,0.12757392857314934,0.12757392857314934,0.12757392857314934,0.12757392857314934,0.0,,,,,,,,1.0,-0.054999999999999986,-0.054999999999999986,0.0,-0.054999999999999986,-0.054999999999999986,-0.054999999999999986,-0.054999999999999986,1.0,0.4804741980474198,0.4804741980474198,0.0,0.4804741980474198,0.4804741980474198,0.4804741980474198,0.4804741980474198,1.0,0.12992125984251968,0.12992125984251968,0.0,0.12992125984251968,0.12992125984251968,0.12992125984251968,0.12992125984251968,0.0,,,,,,,,1.0,0.0,0.0,0.0,0.0,0.0,0.0,0.0,1.0,1.0,1.0,0.0,1.0,1.0,1.0,1.0,1.0,1.0,1.0,0.0,1.0,1.0,1.0,1.0,1.0,1.0,1.0,0.0,1.0,1.0,1.0,1.0,1.0,-256.0,-256.0,0.0,-256.0,-256.0,-256.0,-256.0,1.0,0.0,0.0,0.0,0.0,0.0,0.0,0.0,1.0,0.0,0.0,0.0,0.0,0.0,0.0,0.0,1.0,1.0,1.0,0.0,1.0,1.0,1.0,1.0
3DThinker10k,380,2,2,0.0,0.0,2.0,1.0,2.0,1.0,2.0,1.0,2.0,1.0,0.0,0.0,0.0,0.0,0.0,0.0,0.0,0.0,0.0,0.0,0.0,0.0,0.0,0.0,0.0,0.0,0.0,0.0,0.0,0.0,0.0,0.0,2.0,1.0,2.0,1.0,2.0,1.0,2.0,1.0,0.0,0.0,0.0,0.0,0.0,0.0,0.0,0.0,2.0,1.0,1.0,0.0,1.0,1.0,1.0,1.0,2.0,1.0,1.0,0.0,1.0,1.0,1.0,1.0,2.0,293.0,293.0,33.94112549695428,269.0,317.0,281.0,305.0,2.0,286.5,286.5,34.64823227814083,262.0,311.0,274.25,298.75,2.0,4.5,4.5,0.7071067811865476,4.0,5.0,4.25,4.75,2.0,1555.0,1555.0,169.7056274847714,1435.0,1675.0,1495.0,1615.0,2.0,291.0,291.0,25.45584412271571,273.0,309.0,282.0,300.0,2.0,1484.0,1484.0,173.9482681718907,1361.0,1607.0,1422.5,1545.5,2.0,25.0,25.0,4.242640687119285,22.0,28.0,23.5,26.5,2.0,280.5,280.5,26.16295090390226,262.0,299.0,271.25,289.75,2.0,4.5,4.5,0.7071067811865476,4.0,5.0,4.25,4.75,2.0,0.9775251251861667,0.9775251251861667,0.005016823644270285,0.9739776951672863,0.9810725552050473,0.9757514101767265,0.9792988401956071,2.0,0.015602828562381998,0.015602828562381998,0.00422076567757617,0.012618296529968454,0.01858736059479554,0.014110562546175225,0.01709509457858877,2.0,65.075,65.075,17.92515690307898,52.4,77.75,58.7375,71.4125,2.0,0.0357783865482713,0.0357783865482713,0.003106032998788444,0.033582089552238806,0.0379746835443038,0.03468023805025505,0.03687653504628755,2.0,2.0,2.0,0.0,2.0,2.0,2.0,2.0,2.0,0.04786873550918497,0.04786873550918497,0.00413645486408399,0.0449438202247191,0.050793650793650835,0.046406277866952034,0.0493311931514179,2.0,0.4460087014647075,0.4460087014647075,0.01063898303404761,0.4384858044164038,0.45353159851301117,0.4422472529405556,0.44977014998885934,2.0,0.8139287738522577,0.8139287738522577,0.009852470264974142,0.8069620253164557,0.8208955223880597,0.8104453995843567,0.8174121481201587,2.0,0.9521312644908151,0.9521312644908151,0.004136454864083989,0.9492063492063492,0.9550561797752809,0.9506688068485821,0.9535937221330479,2.0,0.9930558881279632,0.9930558881279632,0.0008127274914265588,0.9924812030075187,0.9936305732484076,0.992768545567741,0.9933432306881854,2.0,0.15719850048407893,0.15719850048407893,0.006552768018470236,0.1525649937826763,0.16183200718548157,0.1548817471333776,0.15951525383478027,2.0,0.15807246248551532,0.15807246248551532,0.007367532291675582,0.15286283044146065,0.16328209452957,0.15546764646348799,0.16067727850754265,2.0,-0.04243506493506494,-0.04243506493506494,0.007484312034636811,-0.04772727272727271,-0.03714285714285716,-0.04508116883116882,-0.03978896103896105,2.0,0.42789086906733964,0.42789086906733964,0.015243199314270817,0.41711229946524064,0.4386694386694387,0.42250158426629014,0.4332801538683892,2.0,0.14104699025482859,0.14104699025482859,0.010207784968754945,0.13382899628252787,0.14826498422712933,0.13743799326867823,0.14465598724097897,2.0,0.44062492329594266,0.44062492329594266,0.013798136792010599,0.43086816720257237,0.45038167938931295,0.4357465452492575,0.44550330134262783,2.0,126.0,126.0,11.313708498984761,118.0,134.0,122.0,130.0,2.0,1.0,1.0,0.0,1.0,1.0,1.0,1.0,2.0,1.0,1.0,0.0,1.0,1.0,1.0,1.0,2.0,1.0,1.0,0.0,1.0,1.0,1.0,1.0,2.0,-5.0,-5.0,8.48528137423857,-11.0,1.0,-8.0,-2.0,2.0,0.0,0.0,0.0,0.0,0.0,0.0,0.0,2.0,0.9814663830792862,0.9814663830792862,0.03077247164256233,0.9597069597069597,1.0032258064516129,0.970586671393123,0.9923460947654495,2.0,1.0,1.0,0.0,1.0,1.0,1.0,1.0
3DThinker10k,390,3,3,0.0,0.0,1.0,0.3333333333333333,1.0,0.3333333333333333,3.0,1.0,1.0,0.3333333333333333,0.0,0.0,0.0,0.0,2.0,0.6666666666666666,0.0,0.0,0.0,0.0,0.0,0.0,0.0,0.0,0.0,0.0,0.0,0.0,0.0,0.0,0.0,0.0,3.0,1.0,3.0,1.0,3.0,1.0,3.0,1.0,0.0,0.0,0.0,0.0,0.0,0.0,0.0,0.0,3.0,0.8333333333333334,0.75,0.14433756729740646,0.75,1.0,0.75,0.875,3.0,0.6666666666666666,0.5,0.28867513459481287,0.5,1.0,0.5,0.75,3.0,260.0,262.0,15.0996688705415,244.0,274.0,253.0,268.0,3.0,78.33333333333333,0.0,135.67731325956206,0.0,235.0,0.0,117.5,3.0,5.0,5.0,1.0,4.0,6.0,4.5,5.5,3.0,1426.6666666666667,1463.0,129.38444007427373,1283.0,1534.0,1373.0,1498.5,3.0,258.3333333333333,265.0,15.14375558880073,241.0,269.0,253.0,267.0,3.0,404.3333333333333,0.0,700.3258765270161,0.0,1213.0,0.0,606.5,3.0,24.0,24.0,6.0,18.0,30.0,21.0,27.0,3.0,76.33333333333333,0.0,132.21321164442432,0.0,229.0,0.0,114.5,3.0,5.0,5.0,1.0,4.0,6.0,4.5,5.5,3.0,0.32103825136612024,0.0,0.5560545625391887,0.0,0.9631147540983607,0.0,0.48155737704918034,3.0,0.019424224515353496,0.019083969465648856,0.005004494640477826,0.014598540145985401,0.02459016393442623,0.016841254805817128,0.021837066700037544,3.0,13.055555555555555,0.0,22.61288554326034,0.0,39.166666666666664,0.0,19.583333333333332,3.0,0.03460127214916487,0.029304029304029304,0.013370205735386225,0.024691358024691357,0.04980842911877394,0.02699769366436033,0.039556229211401624,3.0,2.3333333333333335,2.0,0.5773502691896258,2.0,3.0,2.0,2.5,3.0,0.03068368796978423,0.03305785123966942,0.02573272627022804,0.0038461538461538325,0.05514705882352944,0.018452002542911627,0.04410245503159943,3.0,0.523950758471894,0.5381679389312977,0.027099911606632852,0.4927007299270073,0.5409836065573771,0.5154343344291525,0.5395757727443373,3.0,0.8884470621379944,0.8806584362139918,0.0430561525324193,0.8498168498168498,0.9348659003831418,0.8652376430154207,0.9077621682985668,3.0,0.9693163120302158,0.9669421487603306,0.02573272627022804,0.9448529411764706,0.9961538461538462,0.9558975449684006,0.9815479974570884,3.0,0.989700560906024,0.9875518672199171,0.009410897430934375,0.981549815498155,1.0,0.984550841359036,0.9937759336099585,3.0,0.14311213108456092,0.14031317333485355,0.006659296517536646,0.13830914216465817,0.150714077754171,0.13931115774975586,0.14551362554451228,1.0,0.13943057535051942,0.13943057535051942,0.0,0.13943057535051942,0.13943057535051942,0.13943057535051942,0.13943057535051942,3.0,-0.04907407407407407,-0.04999999999999999,0.015298807075794733,-0.06388888888888888,-0.03333333333333332,-0.056944444444444436,-0.04166666666666666,3.0,0.4588853487850389,0.46297739672642246,0.016545336433719183,0.4406779661016949,0.4730006835269993,0.4518276814140587,0.4679890401267109,3.0,0.11843585590967454,0.1183206106870229,0.01265445604929534,0.10583941605839416,0.13114754098360656,0.11208001337270854,0.12473407583531473,1.0,0.5404255319148936,0.5404255319148936,0.0,0.5404255319148936,0.5404255319148936,0.5404255319148936,0.5404255319148936,3.0,42.333333333333336,0.0,73.32348418708247,0.0,127.0,0.0,63.5,3.0,1.0,1.0,0.0,1.0,1.0,1.0,1.0,3.0,1.0,1.0,0.0,1.0,1.0,1.0,1.0,3.0,1.0,1.0,0.0,1.0,1.0,1.0,1.0,3.0,-179.0,-257.0,148.28014027508877,-272.0,-8.0,-264.5,-132.5,3.0,0.0,0.0,0.0,0.0,0.0,0.0,0.0,3.0,0.3223593964334705,0.0,0.5583428529200085,0.0,0.9670781893004116,0.0,0.4835390946502058,3.0,1.0,1.0,0.0,1.0,1.0,1.0,1.0
3DThinker10k,400,1,1,0.0,0.0,1.0,1.0,1.0,1.0,1.0,1.0,1.0,1.0,0.0,0.0,0.0,0.0,0.0,0.0,0.0,0.0,0.0,0.0,0.0,0.0,0.0,0.0,0.0,0.0,0.0,0.0,0.0,0.0,0.0,0.0,1.0,1.0,1.0,1.0,1.0,1.0,1.0,1.0,0.0,0.0,0.0,0.0,0.0,0.0,0.0,0.0,1.0,1.0,1.0,0.0,1.0,1.0,1.0,1.0,1.0,1.0,1.0,0.0,1.0,1.0,1.0,1.0,1.0,336.0,336.0,0.0,336.0,336.0,336.0,336.0,1.0,327.0,327.0,0.0,327.0,327.0,327.0,327.0,1.0,6.0,6.0,0.0,6.0,6.0,6.0,6.0,1.0,1823.0,1823.0,0.0,1823.0,1823.0,1823.0,1823.0,1.0,339.0,339.0,0.0,339.0,339.0,339.0,339.0,1.0,1740.0,1740.0,0.0,1740.0,1740.0,1740.0,1740.0,1.0,37.0,37.0,0.0,37.0,37.0,37.0,37.0,1.0,327.0,327.0,0.0,327.0,327.0,327.0,327.0,1.0,6.0,6.0,0.0,6.0,6.0,6.0,6.0,1.0,0.9732142857142857,0.9732142857142857,0.0,0.9732142857142857,0.9732142857142857,0.9732142857142857,0.9732142857142857,1.0,0.017857142857142856,0.017857142857142856,0.0,0.017857142857142856,0.017857142857142856,0.017857142857142856,0.017857142857142856,1.0,54.5,54.5,0.0,54.5,54.5,54.5,54.5,1.0,0.029850746268656716,0.029850746268656716,0.0,0.029850746268656716,0.029850746268656716,0.029850746268656716,0.029850746268656716,1.0,2.0,2.0,0.0,2.0,2.0,2.0,2.0,1.0,0.0239520958083832,0.0239520958083832,0.0,0.0239520958083832,0.0239520958083832,0.0239520958083832,0.0239520958083832,1.0,0.44345238095238093,0.44345238095238093,0.0,0.44345238095238093,0.44345238095238093,0.44345238095238093,0.44345238095238093,1.0,0.8507462686567164,0.8507462686567164,0.0,0.8507462686567164,0.8507462686567164,0.8507462686567164,0.8507462686567164,1.0,0.9760479041916168,0.9760479041916168,0.0,0.9760479041916168,0.9760479041916168,0.9760479041916168,0.9760479041916168,1.0,0.996996996996997,0.996996996996997,0.0,0.996996996996997,0.996996996996997,0.996996996996997,0.996996996996997,1.0,0.14763531784110168,0.14763531784110168,0.0,0.14763531784110168,0.14763531784110168,0.14763531784110168,0.14763531784110168,1.0,0.1465514140029621,0.1465514140029621,0.0,0.1465514140029621,0.1465514140029621,0.1465514140029621,0.1465514140029621,1.0,-0.015765765765765747,-0.015765765765765747,0.0,-0.015765765765765747,-0.015765765765765747,-0.015765765765765747,-0.015765765765765747,1.0,0.4229292375205705,0.4229292375205705,0.0,0.4229292375205705,0.4229292375205705,0.4229292375205705,0.4229292375205705,1.0,0.13095238095238096,0.13095238095238096,0.0,0.13095238095238096,0.13095238095238096,0.13095238095238096,0.13095238095238096,1.0,0.44036697247706424,0.44036697247706424,0.0,0.44036697247706424,0.44036697247706424,0.44036697247706424,0.44036697247706424,1.0,144.0,144.0,0.0,144.0,144.0,144.0,144.0,1.0,1.0,1.0,0.0,1.0,1.0,1.0,1.0,1.0,1.0,1.0,0.0,1.0,1.0,1.0,1.0,1.0,1.0,1.0,0.0,1.0,1.0,1.0,1.0,1.0,-7.0,-7.0,0.0,-7.0,-7.0,-7.0,-7.0,1.0,0.0,0.0,0.0,0.0,0.0,0.0,0.0,1.0,0.9790419161676647,0.9790419161676647,0.0,0.9790419161676647,0.9790419161676647,0.9790419161676647,0.9790419161676647,1.0,1.0,1.0,0.0,1.0,1.0,1.0,1.0
3DThinker10k,410,1,1,0.0,0.0,1.0,1.0,1.0,1.0,1.0,1.0,1.0,1.0,0.0,0.0,0.0,0.0,0.0,0.0,0.0,0.0,0.0,0.0,0.0,0.0,0.0,0.0,0.0,0.0,0.0,0.0,0.0,0.0,0.0,0.0,1.0,1.0,1.0,1.0,1.0,1.0,1.0,1.0,0.0,0.0,0.0,0.0,0.0,0.0,0.0,0.0,1.0,1.0,1.0,0.0,1.0,1.0,1.0,1.0,1.0,1.0,1.0,0.0,1.0,1.0,1.0,1.0,1.0,230.0,230.0,0.0,230.0,230.0,230.0,230.0,1.0,226.0,226.0,0.0,226.0,226.0,226.0,226.0,1.0,2.0,2.0,0.0,2.0,2.0,2.0,2.0,1.0,1253.0,1253.0,0.0,1253.0,1253.0,1253.0,1253.0,1.0,235.0,235.0,0.0,235.0,235.0,235.0,235.0,1.0,1198.0,1198.0,0.0,1198.0,1198.0,1198.0,1198.0,1.0,9.0,9.0,0.0,9.0,9.0,9.0,9.0,1.0,227.0,227.0,0.0,227.0,227.0,227.0,227.0,1.0,2.0,2.0,0.0,2.0,2.0,2.0,2.0,1.0,0.9826086956521739,0.9826086956521739,0.0,0.9826086956521739,0.9826086956521739,0.9826086956521739,0.9826086956521739,1.0,0.008695652173913044,0.008695652173913044,0.0,0.008695652173913044,0.008695652173913044,0.008695652173913044,0.008695652173913044,1.0,113.0,113.0,0.0,113.0,113.0,113.0,113.0,1.0,0.026200873362445413,0.026200873362445413,0.0,0.026200873362445413,0.026200873362445413,0.026200873362445413,0.026200873362445413,1.0,2.0,2.0,0.0,2.0,2.0,2.0,2.0,1.0,0.01754385964912286,0.01754385964912286,0.0,0.01754385964912286,0.01754385964912286,0.01754385964912286,0.01754385964912286,1.0,0.4826086956521739,0.4826086956521739,0.0,0.4826086956521739,0.4826086956521739,0.4826086956521739,0.4826086956521739,1.0,0.8864628820960698,0.8864628820960698,0.0,0.8864628820960698,0.8864628820960698,0.8864628820960698,0.8864628820960698,1.0,0.9824561403508771,0.9824561403508771,0.0,0.9824561403508771,0.9824561403508771,0.9824561403508771,0.9824561403508771,1.0,1.0,1.0,0.0,1.0,1.0,1.0,1.0,1.0,0.13581845779316937,0.13581845779316937,0.0,0.13581845779316937,0.13581845779316937,0.13581845779316937,0.13581845779316937,1.0,0.13726127018833895,0.13726127018833895,0.0,0.13726127018833895,0.13726127018833895,0.13726127018833895,0.13726127018833895,1.0,-0.1825396825396825,-0.1825396825396825,0.0,-0.1825396825396825,-0.1825396825396825,-0.1825396825396825,-0.1825396825396825,1.0,0.4604948124501197,0.4604948124501197,0.0,0.4604948124501197,0.4604948124501197,0.4604948124501197,0.4604948124501197,1.0,0.12173913043478261,0.12173913043478261,0.0,0.12173913043478261,0.12173913043478261,0.12173913043478261,0.12173913043478261,1.0,0.47345132743362833,0.47345132743362833,0.0,0.47345132743362833,0.47345132743362833,0.47345132743362833,0.47345132743362833,1.0,107.0,107.0,0.0,107.0,107.0,107.0,107.0,1.0,1.0,1.0,0.0,1.0,1.0,1.0,1.0,1.0,1.0,1.0,0.0,1.0,1.0,1.0,1.0,1.0,1.0,1.0,0.0,1.0,1.0,1.0,1.0,1.0,0.0,0.0,0.0,0.0,0.0,0.0,0.0,1.0,0.0,0.0,0.0,0.0,0.0,0.0,0.0,1.0,1.0,1.0,0.0,1.0,1.0,1.0,1.0,1.0,1.0,1.0,0.0,1.0,1.0,1.0,1.0
3DThinker10k,420,1,1,0.0,0.0,1.0,1.0,1.0,1.0,1.0,1.0,1.0,1.0,0.0,0.0,0.0,0.0,0.0,0.0,0.0,0.0,0.0,0.0,0.0,0.0,0.0,0.0,0.0,0.0,0.0,0.0,0.0,0.0,0.0,0.0,1.0,1.0,1.0,1.0,1.0,1.0,1.0,1.0,0.0,0.0,0.0,0.0,0.0,0.0,0.0,0.0,1.0,1.0,1.0,0.0,1.0,1.0,1.0,1.0,1.0,1.0,1.0,0.0,1.0,1.0,1.0,1.0,1.0,274.0,274.0,0.0,274.0,274.0,274.0,274.0,1.0,268.0,268.0,0.0,268.0,268.0,268.0,268.0,1.0,3.0,3.0,0.0,3.0,3.0,3.0,3.0,1.0,1508.0,1508.0,0.0,1508.0,1508.0,1508.0,1508.0,1.0,276.0,276.0,0.0,276.0,276.0,276.0,276.0,1.0,1450.0,1450.0,0.0,1450.0,1450.0,1450.0,1450.0,1.0,12.0,12.0,0.0,12.0,12.0,12.0,12.0,1.0,267.0,267.0,0.0,267.0,267.0,267.0,267.0,1.0,3.0,3.0,0.0,3.0,3.0,3.0,3.0,1.0,0.9781021897810219,0.9781021897810219,0.0,0.9781021897810219,0.9781021897810219,0.9781021897810219,0.9781021897810219,1.0,0.010948905109489052,0.010948905109489052,0.0,0.010948905109489052,0.010948905109489052,0.010948905109489052,0.010948905109489052,1.0,89.33333333333333,89.33333333333333,0.0,89.33333333333333,89.33333333333333,89.33333333333333,89.33333333333333,1.0,0.018315018315018316,0.018315018315018316,0.0,0.018315018315018316,0.018315018315018316,0.018315018315018316,0.018315018315018316,1.0,2.0,2.0,0.0,2.0,2.0,2.0,2.0,1.0,0.05882352941176472,0.05882352941176472,0.0,0.05882352941176472,0.05882352941176472,0.05882352941176472,0.05882352941176472,1.0,0.4781021897810219,0.4781021897810219,0.0,0.4781021897810219,0.4781021897810219,0.4781021897810219,0.4781021897810219,1.0,0.8315018315018315,0.8315018315018315,0.0,0.8315018315018315,0.8315018315018315,0.8315018315018315,0.8315018315018315,1.0,0.9411764705882353,0.9411764705882353,0.0,0.9411764705882353,0.9411764705882353,0.9411764705882353,0.9411764705882353,1.0,0.977859778597786,0.977859778597786,0.0,0.977859778597786,0.977859778597786,0.977859778597786,0.977859778597786,1.0,0.1497489572606909,0.1497489572606909,0.0,0.1497489572606909,0.1497489572606909,0.1497489572606909,0.1497489572606909,1.0,0.15233194094258531,0.15233194094258531,0.0,0.15233194094258531,0.15233194094258531,0.15233194094258531,0.15233194094258531,1.0,-0.10000000000000003,-0.10000000000000003,0.0,-0.10000000000000003,-0.10000000000000003,-0.10000000000000003,-0.10000000000000003,1.0,0.4363395225464191,0.4363395225464191,0.0,0.4363395225464191,0.4363395225464191,0.4363395225464191,0.4363395225464191,1.0,0.12043795620437957,0.12043795620437957,0.0,0.12043795620437957,0.12043795620437957,0.12043795620437957,0.12043795620437957,1.0,0.4664179104477612,0.4664179104477612,0.0,0.4664179104477612,0.4664179104477612,0.4664179104477612,0.4664179104477612,1.0,125.0,125.0,0.0,125.0,125.0,125.0,125.0,1.0,1.0,1.0,0.0,1.0,1.0,1.0,1.0,1.0,1.0,1.0,0.0,1.0,1.0,1.0,1.0,1.0,1.0,1.0,0.0,1.0,1.0,1.0,1.0,1.0,-3.0,-3.0,0.0,-3.0,-3.0,-3.0,-3.0,1.0,0.0,0.0,0.0,0.0,0.0,0.0,0.0,1.0,0.988929889298893,0.988929889298893,0.0,0.988929889298893,0.988929889298893,0.988929889298893,0.988929889298893,1.0,1.0,1.0,0.0,1.0,1.0,1.0,1.0
3DThinker10k,440,1,1,0.0,0.0,1.0,1.0,1.0,1.0,1.0,1.0,1.0,1.0,0.0,0.0,0.0,0.0,0.0,0.0,0.0,0.0,0.0,0.0,0.0,0.0,0.0,0.0,0.0,0.0,0.0,0.0,0.0,0.0,0.0,0.0,1.0,1.0,1.0,1.0,1.0,1.0,1.0,1.0,0.0,0.0,0.0,0.0,0.0,0.0,0.0,0.0,1.0,1.0,1.0,0.0,1.0,1.0,1.0,1.0,1.0,1.0,1.0,0.0,1.0,1.0,1.0,1.0,1.0,272.0,272.0,0.0,272.0,272.0,272.0,272.0,1.0,265.0,265.0,0.0,265.0,265.0,265.0,265.0,1.0,5.0,5.0,0.0,5.0,5.0,5.0,5.0,1.0,1593.0,1593.0,0.0,1593.0,1593.0,1593.0,1593.0,1.0,279.0,279.0,0.0,279.0,279.0,279.0,279.0,1.0,1516.0,1516.0,0.0,1516.0,1516.0,1516.0,1516.0,1.0,31.0,31.0,0.0,31.0,31.0,31.0,31.0,1.0,268.0,268.0,0.0,268.0,268.0,268.0,268.0,1.0,5.0,5.0,0.0,5.0,5.0,5.0,5.0,1.0,0.9742647058823529,0.9742647058823529,0.0,0.9742647058823529,0.9742647058823529,0.9742647058823529,0.9742647058823529,1.0,0.01838235294117647,0.01838235294117647,0.0,0.01838235294117647,0.01838235294117647,0.01838235294117647,0.01838235294117647,1.0,53.0,53.0,0.0,53.0,53.0,53.0,53.0,1.0,0.025830258302583026,0.025830258302583026,0.0,0.025830258302583026,0.025830258302583026,0.025830258302583026,0.025830258302583026,1.0,2.0,2.0,0.0,2.0,2.0,2.0,2.0,1.0,0.03703703703703709,0.03703703703703709,0.0,0.03703703703703709,0.03703703703703709,0.03703703703703709,0.03703703703703709,1.0,0.47058823529411764,0.47058823529411764,0.0,0.47058823529411764,0.47058823529411764,0.47058823529411764,0.47058823529411764,1.0,0.8376383763837638,0.8376383763837638,0.0,0.8376383763837638,0.8376383763837638,0.8376383763837638,0.8376383763837638,1.0,0.9629629629629629,0.9629629629629629,0.0,0.9629629629629629,0.9629629629629629,0.9629629629629629,0.9629629629629629,1.0,0.9888475836431226,0.9888475836431226,0.0,0.9888475836431226,0.9888475836431226,0.9888475836431226,0.9888475836431226,1.0,0.15508880543690784,0.15508880543690784,0.0,0.15508880543690784,0.15508880543690784,0.15508880543690784,0.15508880543690784,1.0,0.15673038367902026,0.15673038367902026,0.0,0.15673038367902026,0.15673038367902026,0.15673038367902026,0.15673038367902026,1.0,-0.03161290322580645,-0.03161290322580645,0.0,-0.03161290322580645,-0.03161290322580645,-0.03161290322580645,-0.03161290322580645,1.0,0.4218455743879473,0.4218455743879473,0.0,0.4218455743879473,0.4218455743879473,0.4218455743879473,0.4218455743879473,1.0,0.1801470588235294,0.1801470588235294,0.0,0.1801470588235294,0.1801470588235294,0.1801470588235294,0.1801470588235294,1.0,0.4641509433962264,0.4641509433962264,0.0,0.4641509433962264,0.4641509433962264,0.4641509433962264,0.4641509433962264,1.0,123.0,123.0,0.0,123.0,123.0,123.0,123.0,1.0,1.0,1.0,0.0,1.0,1.0,1.0,1.0,1.0,1.0,1.0,0.0,1.0,1.0,1.0,1.0,1.0,1.0,1.0,0.0,1.0,1.0,1.0,1.0,1.0,-8.0,-8.0,0.0,-8.0,-8.0,-8.0,-8.0,1.0,0.0,0.0,0.0,0.0,0.0,0.0,0.0,1.0,0.9706959706959707,0.9706959706959707,0.0,0.9706959706959707,0.9706959706959707,0.9706959706959707,0.9706959706959707,1.0,1.0,1.0,0.0,1.0,1.0,1.0,1.0
3DThinker10k,450,3,3,0.0,0.0,3.0,1.0,3.0,1.0,3.0,1.0,3.0,1.0,0.0,0.0,0.0,0.0,0.0,0.0,0.0,0.0,0.0,0.0,0.0,0.0,0.0,0.0,0.0,0.0,0.0,0.0,0.0,0.0,0.0,0.0,3.0,1.0,3.0,1.0,3.0,1.0,3.0,1.0,0.0,0.0,0.0,0.0,0.0,0.0,0.0,0.0,3.0,1.0,1.0,0.0,1.0,1.0,1.0,1.0,3.0,1.0,1.0,0.0,1.0,1.0,1.0,1.0,3.0,239.33333333333334,187.0,91.51138362702933,186.0,345.0,186.5,266.0,3.0,235.0,183.0,91.804139340228,181.0,341.0,182.0,262.0,3.0,2.0,2.0,0.0,2.0,2.0,2.0,2.0,3.0,1341.6666666666667,1057.0,502.6135029357382,1046.0,1922.0,1051.5,1489.5,3.0,241.0,193.0,91.04394543296111,184.0,346.0,188.5,269.5,3.0,1288.6666666666667,1002.0,503.465324856969,994.0,1870.0,998.0,1436.0,3.0,7.0,6.0,1.7320508075688772,6.0,9.0,6.0,7.5,3.0,233.0,185.0,91.04394543296111,176.0,338.0,180.5,261.5,3.0,2.0,2.0,0.0,2.0,2.0,2.0,2.0,3.0,0.9800445674465971,0.9786096256684492,0.007744116573207,0.9731182795698925,0.9884057971014493,0.9758639526191708,0.9835077113849493,3.0,0.009081658929031258,0.0106951871657754,0.0028446555098633206,0.005797101449275362,0.010752688172043012,0.00824614430752538,0.010723937668909205,3.0,117.5,91.5,45.902069670114,90.5,170.5,91.0,131.0,3.0,0.016595702979799006,0.016216216216216217,0.0007340893188901404,0.016129032258064516,0.01744186046511628,0.016172624237140366,0.01682903834066625,3.0,2.0,2.0,0.0,2.0,2.0,2.0,2.0,3.0,0.013887680302942074,0.014577259475218707,0.0027392168227317964,0.010869565217391353,0.01621621621621616,0.01272341234630503,0.015396737845717434,3.0,0.5436227633983594,0.5454545454545454,0.03260056472671506,0.5101449275362319,0.5752688172043011,0.5277997364953886,0.5603616813294232,3.0,0.8910179121356916,0.8972972972972973,0.011357759096575144,0.877906976744186,0.8978494623655914,0.8876021370207416,0.8975733798314444,3.0,0.9861123196970579,0.9854227405247813,0.0027392168227317964,0.9837837837837838,0.9891304347826086,0.9846032621542826,0.987276587653695,3.0,1.0,1.0,0.0,1.0,1.0,1.0,1.0,3.0,0.12674371151037353,0.12491160877654461,0.005117444683410174,0.12279449929066852,0.13252502646390749,0.12385305403360657,0.12871831762022606,3.0,0.12831495957092556,0.12643440569293418,0.004657944749617879,0.12489128335658986,0.13361918966325273,0.125662844524762,0.13002679767809344,3.0,-0.2671957671957672,-0.3095238095238096,0.07331431989709539,-0.3095238095238096,-0.1825396825396825,-0.3095238095238096,-0.24603174603174605,3.0,0.47385030591604194,0.4881740775780511,0.025116390077448095,0.44484911550468265,0.48852772466539196,0.46651159654136687,0.4883509011217215,3.0,0.1070918741077969,0.10752688172043011,0.00543815950632212,0.10144927536231885,0.11229946524064172,0.10448807854137449,0.10991317348053592,3.0,0.5344846214215807,0.5355191256830601,0.029582111887413946,0.5043988269794721,0.56353591160221,0.5199589763312662,0.549527518642635,3.0,124.0,102.0,41.617304093369626,98.0,172.0,100.0,137.0,3.0,1.0,1.0,0.0,1.0,1.0,1.0,1.0,3.0,1.0,1.0,0.0,1.0,1.0,1.0,1.0,3.0,1.0,1.0,0.0,1.0,1.0,1.0,1.0,3.0,-3.6666666666666665,-5.0,2.3094010767585034,-5.0,-1.0,-5.0,-3.0,3.0,0.0,0.0,0.0,0.0,0.0,0.0,0.0,3.0,0.9844862942575401,0.9855491329479769,0.010590693714826151,0.973404255319149,0.9945054945054945,0.9794766941335629,0.9900273137267357,3.0,1.0,1.0,0.0,1.0,1.0,1.0,1.0
3DThinker10k,470,2,2,0.0,0.0,2.0,1.0,2.0,1.0,2.0,1.0,2.0,1.0,0.0,0.0,0.0,0.0,0.0,0.0,0.0,0.0,0.0,0.0,0.0,0.0,0.0,0.0,0.0,0.0,0.0,0.0,0.0,0.0,0.0,0.0,2.0,1.0,2.0,1.0,2.0,1.0,2.0,1.0,0.0,0.0,0.0,0.0,0.0,0.0,0.0,0.0,2.0,1.0,1.0,0.0,1.0,1.0,1.0,1.0,2.0,1.0,1.0,0.0,1.0,1.0,1.0,1.0,2.0,264.5,264.5,70.0035713374682,215.0,314.0,239.75,289.25,2.0,259.5,259.5,70.0035713374682,210.0,309.0,234.75,284.25,2.0,2.0,2.0,0.0,2.0,2.0,2.0,2.0,2.0,1451.5,1451.5,382.54476862192223,1181.0,1722.0,1316.25,1586.75,2.0,265.0,265.0,65.05382386916237,219.0,311.0,242.0,288.0,2.0,1396.0,1396.0,381.8376618407357,1126.0,1666.0,1261.0,1531.0,2.0,9.5,9.5,0.7071067811865476,9.0,10.0,9.25,9.75,2.0,257.0,257.0,65.05382386916237,211.0,303.0,234.0,280.0,2.0,2.0,2.0,0.0,2.0,2.0,2.0,2.0,2.0,0.9804103095837653,0.9804103095837653,0.005184681627719496,0.9767441860465116,0.9840764331210191,0.9785772478151384,0.9822433713523923,2.0,0.007835876166493852,0.007835876166493852,0.0020738726510877853,0.006369426751592357,0.009302325581395349,0.007102651459043105,0.0085691008739446,2.0,129.75,129.75,35.0017856687341,105.0,154.5,117.375,142.125,2.0,0.022125347108178317,0.022125347108178317,0.004856067590484188,0.018691588785046728,0.025559105431309903,0.02040846794661252,0.02384222626974411,2.0,2.0,2.0,0.0,2.0,2.0,2.0,2.0,2.0,0.014310220296135823,0.014310220296135823,0.0069587070376791104,0.009389671361502372,0.019230769230769273,0.011849945828819097,0.016770494763452548,2.0,0.4880462153754999,0.4880462153754999,0.059660498083818285,0.445859872611465,0.5302325581395348,0.4669530439934825,0.5091393867575174,2.0,0.8719208145471917,0.8719208145471917,0.0357448801334336,0.8466453674121406,0.897196261682243,0.8592830909796662,0.8845585381147174,2.0,0.9856897797038642,0.9856897797038642,0.0069587070376791104,0.9807692307692307,0.9906103286384976,0.9832295052365474,0.988150054171181,2.0,0.9983922829581994,0.9983922829581994,0.002273655244972799,0.9967845659163987,1.0,0.997588424437299,0.9991961414790997,2.0,0.1370676012548146,0.1370676012548146,0.011005242936625624,0.12928571934572128,0.14484948316390794,0.13317666030026795,0.14095854220936127,2.0,0.13863787057403273,0.13863787057403273,0.010912486113854694,0.13092157764332205,0.14635416350474342,0.1347797241086774,0.14249601703938808,2.0,-0.16984126984126985,-0.16984126984126985,0.017958267458705924,-0.1825396825396825,-0.15714285714285717,-0.17619047619047618,-0.1634920634920635,2.0,0.4435575473451602,0.4435575473451602,0.040903865969383536,0.4146341463414634,0.4724809483488569,0.42909584684331176,0.45801924784700854,2.0,0.12635905791734559,0.12635905791734559,0.012055694047485065,0.1178343949044586,0.13488372093023257,0.12209672641090209,0.1306213894237891,2.0,0.4779704114655571,0.4779704114655571,0.058091944066966994,0.4368932038834951,0.5190476190476191,0.4574318076745261,0.4985090152565881,2.0,122.0,122.0,18.384776310850235,109.0,135.0,115.5,128.5,2.0,1.0,1.0,0.0,1.0,1.0,1.0,1.0,2.0,1.0,1.0,0.0,1.0,1.0,1.0,1.0,2.0,1.0,1.0,0.0,1.0,1.0,1.0,1.0,2.0,-0.5,-0.5,0.7071067811865476,-1.0,0.0,-0.75,-0.25,2.0,0.0,0.0,0.0,0.0,0.0,0.0,0.0,2.0,0.9983870967741936,0.9983870967741936,0.002280989616730765,0.9967741935483871,1.0,0.9975806451612903,0.9991935483870968,2.0,1.0,1.0,0.0,1.0,1.0,1.0,1.0
3DThinker10k,480,2,2,0.0,0.0,1.0,0.5,1.0,0.5,2.0,1.0,1.0,0.5,0.0,0.0,0.0,0.0,1.0,0.5,0.0,0.0,0.0,0.0,0.0,0.0,0.0,0.0,0.0,0.0,0.0,0.0,0.0,0.0,0.0,0.0,2.0,1.0,2.0,1.0,2.0,1.0,2.0,1.0,0.0,0.0,0.0,0.0,0.0,0.0,0.0,0.0,2.0,0.875,0.875,0.1767766952966369,0.75,1.0,0.8125,0.9375,2.0,0.75,0.75,0.3535533905932738,0.5,1.0,0.625,0.875,2.0,285.0,285.0,35.35533905932738,260.0,310.0,272.5,297.5,2.0,152.0,152.0,214.96046148071045,0.0,304.0,76.0,228.0,2.0,4.5,4.5,0.7071067811865476,4.0,5.0,4.25,4.75,2.0,1563.0,1563.0,193.74725804511402,1426.0,1700.0,1494.5,1631.5,2.0,287.5,287.5,36.062445840513924,262.0,313.0,274.75,300.25,2.0,816.0,816.0,1153.9982668964456,0.0,1632.0,408.0,1224.0,2.0,26.0,26.0,5.656854249492381,22.0,30.0,24.0,28.0,2.0,151.5,151.5,214.2533546995239,0.0,303.0,75.75,227.25,2.0,4.5,4.5,0.7071067811865476,4.0,5.0,4.25,4.75,2.0,0.49032258064516127,0.49032258064516127,0.6934208434861627,0.0,0.9806451612903225,0.24516129032258063,0.7354838709677419,2.0,0.01606699751861042,0.01606699751861042,0.004474248863587336,0.012903225806451613,0.019230769230769232,0.014485111662531018,0.01764888337468983,2.0,38.0,38.0,53.74011537017761,0.0,76.0,19.0,57.0,2.0,0.031625245217478226,0.031625245217478226,0.0010425785030802116,0.03088803088803089,0.032362459546925564,0.031256638052754554,0.0319938523822019,2.0,2.5,2.5,0.7071067811865476,2.0,3.0,2.25,2.75,2.0,0.015239605355884422,0.015239605355884422,0.010589160747155815,0.007751937984496138,0.022727272727272707,0.01149577167019028,0.018983439041578565,2.0,0.46172456575682386,0.46172456575682386,0.005176091822581433,0.45806451612903226,0.4653846153846154,0.45989454094292803,0.4635545905707196,2.0,0.8770476440379353,0.8770476440379353,0.004612084564473541,0.8737864077669902,0.8803088803088803,0.8754170259024627,0.8786782621734078,2.0,0.9847603946441156,0.9847603946441156,0.010589160747155815,0.9772727272727273,0.9922480620155039,0.9810165609584214,0.9885042283298098,2.0,0.996742671009772,0.996742671009772,0.004606558835091517,0.993485342019544,1.0,0.995114006514658,0.998371335504886,2.0,0.1403895115678721,0.1403895115678721,0.008989556371601912,0.13403293529765367,0.14674608783809057,0.1372112234327629,0.14356779970298134,1.0,0.14791554043149585,0.14791554043149585,0.0,0.14791554043149585,0.14791554043149585,0.14791554043149585,0.14791554043149585,2.0,-0.040530303030303014,-0.040530303030303014,0.010178052153442725,-0.04772727272727271,-0.03333333333333332,-0.044128787878787865,-0.03693181818181816,2.0,0.45733231581552675,0.45733231581552675,0.018688363777997728,0.4441176470588235,0.47054698457223,0.4507249814371751,0.4639396501938784,2.0,0.14633995037220843,0.14633995037220843,0.016581039906235415,0.1346153846153846,0.15806451612903225,0.14047766749379653,0.15220223325062032,1.0,0.45394736842105265,0.45394736842105265,0.0,0.45394736842105265,0.45394736842105265,0.45394736842105265,0.45394736842105265,2.0,69.0,69.0,97.58073580374356,0.0,138.0,34.5,103.5,2.0,1.0,1.0,0.0,1.0,1.0,1.0,1.0,2.0,1.0,1.0,0.0,1.0,1.0,1.0,1.0,2.0,1.0,1.0,0.0,1.0,1.0,1.0,1.0,2.0,-130.5,-130.5,178.89801564019652,-257.0,-4.0,-193.75,-67.25,2.0,0.0,0.0,0.0,0.0,0.0,0.0,0.0,2.0,0.4935064935064935,0.4935064935064935,0.6979235762360729,0.0,0.987012987012987,0.24675324675324675,0.7402597402597403,2.0,1.0,1.0,0.0,1.0,1.0,1.0,1.0
3DThinker10k,490,1,1,0.0,0.0,1.0,1.0,1.0,1.0,1.0,1.0,1.0,1.0,0.0,0.0,0.0,0.0,0.0,0.0,0.0,0.0,0.0,0.0,0.0,0.0,0.0,0.0,0.0,0.0,0.0,0.0,0.0,0.0,0.0,0.0,1.0,1.0,1.0,1.0,1.0,1.0,1.0,1.0,0.0,0.0,0.0,0.0,0.0,0.0,0.0,0.0,1.0,1.0,1.0,0.0,1.0,1.0,1.0,1.0,1.0,1.0,1.0,0.0,1.0,1.0,1.0,1.0,1.0,292.0,292.0,0.0,292.0,292.0,292.0,292.0,1.0,286.0,286.0,0.0,286.0,286.0,286.0,286.0,1.0,4.0,4.0,0.0,4.0,4.0,4.0,4.0,1.0,1602.0,1602.0,0.0,1602.0,1602.0,1602.0,1602.0,1.0,288.0,288.0,0.0,288.0,288.0,288.0,288.0,1.0,1536.0,1536.0,0.0,1536.0,1536.0,1536.0,1536.0,1.0,20.0,20.0,0.0,20.0,20.0,20.0,20.0,1.0,278.0,278.0,0.0,278.0,278.0,278.0,278.0,1.0,4.0,4.0,0.0,4.0,4.0,4.0,4.0,1.0,0.9794520547945206,0.9794520547945206,0.0,0.9794520547945206,0.9794520547945206,0.9794520547945206,0.9794520547945206,1.0,0.0136986301369863,0.0136986301369863,0.0,0.0136986301369863,0.0136986301369863,0.0136986301369863,0.0136986301369863,1.0,71.5,71.5,0.0,71.5,71.5,71.5,71.5,1.0,0.010309278350515464,0.010309278350515464,0.0,0.010309278350515464,0.010309278350515464,0.010309278350515464,0.010309278350515464,1.0,2.0,2.0,0.0,2.0,2.0,2.0,2.0,1.0,0.02758620689655178,0.02758620689655178,0.0,0.02758620689655178,0.02758620689655178,0.02758620689655178,0.02758620689655178,1.0,0.523972602739726,0.523972602739726,0.0,0.523972602739726,0.523972602739726,0.523972602739726,0.523972602739726,1.0,0.8797250859106529,0.8797250859106529,0.0,0.8797250859106529,0.8797250859106529,0.8797250859106529,0.8797250859106529,1.0,0.9724137931034482,0.9724137931034482,0.0,0.9724137931034482,0.9724137931034482,0.9724137931034482,0.9724137931034482,1.0,0.9930795847750865,0.9930795847750865,0.0,0.9930795847750865,0.9930795847750865,0.9930795847750865,0.9930795847750865,1.0,0.13296804090699124,0.13296804090699124,0.0,0.13296804090699124,0.13296804090699124,0.13296804090699124,0.13296804090699124,1.0,0.13462364312855415,0.13462364312855415,0.0,0.13462364312855415,0.13462364312855415,0.13462364312855415,0.13462364312855415,1.0,-0.054999999999999986,-0.054999999999999986,0.0,-0.054999999999999986,-0.054999999999999986,-0.054999999999999986,-0.054999999999999986,1.0,0.45880149812734083,0.45880149812734083,0.0,0.45880149812734083,0.45880149812734083,0.45880149812734083,0.45880149812734083,1.0,0.1232876712328767,0.1232876712328767,0.0,0.1232876712328767,0.1232876712328767,0.1232876712328767,0.1232876712328767,1.0,0.513986013986014,0.513986013986014,0.0,0.513986013986014,0.513986013986014,0.513986013986014,0.513986013986014,1.0,147.0,147.0,0.0,147.0,147.0,147.0,147.0,1.0,1.0,1.0,0.0,1.0,1.0,1.0,1.0,1.0,1.0,1.0,0.0,1.0,1.0,1.0,1.0,1.0,1.0,1.0,0.0,1.0,1.0,1.0,1.0,1.0,-6.0,-6.0,0.0,-6.0,-6.0,-6.0,-6.0,1.0,0.0,0.0,0.0,0.0,0.0,0.0,0.0,1.0,0.9794520547945206,0.9794520547945206,0.0,0.9794520547945206,0.9794520547945206,0.9794520547945206,0.9794520547945206,1.0,1.0,1.0,0.0,1.0,1.0,1.0,1.0
3DThinker10k,500,2,2,0.0,0.0,2.0,1.0,2.0,1.0,2.0,1.0,2.0,1.0,0.0,0.0,0.0,0.0,0.0,0.0,0.0,0.0,0.0,0.0,0.0,0.0,0.0,0.0,0.0,0.0,0.0,0.0,0.0,0.0,0.0,0.0,2.0,1.0,2.0,1.0,2.0,1.0,2.0,1.0,0.0,0.0,0.0,0.0,0.0,0.0,0.0,0.0,2.0,1.0,1.0,0.0,1.0,1.0,1.0,1.0,2.0,1.0,1.0,0.0,1.0,1.0,1.0,1.0,2.0,287.0,287.0,25.45584412271571,269.0,305.0,278.0,296.0,2.0,282.0,282.0,24.041630560342615,265.0,299.0,273.5,290.5,2.0,2.5,2.5,0.7071067811865476,2.0,3.0,2.25,2.75,2.0,1503.0,1503.0,108.89444430272832,1426.0,1580.0,1464.5,1541.5,2.0,284.0,284.0,19.79898987322333,270.0,298.0,277.0,291.0,2.0,1446.0,1446.0,100.40916292848975,1375.0,1517.0,1410.5,1481.5,2.0,11.0,11.0,8.48528137423857,5.0,17.0,8.0,14.0,2.0,275.5,275.5,19.091883092036785,262.0,289.0,268.75,282.25,2.0,2.5,2.5,0.7071067811865476,2.0,3.0,2.25,2.75,2.0,0.9827289901883113,0.9827289901883113,0.0033956983580656426,0.980327868852459,0.9851301115241635,0.9815284295203852,0.9839295508562373,2.0,0.008635504905844353,0.008635504905844353,0.0016978491790328471,0.007434944237918215,0.009836065573770493,0.008035224571881284,0.009235785239807424,2.0,116.08333333333334,116.08333333333334,23.216672648958305,99.66666666666667,132.5,107.875,124.29166666666667,2.0,0.019638648860958365,0.019638648860958365,0.009165170376730584,0.013157894736842105,0.026119402985074626,0.016398271798900237,0.022879025923016494,2.0,2.0,2.0,0.0,2.0,2.0,2.0,2.0,2.0,0.02675492268327956,0.02675492268327956,0.009832945561054416,0.01980198019801982,0.0337078651685393,0.02327845144064969,0.030231393925909428,2.0,0.4648058992016576,0.4648058992016576,0.03137142645522621,0.4426229508196721,0.48698884758364314,0.4537144250106649,0.47589737339265037,2.0,0.856515121759623,0.856515121759623,0.00288147401995697,0.8544776119402985,0.8585526315789473,0.8554963668499607,0.8575338766692852,2.0,0.9732450773167205,0.9732450773167205,0.009832945561054416,0.9662921348314607,0.9801980198019802,0.9697686060740905,0.9767215485593503,2.0,0.9927052731165662,0.9927052731165662,0.0056334753268857726,0.9887218045112782,0.9966887417218543,0.9907135388139222,0.9946970074192103,2.0,0.13843045600143394,0.13843045600143394,0.006546357681381338,0.13380148209285656,0.14305942991001133,0.13611596904714524,0.14074494295572265,2.0,0.13997955675910584,0.13997955675910584,0.006897924518507523,0.1351019875559562,0.14485712596225545,0.13754077215753102,0.14241834136068063,2.0,-0.223249299719888,-0.223249299719888,0.22976018660403227,-0.3857142857142858,-0.06078431372549022,-0.30448179271708686,-0.14201680672268913,2.0,0.442845798351282,0.442845798351282,0.0163654970801794,0.4312736443883985,0.4544179523141655,0.4370597213698402,0.44863187533272375,2.0,0.11117679322323115,0.11117679322323115,0.03203505278408674,0.08852459016393442,0.13382899628252787,0.09985069169358278,0.12250289475287951,2.0,0.4551271534044299,0.4551271534044299,0.028771531047459206,0.43478260869565216,0.47547169811320755,0.444954881050041,0.4652994257588187,2.0,128.0,128.0,2.8284271247461903,126.0,130.0,127.0,129.0,2.0,1.0,1.0,0.0,1.0,1.0,1.0,1.0,2.0,1.0,1.0,0.0,1.0,1.0,1.0,1.0,2.0,1.0,1.0,0.0,1.0,1.0,1.0,1.0,2.0,-5.0,-5.0,2.8284271247461903,-7.0,-3.0,-6.0,-4.0,2.0,0.0,0.0,0.0,0.0,0.0,0.0,0.0,2.0,0.9821654655239579,0.9821654655239579,0.011173361438207742,0.9742647058823529,0.9900662251655629,0.9782150857031554,0.9861158453447604,2.0,1.0,1.0,0.0,1.0,1.0,1.0,1.0
3DThinker10k,510,1,1,0.0,0.0,1.0,1.0,1.0,1.0,1.0,1.0,1.0,1.0,0.0,0.0,0.0,0.0,0.0,0.0,0.0,0.0,0.0,0.0,0.0,0.0,0.0,0.0,0.0,0.0,0.0,0.0,0.0,0.0,0.0,0.0,1.0,1.0,1.0,1.0,1.0,1.0,1.0,1.0,0.0,0.0,0.0,0.0,0.0,0.0,0.0,0.0,1.0,1.0,1.0,0.0,1.0,1.0,1.0,1.0,1.0,1.0,1.0,0.0,1.0,1.0,1.0,1.0,1.0,296.0,296.0,0.0,296.0,296.0,296.0,296.0,1.0,291.0,291.0,0.0,291.0,291.0,291.0,291.0,1.0,3.0,3.0,0.0,3.0,3.0,3.0,3.0,1.0,1529.0,1529.0,0.0,1529.0,1529.0,1529.0,1529.0,1.0,287.0,287.0,0.0,287.0,287.0,287.0,287.0,1.0,1469.0,1469.0,0.0,1469.0,1469.0,1469.0,1469.0,1.0,14.0,14.0,0.0,14.0,14.0,14.0,14.0,1.0,278.0,278.0,0.0,278.0,278.0,278.0,278.0,1.0,3.0,3.0,0.0,3.0,3.0,3.0,3.0,1.0,0.9831081081081081,0.9831081081081081,0.0,0.9831081081081081,0.9831081081081081,0.9831081081081081,0.9831081081081081,1.0,0.010135135135135136,0.010135135135135136,0.0,0.010135135135135136,0.010135135135135136,0.010135135135135136,0.010135135135135136,1.0,97.0,97.0,0.0,97.0,97.0,97.0,97.0,1.0,0.023728813559322035,0.023728813559322035,0.0,0.023728813559322035,0.023728813559322035,0.023728813559322035,0.023728813559322035,1.0,2.0,2.0,0.0,2.0,2.0,2.0,2.0,1.0,0.0714285714285714,0.0714285714285714,0.0,0.0714285714285714,0.0714285714285714,0.0714285714285714,0.0714285714285714,1.0,0.4358108108108108,0.4358108108108108,0.0,0.4358108108108108,0.4358108108108108,0.4358108108108108,0.4358108108108108,1.0,0.8101694915254237,0.8101694915254237,0.0,0.8101694915254237,0.8101694915254237,0.8101694915254237,0.8101694915254237,1.0,0.9285714285714286,0.9285714285714286,0.0,0.9285714285714286,0.9285714285714286,0.9285714285714286,0.9285714285714286,1.0,0.9658703071672355,0.9658703071672355,0.0,0.9658703071672355,0.9658703071672355,0.9658703071672355,0.9658703071672355,1.0,0.15767733970666542,0.15767733970666542,0.0,0.15767733970666542,0.15767733970666542,0.15767733970666542,0.15767733970666542,1.0,0.15923315488025816,0.15923315488025816,0.0,0.15923315488025816,0.15923315488025816,0.15923315488025816,0.15923315488025816,1.0,-0.08095238095238094,-0.08095238095238094,0.0,-0.08095238095238094,-0.08095238095238094,-0.08095238095238094,-0.08095238095238094,1.0,0.43884892086330934,0.43884892086330934,0.0,0.43884892086330934,0.43884892086330934,0.43884892086330934,0.43884892086330934,1.0,0.14527027027027026,0.14527027027027026,0.0,0.14527027027027026,0.14527027027027026,0.14527027027027026,0.14527027027027026,1.0,0.4261168384879725,0.4261168384879725,0.0,0.4261168384879725,0.4261168384879725,0.4261168384879725,0.4261168384879725,1.0,124.0,124.0,0.0,124.0,124.0,124.0,124.0,1.0,1.0,1.0,0.0,1.0,1.0,1.0,1.0,1.0,1.0,1.0,0.0,1.0,1.0,1.0,1.0,1.0,1.0,1.0,0.0,1.0,1.0,1.0,1.0,1.0,-7.0,-7.0,0.0,-7.0,-7.0,-7.0,-7.0,1.0,0.0,0.0,0.0,0.0,0.0,0.0,0.0,1.0,0.9765100671140939,0.9765100671140939,0.0,0.9765100671140939,0.9765100671140939,0.9765100671140939,0.9765100671140939,1.0,1.0,1.0,0.0,1.0,1.0,1.0,1.0
Scene30k,10,4,4,0.0,0.0,0.0,0.0,0.0,0.0,0.0,0.0,0.0,0.0,0.0,0.0,0.0,0.0,3.0,0.75,0.0,0.0,0.0,0.0,0.0,0.0,4.0,1.0,0.0,0.0,0.0,0.0,0.0,0.0,0.0,0.0,0.0,0.0,0.0,0.0,0.0,0.0,4.0,1.0,0.0,0.0,0.0,0.0,0.0,0.0,0.0,0.0,4.0,0.1875,0.25,0.125,0.0,0.25,0.1875,0.25,4.0,0.0,0.0,0.0,0.0,0.0,0.0,0.0,4.0,464.0,353.5,325.0938326083717,226.0,923.0,237.25,580.25,4.0,0.0,0.0,0.0,0.0,0.0,0.0,0.0,4.0,0.0,0.0,0.0,0.0,0.0,0.0,0.0,4.0,2457.25,1960.0,1525.7056017899827,1328.0,4581.0,1357.25,3060.0,4.0,465.5,354.0,324.8481696628955,229.0,925.0,239.5,580.0,4.0,0.0,0.0,0.0,0.0,0.0,0.0,0.0,4.0,0.0,0.0,0.0,0.0,0.0,0.0,0.0,4.0,0.0,0.0,0.0,0.0,0.0,0.0,0.0,4.0,0.0,0.0,0.0,0.0,0.0,0.0,0.0,4.0,0.0,0.0,0.0,0.0,0.0,0.0,0.0,4.0,0.0,0.0,0.0,0.0,0.0,0.0,0.0,4.0,0.0,0.0,0.0,0.0,0.0,0.0,0.0,4.0,0.021825046260661334,0.021527777777777778,0.0030802440012026094,0.01843817787418655,0.025806451612903226,0.020234544468546636,0.023118279569892472,4.0,2.25,2.0,0.5,2.0,3.0,2.0,2.25,4.0,0.13337549316556424,0.11414716748768472,0.09498511160627798,0.05439330543933052,0.250814332247557,0.057125112074118356,0.1903975485791306,4.0,0.38016591211350276,0.39056743514755593,0.10995257737463937,0.24160346695557963,0.4979253112033195,0.32434936459297214,0.44638398266808654,4.0,0.724584854298354,0.7410035842293907,0.12675389382132662,0.5704989154013015,0.8458333333333333,0.6474634385277447,0.818125,4.0,0.8666245068344357,0.8858528325123153,0.09498511160627798,0.749185667752443,0.9456066945606695,0.8096024514208694,0.9428748879258817,4.0,0.930256998108262,0.9412730389640578,0.06432085632751719,0.8510869565217392,0.9873949579831933,0.8914974410742793,0.9800325959980405,4.0,0.1878134426801284,0.18465434239298084,0.042274742725275004,0.14568379509461307,0.23626129083993883,0.15639262307813823,0.216075161994971,0.0,,,,,,,,0.0,,,,,,,,4.0,0.37847815668732576,0.3708096474706951,0.0596891880362063,0.3152150185549007,0.45707831325301207,0.34643007661287323,0.40285772754514765,4.0,0.14766407563659736,0.14566428253530117,0.039549845286209,0.10619469026548672,0.19313304721030042,0.11990966841699409,0.1734186897549045,0.0,,,,,,,,4.0,0.0,0.0,0.0,0.0,0.0,0.0,0.0,4.0,0.09272920984523639,0.07217620351436592,0.08599773235229043,0.021436227224008574,0.20512820512820512,0.02755778830705923,0.13734762505254308,4.0,0.0871027023251078,0.07363354037267081,0.06164506084753542,0.037209302325581395,0.16393442622950818,0.03725263614040156,0.12348360655737704,4.0,0.05964013920238906,0.05008318069048667,0.05800614387891327,0.009877085162423138,0.12851711026615975,0.01252051291457107,0.09720280697830466,4.0,-458.75,-345.5,343.1592196051273,-938.0,-206.0,-591.5,-212.75,4.0,-16.75,-14.0,11.176612486199325,-32.0,-7.0,-21.5,-9.25,4.0,0.0,0.0,0.0,0.0,0.0,0.0,0.0,4.0,0.0,0.0,0.0,0.0,0.0,0.0,0.0
Scene30k,20,5,5,0.0,0.0,0.0,0.0,0.0,0.0,0.0,0.0,0.0,0.0,0.0,0.0,0.0,0.0,4.0,0.8,0.0,0.0,0.0,0.0,0.0,0.0,5.0,1.0,0.0,0.0,0.0,0.0,0.0,0.0,0.0,0.0,0.0,0.0,0.0,0.0,0.0,0.0,5.0,1.0,0.0,0.0,0.0,0.0,0.0,0.0,0.0,0.0,5.0,0.2,0.25,0.11180339887498948,0.0,0.25,0.25,0.25,5.0,0.0,0.0,0.0,0.0,0.0,0.0,0.0,5.0,357.6,304.0,128.70625470426836,233.0,552.0,279.0,420.0,5.0,0.0,0.0,0.0,0.0,0.0,0.0,0.0,5.0,0.0,0.0,0.0,0.0,0.0,0.0,0.0,5.0,1919.8,1606.0,675.7808076588148,1289.0,2893.0,1468.0,2343.0,5.0,360.2,310.0,127.05982842739873,236.0,556.0,286.0,413.0,5.0,0.0,0.0,0.0,0.0,0.0,0.0,0.0,5.0,0.0,0.0,0.0,0.0,0.0,0.0,0.0,5.0,0.0,0.0,0.0,0.0,0.0,0.0,0.0,5.0,0.0,0.0,0.0,0.0,0.0,0.0,0.0,5.0,0.0,0.0,0.0,0.0,0.0,0.0,0.0,5.0,0.0,0.0,0.0,0.0,0.0,0.0,0.0,5.0,0.0,0.0,0.0,0.0,0.0,0.0,0.0,5.0,0.01991317423045875,0.025408348457350273,0.011084665633270775,0.007194244604316547,0.0297029702970297,0.008620689655172414,0.028639618138424822,5.0,2.4,2.0,0.5477225575051661,2.0,3.0,2.0,3.0,5.0,0.09458484432151153,0.09523809523809523,0.020839916512280548,0.062200956937799035,0.11913357400722024,0.0927152317880795,0.10363636363636364,5.0,0.393157905372657,0.40789473684210525,0.06833368576959262,0.30978260869565216,0.48497854077253216,0.34408602150537637,0.41904761904761906,5.0,0.758986001432448,0.7986798679867987,0.06553214116221787,0.6726618705035972,0.8103448275862069,0.7041742286751361,0.8090692124105012,5.0,0.9054151556784884,0.9047619047619048,0.020839916512280548,0.8808664259927798,0.937799043062201,0.8963636363636364,0.9072847682119205,5.0,0.9591592987795918,0.9565217391304348,0.013869591941542275,0.9434782608695652,0.9784172661870504,0.9501661129568106,0.9672131147540983,5.0,0.17133824915663537,0.17255567441475594,0.011787939167807786,0.15534849842158424,0.18379227128753745,0.16410461064912962,0.1808901910101697,0.0,,,,,,,,0.0,,,,,,,,5.0,0.3906280285667277,0.38839095177123345,0.031166682411990464,0.34980988593155893,0.430566330488751,0.3746594005449591,0.40971357409713577,5.0,0.13123131881343952,0.125,0.02980626404402309,0.0944206008583691,0.17204301075268819,0.11666666666666667,0.14802631578947367,0.0,,,,,,,,5.0,0.0,0.0,0.0,0.0,0.0,0.0,0.0,5.0,0.071275483759035,0.06896551724137931,0.030610915307183798,0.03271028037383177,0.1152542372881356,0.05714285714285715,0.0823045267489712,5.0,0.08207263518750649,0.08108108108108109,0.04045177573119333,0.03468208092485549,0.14534883720930233,0.06504065040650407,0.08421052631578947,4.0,0.031411194958543776,0.03498536299765809,0.00919871780290371,0.01808006887645286,0.03759398496240607,0.028895017219113195,0.03750154073708867,5.0,-347.0,-298.0,120.5197079319395,-522.0,-224.0,-416.0,-275.0,5.0,-15.6,-11.0,12.581732790041283,-38.0,-8.0,-11.0,-10.0,5.0,0.0,0.0,0.0,0.0,0.0,0.0,0.0,5.0,0.0,0.0,0.0,0.0,0.0,0.0,0.0
Scene30k,30,5,5,0.0,0.0,0.0,0.0,0.0,0.0,0.0,0.0,0.0,0.0,0.0,0.0,0.0,0.0,5.0,1.0,0.0,0.0,0.0,0.0,0.0,0.0,5.0,1.0,0.0,0.0,0.0,0.0,0.0,0.0,0.0,0.0,0.0,0.0,0.0,0.0,0.0,0.0,5.0,1.0,0.0,0.0,0.0,0.0,0.0,0.0,0.0,0.0,5.0,0.25,0.25,0.0,0.25,0.25,0.25,0.25,5.0,0.0,0.0,0.0,0.0,0.0,0.0,0.0,5.0,343.8,309.0,88.54772724356057,237.0,445.0,302.0,426.0,5.0,0.0,0.0,0.0,0.0,0.0,0.0,0.0,5.0,0.0,0.0,0.0,0.0,0.0,0.0,0.0,5.0,1888.0,1771.0,469.55617342337223,1257.0,2372.0,1703.0,2337.0,5.0,347.2,312.0,89.78697010145737,238.0,449.0,306.0,431.0,5.0,0.0,0.0,0.0,0.0,0.0,0.0,0.0,5.0,0.0,0.0,0.0,0.0,0.0,0.0,0.0,5.0,0.0,0.0,0.0,0.0,0.0,0.0,0.0,5.0,0.0,0.0,0.0,0.0,0.0,0.0,0.0,5.0,0.0,0.0,0.0,0.0,0.0,0.0,0.0,5.0,0.0,0.0,0.0,0.0,0.0,0.0,0.0,5.0,0.0,0.0,0.0,0.0,0.0,0.0,0.0,5.0,0.022850886078598292,0.02252252252252252,0.008476048901894587,0.012987012987012988,0.03389830508474576,0.016611295681063124,0.02823529411764706,5.0,2.2,2.0,0.44721359549995787,2.0,3.0,2.0,2.0,5.0,0.07332386062254467,0.08018867924528306,0.04398941090311482,0.030000000000000027,0.13769751693002252,0.03404255319148941,0.08469055374592838,5.0,0.43023442876534845,0.44660194174757284,0.05955826122411649,0.3325842696629214,0.48344370860927155,0.42018779342723006,0.46835443037974683,5.0,0.8205444280022869,0.8235294117647058,0.0770870624891205,0.7027027027027027,0.8940677966101694,0.7987012987012987,0.8837209302325582,5.0,0.9266761393774553,0.9198113207547169,0.04398941090311482,0.8623024830699775,0.97,0.9153094462540716,0.9659574468085106,5.0,0.9565544351472415,0.954248366013072,0.030442460049951946,0.918552036199095,0.9871794871794872,0.9361702127659575,0.9866220735785953,5.0,0.16072760901200944,0.1620437255425213,0.022091150898072183,0.13911182263520905,0.1948572629966329,0.14326193220551794,0.16436330168016602,0.0,,,,,,,,0.0,,,,,,,,5.0,0.40734295856878344,0.40751614797416325,0.033566625965700835,0.36157466837826274,0.4510739856801909,0.392495784148398,0.42405420666290233,5.0,0.11058688107563394,0.0970464135021097,0.038499574773204474,0.07511737089201878,0.16853932584269662,0.08278145695364239,0.12944983818770225,0.0,,,,,,,,5.0,0.0,0.0,0.0,0.0,0.0,0.0,0.0,5.0,0.07492373415862982,0.06530612244897958,0.028995780562024762,0.03964757709251101,0.11428571428571428,0.0625,0.09287925696594426,5.0,0.07851343027930477,0.06422018348623854,0.030561263546853557,0.0547945205479452,0.12849162011173185,0.058394160583941604,0.08666666666666667,4.0,0.03731310291684478,0.031006214089092488,0.02312064125393919,0.01674538428510086,0.07049459920409329,0.02727693221692354,0.04104238478901373,5.0,-332.4,-298.0,90.59414992150431,-447.0,-228.0,-405.0,-284.0,5.0,-15.6,-11.0,9.09945053286186,-29.0,-8.0,-21.0,-9.0,5.0,0.0,0.0,0.0,0.0,0.0,0.0,0.0,5.0,0.0,0.0,0.0,0.0,0.0,0.0,0.0
Scene30k,40,4,4,0.0,0.0,0.0,0.0,0.0,0.0,1.0,0.25,0.0,0.0,0.0,0.0,0.0,0.0,2.0,0.5,0.0,0.0,0.0,0.0,0.0,0.0,3.0,0.75,0.0,0.0,0.0,0.0,0.0,0.0,0.0,0.0,0.0,0.0,0.0,0.0,0.0,0.0,4.0,1.0,0.0,0.0,0.0,0.0,0.0,0.0,0.0,0.0,4.0,0.25,0.25,0.2041241452319315,0.0,0.5,0.1875,0.3125,4.0,0.125,0.0,0.25,0.0,0.5,0.0,0.125,4.0,386.25,413.0,176.57363902915972,163.0,556.0,289.0,510.25,4.0,0.0,0.0,0.0,0.0,0.0,0.0,0.0,4.0,1.75,0.0,3.5,0.0,7.0,0.0,1.75,4.0,2068.5,2271.0,896.2133302586686,898.0,2834.0,1604.5,2735.0,4.0,389.75,417.0,177.7270847863844,165.0,560.0,291.75,515.0,4.0,0.0,0.0,0.0,0.0,0.0,0.0,0.0,4.0,10.0,0.0,20.0,0.0,40.0,0.0,10.0,4.0,0.0,0.0,0.0,0.0,0.0,0.0,0.0,4.0,1.75,0.0,3.5,0.0,7.0,0.0,1.75,4.0,0.0,0.0,0.0,0.0,0.0,0.0,0.0,4.0,0.010736196319018405,0.0,0.02147239263803681,0.0,0.04294478527607362,0.0,0.010736196319018405,4.0,0.0,0.0,0.0,0.0,0.0,0.0,0.0,4.0,0.028096941254835993,0.028584454900244374,0.007720745959013749,0.01818181818181818,0.037037037037037035,0.025800515274199486,0.03088088088088088,4.0,2.0,2.0,0.0,2.0,2.0,2.0,2.0,4.0,0.0784028576803093,0.08160446863998716,0.04656144701625269,0.018633540372670843,0.13176895306859204,0.06164926655213426,0.0983580597681622,4.0,0.410084294990564,0.3948640483383686,0.08057272235203765,0.329136690647482,0.5214723926380368,0.37458024516942334,0.4303680981595092,4.0,0.7780477815565535,0.7714942951785058,0.08072237935932777,0.6864864864864865,0.8827160493827161,0.7443488943488944,0.8051931823861649,4.0,0.9215971423196907,0.9183955313600128,0.04656144701625269,0.868231046931408,0.9813664596273292,0.9016419402318379,0.9383507334478658,4.0,0.9693771455402167,0.9690040650406504,0.019814458375244405,0.945750452079566,0.99375,0.9605229788735501,0.977858231707317,4.0,0.1676949469527932,0.16832989088224234,0.020905139663078037,0.14158350154574242,0.19253650450094573,0.15985601642276664,0.17616882141226892,0.0,,,,,,,,1.0,-0.02571428571428571,-0.02571428571428571,0.0,-0.02571428571428571,-0.02571428571428571,-0.02571428571428571,-0.02571428571428571,4.0,0.4009027623798488,0.3935902954333344,0.03969653242055844,0.36097388849682427,0.455456570155902,0.3816836895155104,0.4128093682976728,4.0,0.13115865622735778,0.13262229546217463,0.006547671578688941,0.12269938650306748,0.1366906474820144,0.12764454359546384,0.13613640809406857,0.0,,,,,,,,4.0,0.0,0.0,0.0,0.0,0.0,0.0,0.0,4.0,0.2810642498402059,0.07955726044913292,0.4355015802299508,0.03180914512922465,0.9333333333333333,0.06027786767765501,0.30034364261168384,4.0,0.30800949636258285,0.09788427769925906,0.46235516986869213,0.03626943005181347,1.0,0.07302084588504638,0.3328729281767956,4.0,0.24974352841546274,0.03833799714447916,0.438313537004901,0.015321375186846065,0.9069767441860466,0.028393662574004108,0.2596878629859378,4.0,-380.5,-411.5,174.53652912785907,-540.0,-159.0,-508.5,-283.5,4.0,-12.0,-10.5,10.55146119422961,-26.0,-1.0,-16.25,-6.25,4.0,0.0,0.0,0.0,0.0,0.0,0.0,0.0,4.0,0.21875,0.0,0.4375,0.0,0.875,0.0,0.21875
Scene30k,50,6,6,0.0,0.0,0.0,0.0,0.0,0.0,3.0,0.5,0.0,0.0,0.0,0.0,0.0,0.0,4.0,0.6666666666666666,0.0,0.0,0.0,0.0,0.0,0.0,3.0,0.5,0.0,0.0,0.0,0.0,0.0,0.0,0.0,0.0,0.0,0.0,0.0,0.0,0.0,0.0,6.0,1.0,0.0,0.0,0.0,0.0,0.0,0.0,0.0,0.0,6.0,0.4583333333333333,0.5,0.18819316317727025,0.25,0.75,0.3125,0.5,6.0,0.25,0.25,0.27386127875258304,0.0,0.5,0.0,0.5,6.0,425.6666666666667,355.0,212.68631048251947,218.0,774.0,281.25,535.25,6.0,0.0,0.0,0.0,0.0,0.0,0.0,0.0,6.0,7.833333333333333,7.5,8.588752334691383,0.0,16.0,0.0,15.75,6.0,2215.5,1886.5,1041.7705601522823,1254.0,3951.0,1461.25,2718.25,6.0,429.6666666666667,359.0,212.17979797018063,223.0,778.0,285.75,538.0,6.0,0.0,0.0,0.0,0.0,0.0,0.0,0.0,6.0,41.333333333333336,34.0,46.198124060038054,0.0,97.0,0.0,79.25,6.0,0.0,0.0,0.0,0.0,0.0,0.0,0.0,6.0,7.833333333333333,7.5,8.588752334691383,0.0,16.0,0.0,15.75,6.0,0.0,0.0,0.0,0.0,0.0,0.0,0.0,6.0,0.021919210078489442,0.009689922480620155,0.02959891421923673,0.0,0.07339449541284404,0.0,0.0339006513129493,6.0,0.0,0.0,0.0,0.0,0.0,0.0,0.0,6.0,0.030512233018079985,0.026286125171127495,0.012725700746274349,0.019130434782608695,0.05454545454545454,0.02374941129479376,0.03201259511939124,6.0,2.3333333333333335,2.0,0.5163977794943222,2.0,3.0,2.0,2.75,6.0,0.107420224783999,0.09151305208462207,0.029615711003824804,0.08333333333333337,0.1480836236933798,0.08772732896201907,0.1305879127113195,6.0,0.3884317801425805,0.3990156858616697,0.06692901390776708,0.2958656330749354,0.45791245791245794,0.33973655669895075,0.44385719984044675,6.0,0.7490279383943798,0.7592453662842013,0.06270723562213047,0.6701164294954722,0.8248847926267281,0.6987135922330098,0.7914158476658477,6.0,0.8925797752160011,0.9084869479153779,0.029615711003824804,0.8519163763066202,0.9166666666666666,0.8694120872886805,0.9122726710379809,6.0,0.9464881975929099,0.945623358957325,0.01942145564015612,0.9232111692844677,0.9743589743589743,0.9327668810714947,0.9576290414066931,6.0,0.1790113653414762,0.17517349969911192,0.015292656860920887,0.16111400437384457,0.1981602374015658,0.16890745600484103,0.192014507001132,0.0,,,,,,,,3.0,0.03846036663330094,0.046506024096385545,0.014850140460130334,0.0213235294117647,0.04755154639175259,0.03391477675407512,0.04702878524406907,6.0,0.39104073609773954,0.40887127138852863,0.03394325850717595,0.3457352568969881,0.41908127208480567,0.36414566704222673,0.4130539772727273,6.0,0.12788551918592367,0.1257628367003367,0.028035779113866104,0.0871559633027523,0.17028985507246377,0.11662834967919714,0.1400092861757106,0.0,,,,,,,,6.0,0.0,0.0,0.0,0.0,0.0,0.0,0.0,6.0,0.4906632933637351,0.4860446570972887,0.4160206104918613,0.07011686143572622,0.9090909090909091,0.11314528333613587,0.8743890518084066,6.0,0.45052893263282257,0.43852676205617386,0.36893550848270235,0.08888888888888889,0.8333333333333334,0.11134117988956699,0.7858455882352942,6.0,0.45855358900283144,0.4294588686652391,0.43810449795275286,0.038181187087816704,0.9294117647058824,0.06198340133556193,0.8463541666666666,6.0,-414.8333333333333,-344.5,216.1808656349277,-770.0,-205.0,-524.75,-266.25,6.0,-11.666666666666666,-8.5,12.290918056299402,-28.0,-1.0,-21.25,-1.0,6.0,0.0,0.0,0.0,0.0,0.0,0.0,0.0,6.0,0.4699754901960784,0.46875,0.5148341051771123,0.0,0.9411764705882353,0.0,0.9402573529411764
Scene30k,60,4,4,0.0,0.0,0.0,0.0,0.0,0.0,3.0,0.75,0.0,0.0,0.0,0.0,0.0,0.0,1.0,0.25,0.0,0.0,0.0,0.0,0.0,0.0,1.0,0.25,0.0,0.0,0.0,0.0,0.0,0.0,0.0,0.0,1.0,0.25,1.0,0.25,1.0,0.25,4.0,1.0,0.0,0.0,0.0,0.0,0.0,0.0,0.0,0.0,4.0,0.4375,0.5,0.125,0.25,0.5,0.4375,0.5,4.0,0.375,0.5,0.25,0.0,0.5,0.375,0.5,4.0,888.5,416.5,1110.1328749298436,177.0,2544.0,320.25,984.75,4.0,0.0,0.0,0.0,0.0,0.0,0.0,0.0,4.0,6.0,7.0,4.898979485566356,0.0,10.0,3.0,10.0,4.0,4652.0,2215.0,5720.84789752941,992.0,13186.0,1757.75,5109.25,4.0,897.0,422.5,1114.3646919508294,184.0,2559.0,327.25,992.25,4.0,0.0,0.0,0.0,0.0,0.0,0.0,0.0,4.0,29.25,32.0,23.96351393264352,0.0,53.0,15.0,46.25,4.0,0.0,0.0,0.0,0.0,0.0,0.0,0.0,4.0,6.0,7.0,4.898979485566356,0.0,10.0,3.0,10.0,4.0,0.0,0.0,0.0,0.0,0.0,0.0,0.0,4.0,0.017824389492174283,0.007400191413727098,0.026170556808266104,0.0,0.05649717514124294,0.00294811320754717,0.022276467698354212,4.0,0.0,0.0,0.0,0.0,0.0,0.0,0.0,4.0,0.02876933887124797,0.02846386971673424,0.0056123194446571776,0.022727272727272728,0.035422343324250684,0.025078369905956112,0.0321548386820261,4.0,3.0,3.0,1.1547005383792515,2.0,4.0,2.0,4.0,4.0,0.15970347091561532,0.1067285108994559,0.1460076693972214,0.05714285714285716,0.3682140047206923,0.05936768149882901,0.2070643003162422,4.0,0.35221371599408735,0.3689954417952314,0.15675995757860614,0.14544025157232704,0.5254237288135594,0.3024890951511463,0.4187200626381724,4.0,0.6957023048789859,0.7566563703842901,0.19367919852253168,0.41722375147463625,0.8522727272727273,0.6425602482134867,0.8097984270497894,4.0,0.8402965290843847,0.8932714891005441,0.1460076693972214,0.6317859952793077,0.9428571428571428,0.7929356996837578,0.940632318501171,4.0,0.9029702487146555,0.9369308852067473,0.10126620134238522,0.7599370326643053,0.9780821917808219,0.8669323101141283,0.9729688238072745,4.0,0.200555701403837,0.18137774753209818,0.06771058062638673,0.14265325775918997,0.2968140527919616,0.16108714453485018,0.220846304401085,0.0,,,,,,,,3.0,0.012101835969760506,0.008679245283018874,0.0688769383493124,-0.054999999999999986,0.08262626262626263,-0.023160377358490553,0.04565275395464075,4.0,0.3681050077406021,0.38269350175452443,0.09562174979884719,0.23828302745335964,0.46875,0.3441177159034723,0.40668079359165427,4.0,0.1475792612877361,0.13641012155212717,0.04969363623096198,0.1016949152542373,0.21580188679245282,0.11713568533529846,0.16685369750456483,0.0,,,,,,,,4.0,0.0,0.0,0.0,0.0,0.0,0.0,0.0,4.0,0.6240303983228512,0.725,0.4070100118522199,0.046121593291404604,1.0,0.5365303983228511,0.8125,4.0,0.552951388888889,0.5777777777777777,0.38677516462497824,0.05625,1.0,0.4307291666666667,0.7,4.0,0.6781179775280899,0.845,0.4513790059203573,0.022471910112359605,1.0,0.56061797752809,0.9624999999999999,4.0,-901.25,-420.5,1137.5167031740677,-2597.0,-167.0,-1001.75,-320.0,4.0,-3.0,0.0,6.0,-12.0,0.0,-3.0,0.0,4.0,0.0,0.0,0.0,0.0,0.0,0.0,0.0,4.0,0.75,1.0,0.5,0.0,1.0,0.75,1.0
Scene30k,70,6,6,2.0,0.3333333333333333,2.0,0.3333333333333333,3.0,0.5,2.0,0.3333333333333333,2.0,0.3333333333333333,0.0,0.0,0.0,0.0,4.0,0.6666666666666666,0.0,0.0,0.0,0.0,0.0,0.0,4.0,0.6666666666666666,0.0,0.0,0.0,0.0,0.0,0.0,0.0,0.0,2.0,0.3333333333333333,2.0,0.3333333333333333,2.0,0.3333333333333333,6.0,1.0,0.0,0.0,0.0,0.0,0.0,0.0,0.0,0.0,6.0,0.7083333333333334,0.625,0.24579802006254375,0.5,1.0,0.5,0.9375,6.0,0.4166666666666667,0.25,0.4915960401250875,0.0,1.0,0.0,0.875,6.0,408.1666666666667,392.0,206.96610028375824,197.0,787.0,285.0,421.75,6.0,238.5,120.0,312.13698915700456,0.0,771.0,0.0,375.0,6.0,3.8333333333333335,0.0,5.946988033169956,0.0,12.0,0.0,8.25,6.0,2159.3333333333335,2092.5,1017.0900976150867,1071.0,4036.0,1623.5,2170.75,6.0,414.0,396.0,206.92607375582227,203.0,793.0,291.25,428.75,6.0,1232.8333333333333,695.5,1583.7141682344914,0.0,3922.0,0.0,1910.75,6.0,20.5,0.0,31.94839589087377,0.0,67.0,0.0,42.0,6.0,239.5,121.0,312.830784930128,0.0,772.0,0.0,377.75,6.0,3.8333333333333335,0.0,5.946988033169956,0.0,12.0,0.0,8.25,6.0,0.4856912649581217,0.48,0.532087182491058,0.0,0.9796696315120712,0.0,0.9708584686774941,6.0,0.011973704563031708,0.0,0.019240436687363666,0.0,0.044,0.0,0.02088167053364269,6.0,137.96969696969697,10.909090909090908,310.46037085798605,0.0,771.0,0.0,31.704545454545453,6.0,0.02848243820868195,0.02677887121003096,0.014509035463094509,0.01020408163265306,0.053488372093023255,0.021785487679637876,0.031837272755142705,6.0,2.5,2.5,0.5477225575051661,2.0,3.0,2.0,3.0,6.0,0.10073752896474249,0.09332155939298797,0.05643867680771798,0.04123711340206182,0.17834394904458595,0.05377894954507856,0.14153257456828885,6.0,0.4006543187516754,0.4261486398542236,0.08182238008695658,0.27064803049555275,0.48223350253807107,0.3543141319325851,0.45782051282051284,6.0,0.7559027510964705,0.784740613802773,0.09933704219734368,0.6170483460559797,0.8560411311053985,0.680955973726256,0.8310486845340546,6.0,0.8992624710352576,0.9066784406070121,0.05643867680771798,0.821656050955414,0.9587628865979382,0.8584674254317112,0.9462210504549214,6.0,0.9533511811346961,0.95252722335012,0.02676798452620921,0.9170918367346939,0.9838056680161943,0.9357551330162296,0.9761248301766163,6.0,0.1750463045493917,0.16498987633809564,0.029812377971373552,0.14387902721747203,0.21315318431811778,0.15426960264411943,0.20067473283835527,3.0,0.1906639895824868,0.20978217432143995,0.03340643539135913,0.15209005299884124,0.21011974142717924,0.1809361136601406,0.2099509578743096,2.0,0.012067099567099565,0.012067099567099565,0.008647517995030296,0.005952380952380945,0.018181818181818184,0.009009740259740256,0.015124458874458874,6.0,0.3938567044259367,0.4040442556377354,0.03587613257502538,0.3295341922695738,0.42857142857142855,0.3836518883202575,0.41607981032797037,6.0,0.122034114616835,0.1250782061287805,0.037476790096709796,0.06923076923076923,0.18329466357308585,0.10695534671921259,0.12772588832487308,3.0,0.36043403742820085,0.3380952380952381,0.10109816404990868,0.2723735408560311,0.4708333333333333,0.30523438947563464,0.4044642857142857,6.0,77.5,56.5,90.54888182633732,0.0,210.0,0.0,134.75,6.0,0.3905385994211179,0.12813901345291479,0.47617465786449836,0.04228855721393035,1.0,0.045998759305210926,0.8015695067264574,6.0,0.3937935065625166,0.13170731707317074,0.472975683313854,0.047058823529411764,1.0,0.05506934481109517,0.8,6.0,0.3649578830761759,0.07496586056066246,0.49362725534202506,0.01795511221945134,1.0,0.02206866554543871,0.7818096135721018,6.0,-166.5,-96.0,189.36710379577548,-397.0,-2.0,-341.0,-13.0,6.0,-10.333333333333334,-9.5,10.053191864610298,-26.0,0.0,-15.25,-2.25,6.0,0.48789755490008285,0.47808764940239046,0.5346078961303882,0.0,0.995260663507109,0.0,0.9710058500176509,6.0,0.3333333333333333,0.0,0.5163977794943223,0.0,1.0,0.0,0.75
Scene30k,80,5,5,2.0,0.4,2.0,0.4,2.0,0.4,4.0,0.8,2.0,0.4,0.0,0.0,0.0,0.0,3.0,0.6,0.0,0.0,0.0,0.0,0.0,0.0,1.0,0.2,0.0,0.0,0.0,0.0,0.0,0.0,0.0,0.0,1.0,0.2,1.0,0.2,1.0,0.2,5.0,1.0,0.0,0.0,0.0,0.0,0.0,0.0,0.0,0.0,5.0,0.8,0.75,0.2091650066335189,0.5,1.0,0.75,1.0,5.0,0.6,0.5,0.4183300132670378,0.0,1.0,0.5,1.0,5.0,523.0,391.0,316.96135411119127,268.0,1059.0,346.0,551.0,5.0,130.2,0.0,180.4583054336929,0.0,365.0,0.0,286.0,5.0,21.6,13.0,24.161953563402115,0.0,61.0,7.0,27.0,5.0,2766.6,1984.0,1666.9895920490926,1360.0,5539.0,1897.0,3053.0,5.0,518.2,400.0,291.14463759444374,274.0,1004.0,352.0,561.0,5.0,677.4,0.0,932.3592655194669,0.0,1827.0,0.0,1560.0,5.0,103.6,54.0,120.76754530915994,0.0,304.0,36.0,124.0,5.0,131.2,0.0,181.9771963736116,0.0,369.0,0.0,287.0,5.0,21.6,13.0,24.161953563402115,0.0,61.0,7.0,27.0,5.0,0.3520186863385716,0.0,0.4835012910904535,0.0,0.9335038363171355,0.0,0.8265895953757225,5.0,0.060094351720803504,0.048507462686567165,0.07104632130179361,0.0,0.17630057803468208,0.0066100094428706326,0.06905370843989769,5.0,3.641408621736491,0.0,5.882884539403603,0.0,13.518518518518519,0.0,4.688524590163935,5.0,0.01876815460970428,0.02,0.004495895240482026,0.011235955056179775,0.02318840579710145,0.01890359168241966,0.020512820512820513,5.0,2.2,2.0,0.4472135954999579,2.0,3.0,2.0,2.0,5.0,0.14575434554436315,0.1578947368421053,0.08340226904435932,0.01744186046511631,0.2365038560411311,0.12204007285974494,0.19489120151371808,5.0,0.34625048721378754,0.32225063938618925,0.09867396571833506,0.22662889518413598,0.4913294797687861,0.30671506352087113,0.3843283582089552,5.0,0.7021966439923577,0.704119850187266,0.12149027451074819,0.5746691871455577,0.8927536231884058,0.6230769230769231,0.7163636363636363,5.0,0.8542456544556367,0.8421052631578947,0.08340226904435934,0.7634961439588689,0.9825581395348837,0.8051087984862819,0.8779599271402551,5.0,0.9214724193086272,0.9270833333333334,0.05731105388557647,0.8376288659793815,0.9970845481049563,0.909433962264151,0.9361313868613139,5.0,0.18984306427136047,0.1894001165079393,0.036009410262329136,0.13168914057776082,0.22148029912521444,0.1884852642668361,0.21816050087905167,2.0,0.1701432966590793,0.1701432966590793,0.058510403977726486,0.12877019323646455,0.21151640008169403,0.14945674494777192,0.19082984837038666,4.0,0.039404007122171035,0.043139417332965724,0.05204547176051469,-0.024603174603174606,0.09594036842592729,0.011156898656898657,0.07138652579823809,5.0,0.3681859942497619,0.35231854838709675,0.06512030324768471,0.29174941325148945,0.46178176067474963,0.3350802489354733,0.4,5.0,0.12246697614122175,0.1088929219600726,0.031851551113472217,0.0953757225433526,0.17537313432835822,0.1048158640226629,0.1278772378516624,2.0,0.4377239199157007,0.4377239199157007,0.14246450638869113,0.336986301369863,0.5384615384615384,0.3873551106427819,0.48809272918861957,5.0,55.4,0.0,76.6472439165297,0.0,154.0,0.0,123.0,5.0,0.7173521788225373,0.9090909090909091,0.39336483622555374,0.03914590747330961,1.0,0.7154471544715446,0.9230769230769231,5.0,0.6674747474747476,0.8181818181818182,0.3710670368575751,0.05555555555555555,1.0,0.6,0.8636363636363636,5.0,0.7246969391015817,0.921875,0.4042451247321043,0.01967858314201376,1.0,0.7546583850931677,0.9272727272727272,5.0,-381.6,-262.0,452.5983870939003,-1084.0,2.0,-551.0,-13.0,5.0,-2.6,-1.0,4.722287581247038,-11.0,0.0,-1.0,0.0,5.0,0.39453014382591844,0.0,0.5404312253411957,0.0,1.0070422535211268,0.0,0.9656084656084656,5.0,0.78963133640553,0.9838709677419355,0.44166185673347624,0.0,1.0,0.9642857142857143,1.0
Scene30k,90,5,5,2.0,0.4,2.0,0.4,2.0,0.4,3.0,0.6,2.0,0.4,0.0,0.0,0.0,0.0,3.0,0.6,0.0,0.0,0.0,0.0,0.0,0.0,2.0,0.4,0.0,0.0,0.0,0.0,0.0,0.0,0.0,0.0,0.0,0.0,0.0,0.0,0.0,0.0,5.0,1.0,0.0,0.0,0.0,0.0,0.0,0.0,0.0,0.0,5.0,0.75,0.75,0.25,0.5,1.0,0.5,1.0,5.0,0.5,0.5,0.5,0.0,1.0,0.0,1.0,5.0,522.8,423.0,271.17374504180896,331.0,1000.0,395.0,465.0,5.0,161.0,0.0,220.6082500723851,0.0,414.0,0.0,391.0,5.0,4.8,5.0,4.764451699828638,0.0,10.0,0.0,9.0,5.0,2929.8,2280.0,1547.6684722510827,2010.0,5675.0,2135.0,2549.0,5.0,528.4,430.0,275.1659499284023,337.0,1013.0,394.0,468.0,5.0,856.0,0.0,1172.9196477167563,0.0,2201.0,0.0,2079.0,5.0,22.6,23.0,22.512218904408332,0.0,46.0,0.0,44.0,5.0,160.2,0.0,219.63651791084288,0.0,416.0,0.0,385.0,5.0,4.8,5.0,4.764451699828638,0.0,10.0,0.0,9.0,5.0,0.3937193643953676,0.0,0.5391368554572531,0.0,0.9898734177215189,0.0,0.9787234042553191,5.0,0.009059777957327108,0.009,0.009870584404762453,0.0,0.02364066193853428,0.0,0.012658227848101266,5.0,23.919999999999998,0.0,35.243325609255436,0.0,78.2,0.0,41.4,5.0,0.022142572239816572,0.023696682464454975,0.010758370652880442,0.006060606060606061,0.03553299492385787,0.01939655172413793,0.026026026026026026,5.0,2.4,2.0,0.8944271909999159,2.0,4.0,2.0,2.0,5.0,0.10260144383064311,0.08788598574821849,0.04363589065132062,0.054711246200607855,0.16232464929859725,0.07633587786259544,0.13174946004319654,5.0,0.38036271010324463,0.37825059101654845,0.08297569728933954,0.264,0.49244712990936557,0.35698924731182796,0.41012658227848103,5.0,0.7545146951586139,0.7535545023696683,0.070657173003866,0.6576576576576577,0.8424242424242424,0.7219827586206896,0.7969543147208121,5.0,0.8973985561693569,0.9121140142517815,0.04363589065132061,0.8376753507014028,0.9452887537993921,0.8682505399568035,0.9236641221374046,5.0,0.9495613841237123,0.9668367346938775,0.028734075443972933,0.9127382146439318,0.9725609756097561,0.9242424242424242,0.9714285714285714,5.0,0.17800424276909002,0.17340388142643517,0.02404705505910111,0.1494894928532423,0.21199106511188384,0.16485412146466846,0.1902826529892203,2.0,0.16836170710539933,0.16836170710539933,0.003858798180539616,0.16563312474470945,0.1710902894660892,0.1669974159250544,0.16972599828574425,3.0,0.003920363050797825,-0.016161616161616182,0.06586417477596303,-0.049565217391304345,0.077487922705314,-0.032863416776460264,0.03066315327184891,5.0,0.3663437402518506,0.38903508771929823,0.043288242746135665,0.3030837004405286,0.40813464235624125,0.34091800706159275,0.39054726368159204,5.0,0.1163552877434058,0.11182795698924732,0.027842274271248513,0.08761329305135952,0.1536643026004728,0.09367088607594937,0.135,2.0,0.3967036089798238,0.3967036089798238,0.02129960750377211,0.38164251207729466,0.4117647058823529,0.3891730605285592,0.40423415743108837,5.0,63.8,0.0,87.3681864296152,0.0,161.0,0.0,158.0,5.0,0.5356205220899316,0.8000000000000002,0.40529301532413403,0.05294117647058823,0.8888888888888888,0.13627254509018036,0.8000000000000002,5.0,0.46609880450070323,0.6666666666666666,0.3311445820653625,0.05063291139240506,0.7777777777777778,0.16875,0.6666666666666666,4.0,0.6486158003262938,0.80625,0.4200218970081972,0.027417746759720862,0.9545454545454546,0.6068544366899302,0.8480113636363636,5.0,-355.4,-323.0,411.25819140778214,-1008.0,1.0,-433.0,-14.0,5.0,-8.6,0.0,14.724129855444769,-34.0,0.0,-9.0,0.0,5.0,0.3939707644380542,0.0,0.5396108239474797,0.0,1.0025641025641026,0.0,0.9672897196261683,5.0,0.6,1.0,0.5477225575051662,0.0,1.0,0.0,1.0
Scene30k,100,8,8,6.0,0.75,6.0,0.75,7.0,0.875,7.0,0.875,6.0,0.75,0.0,0.0,0.0,0.0,2.0,0.25,0.0,0.0,0.0,0.0,0.0,0.0,1.0,0.125,0.0,0.0,0.0,0.0,0.0,0.0,0.0,0.0,1.0,0.125,1.0,0.125,1.0,0.125,8.0,1.0,0.0,0.0,0.0,0.0,0.0,0.0,0.0,0.0,8.0,0.9375,1.0,0.11572751247156893,0.75,1.0,0.9375,1.0,8.0,0.875,1.0,0.23145502494313785,0.5,1.0,0.875,1.0,8.0,718.5,348.0,983.2033650994372,220.0,3120.0,278.0,535.0,8.0,663.75,306.0,1002.1044641866721,0.0,3092.0,227.25,524.75,8.0,16.125,11.5,14.045207621920623,0.0,41.0,9.25,21.0,8.0,3795.125,1944.5,4989.147778285529,1260.0,16003.0,1575.5,2870.25,8.0,728.5,355.0,993.3441354478173,225.0,3155.0,283.25,541.75,8.0,3466.75,1694.5,5099.549216772568,0.0,15835.0,1302.0,2776.0,8.0,84.875,60.5,75.07793569732341,0.0,217.0,42.0,113.25,8.0,668.25,306.0,1012.4340895654816,0.0,3122.0,228.0,526.5,8.0,16.375,11.5,14.471030173616331,0.0,42.0,9.25,21.25,8.0,0.8347173797621587,0.9668124762267022,0.3401409484032271,0.0,0.9910256410256411,0.9045289348616159,0.9851364814903731,8.0,0.04843431962343933,0.03650627615062762,0.045931596460045604,0.0,0.1404109589041096,0.01698516348970087,0.06298670784103115,8.0,410.857307834442,30.81818181818182,1083.5861721854294,0.0,3092.0,9.71840354767184,58.0,8.0,0.022303872451722266,0.021760577350984148,0.0062640363688068945,0.013745704467353952,0.032061558191728116,0.01795394928592247,0.025510848957236147,8.0,2.25,2.0,0.4629100498862757,2.0,3.0,2.0,2.25,8.0,0.16755695925091735,0.1368885302465357,0.11032188869528332,0.02564102564102566,0.35471456061577933,0.1014114326040931,0.22573961598746078,8.0,0.375008139190879,0.4003423737916219,0.13407453903550254,0.125,0.5211864406779662,0.32470634252729147,0.4557440846824409,8.0,0.6887692496792754,0.7069511074818822,0.1510651187885233,0.40878486694453353,0.8638297872340426,0.6476849993309247,0.7797387567296126,8.0,0.8324430407490826,0.8631114697534643,0.11032188869528332,0.6452854393842207,0.9743589743589743,0.7742603840125393,0.8985885673959069,8.0,0.8997893422294976,0.9344148288458936,0.07605884462762268,0.7866538338145653,0.9957081545064378,0.8352094582289447,0.9460668738613225,8.0,0.20034182122256733,0.19296904254246394,0.05003055472169105,0.14021752535239734,0.2895041240407331,0.16847160047884574,0.21656276060782267,7.0,0.19430058624826893,0.17947264638116953,0.05727189092951618,0.14016564011483928,0.28953410641818433,0.1512517075570236,0.2242141478548211,7.0,0.060096315132581256,0.04984848484848484,0.07317602719960499,-0.04166666666666665,0.16723623347541522,0.016670187385058908,0.10595788975035877,8.0,0.3654126053404998,0.3788304532273419,0.06769473211893018,0.24114228582140848,0.44841269841269843,0.3370939020315574,0.40178087713640764,8.0,0.1423570553470318,0.13212951432129513,0.035133702038136504,0.09832635983263599,0.18696883852691218,0.11894673123486683,0.17699055330634278,7.0,0.3868619854058906,0.44166666666666665,0.15322407405052185,0.12483829236739974,0.5333333333333333,0.3003935313287831,0.503704271408134,8.0,154.875,141.0,108.14862458672324,0.0,386.0,118.75,166.5,8.0,0.782715399540441,0.8935443265599712,0.3151296324236957,0.017783423308986978,1.0,0.8320158102766798,0.9109848484848484,8.0,0.7229098124098123,0.7673160173160173,0.29232481941394084,0.050666666666666665,1.0,0.7166666666666666,0.8939393939393939,7.0,0.9264479167155171,0.9206349206349207,0.03915990471771264,0.8804347826086957,1.0,0.9070046082949309,0.9350282485875706,8.0,-51.5,-8.5,101.25357136558549,-297.0,-5.0,-24.75,-8.0,8.0,-3.875,-0.5,10.176127526155096,-29.0,1.0,-1.0,0.0,8.0,0.8522449257258973,0.9725329244091647,0.34460464176420796,0.0,0.9894291754756871,0.9616944921204557,0.9814805722692126,8.0,0.8657431722689075,0.9880952380952381,0.3521532688703001,0.0,1.0625,0.9571078431372548,1.0
Scene30k,110,6,6,4.0,0.6666666666666666,4.0,0.6666666666666666,4.0,0.6666666666666666,6.0,1.0,4.0,0.6666666666666666,0.0,0.0,0.0,0.0,2.0,0.3333333333333333,0.0,0.0,0.0,0.0,0.0,0.0,0.0,0.0,0.0,0.0,0.0,0.0,0.0,0.0,0.0,0.0,2.0,0.3333333333333333,2.0,0.3333333333333333,2.0,0.3333333333333333,6.0,1.0,0.0,0.0,0.0,0.0,0.0,0.0,0.0,0.0,6.0,0.9166666666666666,1.0,0.12909944487358055,0.75,1.0,0.8125,1.0,6.0,0.8333333333333334,1.0,0.25819888974716115,0.5,1.0,0.625,1.0,6.0,365.5,296.0,152.89179180060648,267.0,660.0,273.5,380.0,6.0,200.66666666666666,265.5,163.23194131868513,0.0,397.0,65.0,274.75,6.0,19.833333333333332,12.0,14.66174159732283,7.0,41.0,11.25,30.0,6.0,1985.3333333333333,1626.5,765.384783404182,1465.0,3423.0,1507.75,2133.75,6.0,371.0,301.5,153.10257999132477,271.0,665.0,278.5,387.5,6.0,1090.5,1418.5,894.1162676072951,0.0,2200.0,353.5,1485.25,6.0,105.33333333333333,64.5,82.7204126359792,33.0,223.0,51.75,165.75,6.0,201.33333333333334,265.5,164.0483668515681,0.0,400.0,65.0,275.5,6.0,19.833333333333332,12.0,14.66174159732283,7.0,41.0,11.25,30.0,6.0,0.6327323125148022,0.9234347005849479,0.49122045173971374,0.0,0.9851116625310173,0.22186495176848875,0.9631620070649105,6.0,0.06471526249180092,0.041713175138868824,0.05652697598937664,0.017369727047146403,0.15355805243445692,0.02342284050469104,0.09788683095834173,6.0,18.447330447330447,14.666666666666668,21.49352849454442,0.0,56.714285714285715,1.9166666666666667,23.893939393939394,6.0,0.016124283542330965,0.013970409895707008,0.0057177793993602975,0.010714285714285714,0.025925925925925925,0.012554164660568128,0.01855454265405547,6.0,2.1666666666666665,2.0,0.40824829046386296,2.0,3.0,2.0,2.0,6.0,0.13338135592830533,0.09975575502228734,0.09745181089136581,0.04738154613466339,0.30395136778115506,0.0680724485990303,0.16888821261919254,6.0,0.41077167057639513,0.43650772806660454,0.07673028476533593,0.25757575757575757,0.46441947565543074,0.4214384024869188,0.44902996211686375,6.0,0.7533508485557435,0.7979505214649527,0.11755156510198586,0.5265553869499241,0.8432835820895522,0.7450748847926267,0.8196741854636591,6.0,0.8666186440716946,0.9002442449777126,0.09745181089136581,0.6960486322188449,0.9526184538653366,0.8311117873808075,0.9319275514009697,6.0,0.9154605499462298,0.935064935064935,0.07253773460869577,0.8051750380517504,0.9813432835820896,0.8693590582079791,0.9752597402597403,6.0,0.179471926665946,0.16194415135486212,0.04042262377691433,0.14696056450185557,0.2563261738039127,0.1590104611959295,0.1842040037166391,4.0,0.1589247200998885,0.15257695381656838,0.0174389871979968,0.14589732223230295,0.1846476505341144,0.150578282081258,0.1609233918351989,6.0,0.03340624979114833,0.02369565217391305,0.03532973142547619,-0.003896103896103882,0.08408618615334137,0.0077860235003092085,0.05870388669301713,6.0,0.39637452606275936,0.4070916890740779,0.044070630604716055,0.3099620216184633,0.43686006825938567,0.40340804112945333,0.4130690696704991,6.0,0.12282711683073855,0.10946725845362337,0.0359354902511949,0.0967741935483871,0.19242424242424241,0.10191240049616436,0.12444353980906357,4.0,0.4487920150624722,0.4497299320819295,0.0046710903024961,0.4423076923076923,0.4534005037783375,0.4475334448160535,0.4509885023283482,6.0,90.16666666666667,118.5,73.6272141715729,0.0,180.0,28.75,123.5,6.0,0.9016839556849581,0.9095528455284553,0.10516541629935049,0.7142857142857143,1.0,0.8831440026729034,0.9791666666666666,6.0,0.8218954248366014,0.8368983957219251,0.19082445323353334,0.5,1.0,0.7593582887700534,0.9772727272727273,6.0,0.921469387104342,0.9070531400966184,0.06748725369121432,0.8285714285714285,1.0,0.8892416415554599,0.9788888888888889,6.0,-151.66666666666666,-10.0,260.53534629041536,-651.0,-2.0,-176.25,-6.5,6.0,-0.16666666666666666,0.0,0.408248290463863,-1.0,0.0,0.0,0.0,6.0,0.6520344662266536,0.9704047002153049,0.5051293263688633,0.0,0.9926739926739927,0.24253731343283583,0.976707589866306,6.0,0.9954954954954954,1.0,0.011033737580104383,0.972972972972973,1.0,1.0,1.0
Scene30k,120,3,3,2.0,0.6666666666666666,2.0,0.6666666666666666,2.0,0.6666666666666666,3.0,1.0,2.0,0.6666666666666666,0.0,0.0,0.0,0.0,1.0,0.3333333333333333,0.0,0.0,0.0,0.0,0.0,0.0,0.0,0.0,0.0,0.0,0.0,0.0,0.0,0.0,0.0,0.0,0.0,0.0,0.0,0.0,0.0,0.0,3.0,1.0,0.0,0.0,0.0,0.0,0.0,0.0,0.0,0.0,3.0,0.9166666666666666,1.0,0.14433756729740646,0.75,1.0,0.875,1.0,3.0,0.8333333333333334,1.0,0.28867513459481287,0.5,1.0,0.75,1.0,3.0,312.6666666666667,243.0,203.6426608874804,153.0,542.0,198.0,392.5,3.0,126.66666666666667,147.0,117.82331404833822,0.0,233.0,73.5,190.0,3.0,22.666666666666668,11.0,23.75570107012911,7.0,50.0,9.0,30.5,3.0,1783.0,1256.0,1160.0512919694543,980.0,3113.0,1118.0,2184.5,3.0,322.0,251.0,207.80519724010753,159.0,556.0,205.0,403.5,3.0,692.6666666666666,906.0,614.4341570366457,0.0,1172.0,453.0,1039.0,3.0,127.0,51.0,140.38518440348327,41.0,289.0,46.0,170.0,3.0,128.0,148.0,119.26441212700459,0.0,236.0,74.0,192.0,3.0,22.666666666666668,11.0,23.75570107012911,7.0,50.0,9.0,30.5,3.0,0.6398773501170015,0.9588477366255144,0.5541508864716205,0.0,0.9607843137254902,0.4794238683127572,0.9598160251755024,3.0,0.061090015402695784,0.0457516339869281,0.02698722286001403,0.04526748971193416,0.09225092250922509,0.04550956184943113,0.0690012782480766,3.0,14.060606060606062,21.0,12.177181388009043,0.0,21.181818181818183,10.5,21.090909090909093,3.0,0.02763728744877424,0.02066115702479339,0.012891779141843172,0.019736842105263157,0.04251386321626617,0.020198999565028273,0.03158751012052978,3.0,2.3333333333333335,2.0,0.5773502691896258,2.0,3.0,2.0,2.5,3.0,0.08122166619001918,0.06639004149377592,0.0699591733443989,0.019867549668874163,0.15740740740740744,0.04312879558132504,0.11189872445059168,3.0,0.4828161535064878,0.4609053497942387,0.16094571390211837,0.3339483394833948,0.6535947712418301,0.3974268446388167,0.5572500605180344,3.0,0.8235753134918689,0.8388429752066116,0.11247001260360578,0.7042513863216266,0.9276315789473685,0.7715471807641191,0.8832372770769901,3.0,0.9187783338099808,0.9336099585062241,0.06995917334439888,0.8425925925925926,0.9801324503311258,0.8881012755494083,0.9568712044186749,3.0,0.9496603793032364,0.9625,0.04482708843103032,0.8998144712430427,0.9866666666666667,0.9311572356215214,0.9745833333333334,3.0,0.1617125537482311,0.14640445761762133,0.04197645060319691,0.12953860851881127,0.20919459510826072,0.1379715330682163,0.17779952636294102,2.0,0.13411604456168563,0.13411604456168563,0.01094392201859983,0.12637752308955694,0.14185456603381436,0.1302467838256213,0.13798530529775,3.0,0.08219461030792909,0.08548199767711961,0.07026993118166286,0.010338680926916206,0.15076315231975143,0.04791033930201791,0.11812257499843552,3.0,0.4256192135180261,0.45621019108280253,0.07798744111590845,0.3369739800835207,0.48367346938775513,0.3965920855831616,0.4699418302352788,3.0,0.11414981615320874,0.12361623616236163,0.016889535554324063,0.09465020576131687,0.12418300653594772,0.10913322096183925,0.12389962134915466,2.0,0.5706402732766926,0.5706402732766926,0.1454223283021821,0.4678111587982833,0.673469387755102,0.519225716037488,0.6220548305158973,3.0,69.33333333333333,99.0,60.25224753760919,0.0,109.0,49.5,104.0,3.0,0.8461703313188461,0.8571428571428571,0.06906368868366686,0.7722772277227723,0.9090909090909091,0.8147100424328146,0.8831168831168831,3.0,0.8143939393939394,0.8181818181818182,0.18752869385585702,0.625,1.0,0.7215909090909092,0.9090909090909092,3.0,0.8772316550590515,0.9024390243902439,0.07960044901581628,0.7880794701986755,0.9411764705882353,0.8452592472944598,0.9218077474892397,3.0,-166.0,-2.0,287.52738999963117,-498.0,2.0,-250.0,0.0,3.0,-0.3333333333333333,0.0,0.5773502691896258,-1.0,0.0,-0.5,0.0,3.0,0.6650783966220207,0.9865771812080537,0.5760805898268117,0.0,1.0086580086580086,0.49328859060402686,0.9976175949330311,3.0,0.9934640522875817,1.0,0.011320593513522097,0.9803921568627451,1.0,0.9901960784313726,1.0
Scene30k,130,6,6,4.0,0.6666666666666666,4.0,0.6666666666666666,4.0,0.6666666666666666,6.0,1.0,4.0,0.6666666666666666,0.0,0.0,0.0,0.0,2.0,0.3333333333333333,0.0,0.0,0.0,0.0,0.0,0.0,0.0,0.0,0.0,0.0,0.0,0.0,0.0,0.0,0.0,0.0,2.0,0.3333333333333333,2.0,0.3333333333333333,2.0,0.3333333333333333,6.0,1.0,0.0,0.0,0.0,0.0,0.0,0.0,0.0,0.0,6.0,0.9166666666666666,1.0,0.12909944487358055,0.75,1.0,0.8125,1.0,6.0,0.8333333333333334,1.0,0.25819888974716115,0.5,1.0,0.625,1.0,6.0,352.5,386.0,107.87909899512509,193.0,453.0,278.5,437.25,6.0,269.3333333333333,375.0,210.61497256051544,0.0,435.0,88.75,422.0,6.0,15.0,13.5,5.366563145999495,10.0,23.0,10.75,18.5,6.0,1914.3333333333333,2153.5,549.7463657603083,1048.0,2372.0,1585.75,2310.25,6.0,358.8333333333333,392.5,108.54753183129807,199.0,461.0,283.75,443.5,6.0,1432.6666666666667,2062.5,1113.4263633786775,0.0,2285.0,501.75,2169.0,6.0,74.5,63.0,28.58496108096004,49.0,122.0,55.25,88.75,6.0,270.5,376.5,211.5540120158443,0.0,436.0,89.0,424.75,6.0,15.166666666666666,13.5,5.192943930629973,10.0,23.0,11.5,18.5,6.0,0.644666870196665,0.9597860667445786,0.4994268783707074,0.0,0.9752747252747253,0.2378587196467991,0.9719000855375708,6.0,0.04754476615811487,0.03715686274509804,0.028744924759321902,0.027472527472527472,0.10362694300518134,0.030390511909461772,0.0480794701986755,6.0,19.319159101767795,23.476708074534162,16.048339687554318,0.0,35.5,4.684782608695652,32.14972527472527,6.0,0.013928039199026514,0.012166602528048312,0.010059086740447526,0.0027548209366391185,0.02914798206278027,0.0069182981927710845,0.01966417342523537,6.0,2.0,2.0,0.0,2.0,2.0,2.0,2.0,6.0,0.09134188463688427,0.08884614272077751,0.04222758291265892,0.024193548387096753,0.13968957871396892,0.07636112758878602,0.12291886523061643,6.0,0.42308706730040874,0.424248545572075,0.07599939719717153,0.3200883002207506,0.516,0.3725942558231346,0.47998277629106645,6.0,0.772833588539044,0.7762272215397215,0.07254784850780119,0.668141592920354,0.8795180722891566,0.7371718516442451,0.8036073263345991,6.0,0.9086581153631158,0.9111538572792225,0.04222758291265892,0.8603104212860311,0.9758064516129032,0.8770811347693835,0.923638872411214,6.0,0.9555293194797656,0.9538781163434903,0.024319272889989012,0.9211711711711712,0.9919028340080972,0.9444829178208679,0.9667153996101364,6.0,0.16356810171251354,0.1598133222678165,0.025316245454066605,0.1279735334440268,0.19619643762398567,0.15136320622731134,0.18175245091017372,4.0,0.17163693548066955,0.16978855151179478,0.019442981899409524,0.15408576518594524,0.19288487371314333,0.1556929941599348,0.18573249283252952,6.0,0.019490992622100908,0.005363196125907987,0.039822838936287366,-0.018571428571428558,0.08746193222315818,-0.006018035636679714,0.036696428571428574,6.0,0.4085296821669102,0.40224655663376496,0.040961919573215454,0.3566851772746689,0.4637404580152672,0.38294454235391256,0.4378732442959663,6.0,0.12300257075219685,0.13238584024213712,0.03886011631333128,0.056,0.16777041942604856,0.11017589792757579,0.14312201564563648,4.0,0.38982135151307734,0.38367525098210387,0.05738024146622308,0.3271461716937355,0.4647887323943662,0.3610968877510201,0.41239971474416115,6.0,104.0,148.5,80.9814793641114,0.0,165.0,35.25,160.5,6.0,0.8993628711713818,0.8901098901098902,0.09255727906523988,0.7659574468085107,1.0,0.8517857142857143,0.9807692307692308,6.0,0.8438552188552189,0.875,0.17929233650966644,0.5909090909090909,1.0,0.7291666666666666,1.0,6.0,0.93594964266047,0.9486241217798594,0.07442643575639354,0.7984496124031008,1.0,0.9266071428571429,0.9877049180327868,6.0,-75.0,-12.5,107.52116070802063,-244.0,0.0,-137.25,-4.75,6.0,-0.3333333333333333,0.0,0.5163977794943223,-1.0,0.0,-0.75,0.0,6.0,0.6546531310610458,0.9673840507173841,0.5072895331838998,0.0,1.0,0.23986486486486486,0.9886901741924573,6.0,0.9779040404040403,1.0,0.0376063434495586,0.9090909090909091,1.0,0.96875,1.0
Scene30k,140,4,4,2.0,0.5,2.0,0.5,3.0,0.75,3.0,0.75,2.0,0.5,0.0,0.0,0.0,0.0,2.0,0.5,0.0,0.0,0.0,0.0,0.0,0.0,1.0,0.25,0.0,0.0,0.0,0.0,0.0,0.0,0.0,0.0,1.0,0.25,1.0,0.25,1.0,0.25,4.0,1.0,0.0,0.0,0.0,0.0,0.0,0.0,0.0,0.0,4.0,0.875,0.875,0.14433756729740643,0.75,1.0,0.75,1.0,4.0,0.75,0.75,0.28867513459481287,0.5,1.0,0.5,1.0,4.0,270.0,230.5,133.0338302838793,164.0,455.0,178.25,322.25,4.0,220.0,221.5,182.93350340128148,0.0,437.0,129.0,312.5,4.0,6.75,7.5,4.9916597106239795,0.0,12.0,5.25,9.0,4.0,1570.0,1295.0,793.0426638376189,992.0,2698.0,1028.75,1836.25,4.0,274.0,236.0,133.43163043296744,165.0,459.0,183.0,327.0,4.0,1244.0,1210.5,1066.3979869948494,0.0,2555.0,707.25,1747.25,4.0,36.0,39.5,26.870057685088806,0.0,65.0,28.5,47.0,4.0,220.25,222.0,182.84670264094638,0.0,437.0,129.75,312.5,4.0,6.75,7.5,4.9916597106239795,0.0,12.0,5.25,9.0,4.0,0.7187876036767415,0.9501651354110371,0.47940606756243503,0.0,0.9748201438848921,0.7049180327868853,0.9640347063008934,4.0,0.034258418934584436,0.03572995262326724,0.02741841859323881,0.0,0.06557377049180328,0.02158273381294964,0.048405637744902044,4.0,121.30208333333333,24.104166666666668,210.92271758902334,0.0,437.0,10.75,134.65625,4.0,0.023558916925029483,0.02238045668977431,0.013984579972273918,0.011013215859030838,0.038461538461538464,0.01195575795248777,0.03398361566231602,4.0,2.25,2.0,0.5,2.0,3.0,2.0,2.25,4.0,0.04775419931472488,0.04693083555913308,0.020657225261666554,0.024691358024691357,0.07246376811594202,0.0351783643680513,0.05950667050580666,4.0,0.4995700892173238,0.4805794708495499,0.06829104073514838,0.43956043956043955,0.5975609756097561,0.46600521780377896,0.5141443422630947,4.0,0.852541038442822,0.829997619708811,0.0493138861610119,0.8237885462555066,0.9263803680981595,0.8281998838166239,0.8543387743350093,4.0,0.9522458006852751,0.9530691644408669,0.020657225261666554,0.927536231884058,0.9753086419753086,0.9404933294941933,0.9648216356319487,4.0,0.9816006419940626,0.984488692232055,0.013249806370675124,0.9636363636363636,0.9937888198757764,0.9759754625905068,0.9901138716356108,4.0,0.14796507039085044,0.15349554798656223,0.013828448028772311,0.12751011142771895,0.15735907416255832,0.14571617286141927,0.15574444551599337,3.0,0.15033464994525955,0.15051125025563544,0.003772973914773666,0.1464764769262546,0.15401622265388862,0.14849386359094502,0.15226373645476204,3.0,0.022841348852260288,-0.014982578397212528,0.07851772679510391,-0.029605263157894735,0.11311188811188812,-0.02229392077755363,0.0490646548573378,4.0,0.4303109017909957,0.42948628503778896,0.03201099282658517,0.39251297257227574,0.46975806451612906,0.41526833352395986,0.4445288533048248,4.0,0.10277424184620298,0.1058409969345595,0.025773660097561733,0.07194244604316546,0.12747252747252746,0.08658317248640113,0.12203206629436136,3.0,0.47801044544956656,0.4797047970479705,0.028688234607408807,0.448512585812357,0.5058139534883721,0.46410869143016376,0.49275937526817126,4.0,103.25,108.5,82.14367494416922,0.0,196.0,65.25,146.5,4.0,0.6763037350246652,0.8166666666666667,0.41233661079364076,0.0718816067653277,1.0,0.6179704016913319,0.875,4.0,0.6637820512820513,0.7916666666666667,0.4081145679192121,0.07179487179487179,1.0,0.5804487179487179,0.875,4.0,0.6666181940986119,0.8121621621621622,0.4257416340424801,0.04214845207012308,1.0,0.6105371130175308,0.8682432432432432,4.0,-43.75,-8.0,76.25560088719168,-158.0,-1.0,-47.0,-4.75,4.0,-4.75,-0.5,8.845903006477066,-18.0,0.0,-5.25,0.0,4.0,0.7319586141020047,0.9657554634981271,0.48847762750120005,0.0,0.9963235294117647,0.7087912087912087,0.9889228688089231,4.0,0.71875,0.9375,0.4827762594273528,0.0,1.0,0.65625,1.0
Scene30k,150,7,7,7.0,1.0,7.0,1.0,7.0,1.0,7.0,1.0,7.0,1.0,0.0,0.0,0.0,0.0,0.0,0.0,0.0,0.0,0.0,0.0,0.0,0.0,0.0,0.0,0.0,0.0,0.0,0.0,0.0,0.0,0.0,0.0,2.0,0.2857142857142857,2.0,0.2857142857142857,2.0,0.2857142857142857,7.0,1.0,0.0,0.0,0.0,0.0,0.0,0.0,0.0,0.0,7.0,1.0,1.0,0.0,1.0,1.0,1.0,1.0,7.0,1.0,1.0,0.0,1.0,1.0,1.0,1.0,7.0,329.7142857142857,318.0,100.34725421540656,216.0,496.0,260.0,379.0,7.0,311.7142857142857,311.0,90.47414784661655,206.0,452.0,244.0,362.5,7.0,19.0,15.0,12.871156384205214,8.0,45.0,10.5,22.0,7.0,1856.857142857143,1725.0,519.006239067004,1313.0,2706.0,1523.0,2104.0,7.0,336.42857142857144,323.0,99.95975380598124,223.0,502.0,267.0,386.5,7.0,1714.2857142857142,1646.0,465.8772063844415,1209.0,2413.0,1380.0,1986.0,7.0,109.57142857142857,83.0,75.66561778169603,43.0,260.0,58.5,132.0,7.0,313.0,311.0,90.54096678667986,207.0,453.0,245.0,365.0,7.0,19.428571428571427,16.0,12.726051271010224,8.0,45.0,11.0,22.5,7.0,0.9478699852663286,0.9492753623188406,0.023762896230939468,0.9112903225806451,0.9779874213836478,0.9350117096018735,0.9632566856887099,7.0,0.055397876194019084,0.05434782608695652,0.023568632995548282,0.025157232704402517,0.0907258064516129,0.040568703144231846,0.06820843091334895,7.0,20.76116009721273,17.466666666666665,10.71564636339372,10.044444444444444,38.875,14.007368421052632,25.463636363636365,7.0,0.02247734760569527,0.018604651162790697,0.008116060577489764,0.015772870662460567,0.037037037037037035,0.016296770522122635,0.026666666666666665,7.0,2.142857142857143,2.0,0.37796447300922725,2.0,3.0,2.0,2.0,7.0,0.08718807719346798,0.0748987854251012,0.06282579759830424,0.028037383177570097,0.21884498480243164,0.05391660461653014,0.09035108885805632,7.0,0.44779675418296605,0.42452830188679247,0.07253455384374541,0.3685800604229607,0.5925925925925926,0.4087099607161744,0.46572820147303395,7.0,0.7957257616779885,0.8028169014084507,0.0756427190081145,0.6575757575757576,0.9116279069767442,0.778989898989899,0.8200399839025847,7.0,0.912811922806532,0.9251012145748988,0.06282579759830426,0.7811550151975684,0.9719626168224299,0.9096489111419437,0.9460833953834699,7.0,0.9540912600178111,0.9675456389452333,0.04512376996666701,0.8567073170731707,0.9906103286384976,0.9536120863921693,0.978275681341719,7.0,0.1637487328333882,0.15885643835186258,0.027748681356074112,0.12864996408161264,0.21888424507552484,0.15207534267849335,0.16784989848386533,7.0,0.1596020504440181,0.15259816614739072,0.027448134163765864,0.12734112083855584,0.21598640686011156,0.14980449155863448,0.16083983807239977,7.0,0.05262131822774817,0.046506024096385545,0.07502091741636024,-0.020058139534883734,0.2036192527978024,0.0037983633023437073,0.06534268181512276,7.0,0.4107241716058722,0.4028085735402809,0.026759472793058934,0.3820289855072464,0.4661081492764661,0.4001329345297441,0.4119288119288119,7.0,0.10746204954244132,0.10483870967741936,0.04576734336854734,0.06018518518518518,0.19939577039274925,0.07933255269320844,0.11457478807765928,7.0,0.4583545192090485,0.43086816720257237,0.0722210792879813,0.37577639751552794,0.5970873786407767,0.41985441050528116,0.48252043504694997,7.0,138.85714285714286,123.0,29.12861463365861,112.0,190.0,122.0,151.5,7.0,0.8635884078520826,0.8717948717948718,0.11016743411621688,0.7391304347826088,1.0,0.7670967741935484,0.95,7.0,0.7586032958373384,0.75,0.18210040036177283,0.574468085106383,1.0,0.603988603988604,0.8888888888888888,7.0,0.891343474185834,0.891566265060241,0.09467026760902887,0.7537313432835822,1.0,0.8322646230841413,0.9647887323943662,7.0,-6.142857142857143,-5.0,3.7161167647860323,-12.0,-2.0,-8.5,-3.5,7.0,-0.5714285714285714,0.0,0.7867957924694431,-2.0,0.0,-1.0,0.0,7.0,0.9814951237415342,0.9781553398058253,0.007817840702160423,0.9741379310344828,0.9936102236421726,0.9760304466465604,0.9862507392075694,7.0,0.9778495440729483,1.0,0.028232738742744734,0.9375,1.0,0.9537234042553191,1.0
Scene30k,160,7,7,6.0,0.8571428571428571,6.0,0.8571428571428571,6.0,0.8571428571428571,7.0,1.0,6.0,0.8571428571428571,0.0,0.0,0.0,0.0,1.0,0.14285714285714285,0.0,0.0,0.0,0.0,0.0,0.0,0.0,0.0,0.0,0.0,0.0,0.0,0.0,0.0,0.0,0.0,1.0,0.14285714285714285,1.0,0.14285714285714285,1.0,0.14285714285714285,7.0,1.0,0.0,0.0,0.0,0.0,0.0,0.0,0.0,0.0,7.0,0.9642857142857143,1.0,0.09449111825230681,0.75,1.0,1.0,1.0,7.0,0.9285714285714286,1.0,0.18898223650461363,0.5,1.0,1.0,1.0,7.0,387.57142857142856,347.0,165.34998956038382,229.0,635.0,241.5,509.5,7.0,328.42857142857144,340.0,198.2371115128355,0.0,574.0,221.0,471.5,7.0,29.571428571428573,38.0,20.403080999832213,8.0,62.0,10.5,39.0,7.0,2170.4285714285716,1902.0,949.5251194049331,1261.0,3371.0,1319.5,3010.0,7.0,394.7142857142857,356.0,166.94182049016786,235.0,643.0,246.5,518.0,7.0,1817.7142857142858,1830.0,1117.9488232600684,0.0,3068.0,1181.5,2731.5,7.0,158.42857142857142,200.0,113.15896951171119,39.0,331.0,50.5,219.0,7.0,330.2857142857143,344.0,199.53672534624988,0.0,576.0,221.5,474.5,7.0,29.857142857142858,38.0,20.747920148202578,8.0,63.0,10.5,39.5,7.0,0.8072977579506749,0.9310344827586207,0.3569644027737306,0.0,0.9798270893371758,0.9113702133387173,0.9587411534407468,7.0,0.07391365077287464,0.07078039927404718,0.04271513160847126,0.023054755043227664,0.15139442231075698,0.04559742508658335,0.09048556430446195,7.0,16.99901532159597,13.153846153846153,13.621484878825392,0.0,42.5,10.141852770885029,21.52777777777778,7.0,0.020175418099802063,0.02023121387283237,0.0075590627209981345,0.01090909090909091,0.030303030303030304,0.013886435331230284,0.026005860475600134,7.0,2.4285714285714284,2.0,0.7867957924694432,2.0,4.0,2.0,2.5,7.0,0.08894337010217376,0.09565217391304348,0.04045805256749247,0.022026431718061623,0.14060031595576616,0.06805763827843564,0.11410469628573688,7.0,0.4095588927668639,0.38247863247863245,0.0716150365937121,0.31338582677165355,0.5065502183406113,0.3644304042427444,0.46781838164583045,7.0,0.7717983185748148,0.7965738758029979,0.07466008637342496,0.668769716088328,0.881578947368421,0.7150709406200735,0.8127619047619048,7.0,0.9110566298978261,0.9043478260869565,0.04045805256749247,0.8593996840442338,0.9779735682819384,0.8858953037142632,0.9319423617215643,7.0,0.9596342905643517,0.9505813953488372,0.022464853828628166,0.935126582278481,0.995575221238938,0.9438848691550059,0.9741935483870967,7.0,0.1696707981383204,0.1646328012909413,0.020443642524441013,0.1383382329030078,0.19624558068838815,0.15876617767939616,0.1854733083635566,6.0,0.16716122413338264,0.16874583572229862,0.020412619227546343,0.13519786576956913,0.1901027650027398,0.15756133223498936,0.18194286756370215,7.0,0.04786997585138021,0.07928247072983916,0.05286053648647613,-0.0233974358974359,0.09861468140548091,0.0007994579945799253,0.08949559936630874,7.0,0.3920750730028263,0.38787653402751954,0.049058082511957084,0.33053137196037224,0.4507486209613869,0.3524187719775995,0.43526572005765324,7.0,0.13332634468312704,0.1394422310756972,0.018046930548924766,0.11206896551724138,0.15748031496062992,0.1165976187810249,0.14554883183313544,6.0,0.41242835038779263,0.3923392612859097,0.0677941169661496,0.3344947735191638,0.5137614678899083,0.3719040247678018,0.4554921096345515,7.0,128.85714285714286,130.0,67.03836854475843,0.0,192.0,109.0,181.0,7.0,0.8453831625477195,0.832,0.09260207143829984,0.7199999999999999,1.0,0.789678675754625,0.8931623931623931,7.0,0.7473753915980806,0.7058823529411765,0.16522300361629552,0.5333333333333333,1.0,0.6410472972972974,0.8551587301587301,7.0,0.9002125825782773,0.8666666666666667,0.05797074418103015,0.8413461538461539,1.0,0.8614615227597469,0.9352761060078134,7.0,-39.857142857142854,-11.0,79.11263820534316,-219.0,-2.0,-14.5,-9.0,7.0,-0.7142857142857143,-1.0,0.7559289460184544,-2.0,0.0,-1.0,0.0,7.0,0.8344715544584155,0.9742120343839542,0.36819133070948573,0.0,0.9911504424778761,0.9580453130201501,0.979923889153389,7.0,0.9760291296005582,0.9841269841269841,0.02964201410799308,0.9230769230769231,1.0,0.9624999999999999,1.0
Scene30k,170,6,6,3.0,0.5,3.0,0.5,3.0,0.5,6.0,1.0,3.0,0.5,0.0,0.0,0.0,0.0,3.0,0.5,0.0,0.0,0.0,0.0,0.0,0.0,0.0,0.0,0.0,0.0,0.0,0.0,0.0,0.0,0.0,0.0,2.0,0.3333333333333333,2.0,0.3333333333333333,2.0,0.3333333333333333,6.0,1.0,0.0,0.0,0.0,0.0,0.0,0.0,0.0,0.0,6.0,0.875,0.875,0.13693063937629152,0.75,1.0,0.75,1.0,6.0,0.75,0.75,0.27386127875258304,0.5,1.0,0.5,1.0,6.0,494.5,301.0,566.148655390084,116.0,1636.0,249.0,361.25,6.0,98.0,56.0,116.79897259822108,0.0,239.0,0.0,205.75,6.0,17.166666666666668,14.5,11.973582031567107,5.0,37.0,9.0,22.25,6.0,2696.3333333333335,1764.0,2884.903718786238,717.0,8506.0,1437.5,2014.75,6.0,496.5,306.5,557.2729133916343,123.0,1620.0,255.5,365.0,6.0,567.1666666666666,329.0,675.0141973815563,0.0,1435.0,0.0,1147.0,6.0,88.0,69.0,65.92419889539804,26.0,197.0,40.5,119.25,6.0,98.66666666666667,57.0,117.32632554830423,0.0,239.0,0.0,207.75,6.0,17.166666666666668,14.5,11.973582031567107,5.0,37.0,9.0,22.25,6.0,0.4747621654025595,0.4578544061302682,0.5204059165736499,0.0,0.9673469387755103,0.0,0.9530651340996169,6.0,0.05605236582087022,0.04872563718140929,0.03709147204707162,0.005501222493887531,0.10850439882697947,0.03832688247712879,0.07967891054472763,6.0,9.854106280193237,5.195652173913044,12.0046923076398,0.0,26.333333333333332,0.0,19.39782608695652,6.0,0.017232326134286234,0.018989769820971867,0.006376657911379696,0.00819672131147541,0.023241590214067277,0.012522213007937448,0.02245475113122172,6.0,2.1666666666666665,2.0,0.40824829046386296,2.0,3.0,2.0,2.0,6.0,0.09538765811490542,0.09071706908481736,0.045066480616074635,0.038610038610038644,0.1597307221542228,0.065599956681828,0.12417186517723297,6.0,0.46356515616760197,0.47316437444543036,0.13024970345461065,0.23838630806845965,0.6120689655172413,0.43100734731607804,0.5440300258034247,6.0,0.797529233855883,0.8124413722249519,0.08585317836359992,0.6391437308868502,0.8695652173913043,0.7849935887161404,0.8599148802017654,6.0,0.9046123418850945,0.9092829309151826,0.04506648061607463,0.8402692778457772,0.9613899613899614,0.875828134822767,0.9344000433181721,6.0,0.9477880165292535,0.9491662183969877,0.03369331433573343,0.8986301369863013,0.9922480620155039,0.9289963475217138,0.9687248592115849,6.0,0.16382180429146193,0.1614046858572002,0.02393553145300647,0.1414895035584691,0.2031210299776981,0.1442671168911273,0.17306841641112575,3.0,0.13892677872178333,0.1396802660632448,0.004684562649263712,0.1339111429597694,0.14318892714233578,0.1367957045115071,0.14143459660279029,6.0,0.018645932795771317,0.016090108301679687,0.05406208041780811,-0.04153846153846154,0.08220606393195226,-0.026031746031746024,0.06334763351591921,6.0,0.41473765221406067,0.4282171863784709,0.05846067064190256,0.3144838937220785,0.4839609483960948,0.3955942283946082,0.443674388601564,6.0,0.11260106846087936,0.11579388353581901,0.018150992193841115,0.08801955990220049,0.13793103448275862,0.10041050903119869,0.12103746971822008,3.0,0.5707862338304317,0.5899581589958159,0.057328142669646504,0.5063291139240507,0.6160714285714286,0.5481436364599332,0.6030147937836223,6.0,55.0,34.5,64.64054455216169,0.0,141.0,0.0,107.25,6.0,0.9492970086791597,0.9519450800915332,0.04673980174575454,0.8918918918918919,1.0,0.9118421052631579,0.9891304347826086,6.0,0.9226190476190476,0.975,0.10246120885353584,0.7857142857142857,1.0,0.8375,1.0,6.0,0.9462982900685799,0.9426981647793831,0.0484898725630362,0.8854166666666666,1.0,0.9111970251446111,0.9903846153846154,6.0,-392.8333333333333,-157.0,653.8199803207812,-1685.0,-1.0,-345.0,-1.25,6.0,-0.16666666666666666,0.0,0.408248290463863,-1.0,0.0,0.0,0.0,6.0,0.49643592916239826,0.49557522123893805,0.5438207539131751,0.0,0.9958333333333333,0.0,0.991511459991854,6.0,0.9833333333333334,1.0,0.0408248290463863,0.9,1.0,1.0,1.0
Scene30k,180,6,6,5.0,0.8333333333333334,5.0,0.8333333333333334,5.0,0.8333333333333334,6.0,1.0,5.0,0.8333333333333334,0.0,0.0,0.0,0.0,1.0,0.16666666666666666,0.0,0.0,0.0,0.0,0.0,0.0,0.0,0.0,0.0,0.0,0.0,0.0,0.0,0.0,0.0,0.0,1.0,0.16666666666666666,1.0,0.16666666666666666,1.0,0.16666666666666666,6.0,1.0,0.0,0.0,0.0,0.0,0.0,0.0,0.0,0.0,6.0,0.9583333333333334,1.0,0.10206207261596575,0.75,1.0,1.0,1.0,6.0,0.9166666666666666,1.0,0.2041241452319315,0.5,1.0,1.0,1.0,6.0,379.5,353.0,176.57378061309103,219.0,716.0,277.5,376.0,6.0,319.5,337.0,229.05174087965364,0.0,700.0,233.5,342.25,6.0,20.166666666666668,18.5,11.303391821336934,9.0,41.0,13.25,21.5,6.0,2065.8333333333335,2004.0,870.9956180525058,1200.0,3691.0,1575.75,2048.25,6.0,385.3333333333333,359.0,177.57890265081227,226.0,724.0,281.25,381.25,6.0,1704.0,1842.0,1171.760555745072,0.0,3564.0,1240.75,1912.25,6.0,105.66666666666667,99.0,58.36665714829543,43.0,212.0,73.0,112.25,6.0,320.6666666666667,337.5,229.8744584912962,0.0,703.0,235.25,343.0,6.0,20.166666666666668,18.5,11.303391821336934,9.0,41.0,13.25,21.5,6.0,0.7840913936607992,0.9277748507200562,0.38556012841373627,0.0,0.9776536312849162,0.8993631338620524,0.9680330634278003,6.0,0.059432050738061404,0.05365728021978022,0.034336073429225664,0.023743016759776536,0.10789473684210527,0.03145559210526316,0.08360304079482161,6.0,18.695195619514127,12.795454545454547,16.65844709989234,0.0,41.1764705882353,8.71951219512195,31.73106060606061,6.0,0.0220668535999697,0.02265670109706807,0.0017847557247024214,0.01928374655647383,0.023746701846965697,0.020990300022558087,0.023381003777657852,6.0,2.1666666666666665,2.0,0.40824829046386296,2.0,3.0,2.0,2.0,6.0,0.11951315725838739,0.07703382150895965,0.10399950535218692,0.027559055118110187,0.30112044817927175,0.05667989417989422,0.1575858645008529,6.0,0.4211317270874017,0.43655371304974766,0.08185650658503495,0.26536312849162014,0.48828125,0.41844997108155,0.47485580389329485,6.0,0.7596517054449756,0.7764669966636866,0.12263533765368152,0.5412587412587413,0.8784313725490196,0.7320901212752051,0.845107971207678,6.0,0.8804868427416127,0.9229661784910403,0.10399950535218692,0.6988795518207283,0.9724409448818898,0.8424141354991471,0.9433201058201057,6.0,0.9317833188007677,0.9706618780466812,0.07380670980137241,0.8106591865357644,0.9960474308300395,0.8954031465093412,0.9719299470230791,6.0,0.1778865351275768,0.16291872809166966,0.04389590128153286,0.13711565561544617,0.25676153972073706,0.15149790803343247,0.19066487544685595,5.0,0.17896061546144226,0.16144577856421102,0.04477423006619637,0.14418221377256973,0.25457324654665103,0.15127823273892257,0.18332360568485692,6.0,0.04499761859556151,0.04848801386348321,0.032471234378079236,0.0018087855297157455,0.08485043718361712,0.021167083854818525,0.06783976892672546,6.0,0.3973102385035561,0.4098476968796434,0.04969321850020041,0.29991872121376323,0.43602225312934634,0.4010726433430515,0.42502000228597553,6.0,0.126678942107839,0.12861491628614916,0.03975217851041334,0.06640625,0.17458100558659218,0.1067251461988304,0.15397473531035175,5.0,0.4198167609216483,0.4411764705882353,0.08951026432906198,0.2671428571428571,0.4880239520958084,0.4227405247813411,0.48,6.0,123.5,147.5,67.47666263235016,0.0,187.0,108.25,159.75,6.0,0.8973748031226726,0.8790243902439023,0.05511663308024616,0.8444444444444444,1.0,0.8701146047605053,0.9057142857142857,6.0,0.7944444444444444,0.7638888888888888,0.12312795713062283,0.65,1.0,0.7291666666666666,0.8444444444444444,6.0,0.8983170800699218,0.8673939393939394,0.06842209544130463,0.8401826484018264,1.0,0.8491351351351352,0.9457607994842038,6.0,-49.0,-13.5,95.21974585137265,-243.0,-3.0,-16.75,-5.75,6.0,-0.8333333333333334,-1.0,0.408248290463863,-1.0,0.0,-1.0,-1.0,6.0,0.8116453603877308,0.9728847866569509,0.3978387489665538,0.0,0.9913294797687862,0.9563146997929606,0.9797075254682879,6.0,0.9587690892038719,0.9544513457556936,0.026564930921625672,0.9230769230769231,1.0,0.9464285714285714,0.9712732919254659
Scene30k,190,7,7,4.0,0.5714285714285714,4.0,0.5714285714285714,6.0,0.8571428571428571,5.0,0.7142857142857143,4.0,0.5714285714285714,0.0,0.0,0.0,0.0,3.0,0.42857142857142855,0.0,0.0,0.0,0.0,0.0,0.0,2.0,0.2857142857142857,0.0,0.0,0.0,0.0,0.0,0.0,0.0,0.0,1.0,0.14285714285714285,1.0,0.14285714285714285,1.0,0.14285714285714285,7.0,1.0,0.0,0.0,0.0,0.0,0.0,0.0,0.0,0.0,7.0,0.8928571428571429,1.0,0.13363062095621217,0.75,1.0,0.75,1.0,7.0,0.7857142857142857,1.0,0.2672612419124244,0.5,1.0,0.5,1.0,7.0,429.14285714285717,442.0,178.0294250692177,212.0,695.0,299.0,528.5,7.0,343.14285714285717,354.0,229.59488131012313,0.0,685.0,207.0,474.5,7.0,13.0,11.0,13.416407864998739,0.0,39.0,5.0,15.5,7.0,2360.714285714286,2461.0,942.8053376821244,1207.0,3671.0,1658.0,2935.0,7.0,435.2857142857143,449.0,177.35812572843898,221.0,701.0,305.0,533.0,7.0,1858.5714285714287,1958.0,1221.1206406607084,0.0,3588.0,1126.0,2606.0,7.0,65.71428571428571,50.0,72.30886134196436,0.0,210.0,25.0,75.0,7.0,344.42857142857144,356.0,229.79110596572787,0.0,686.0,208.5,476.0,7.0,13.142857142857142,11.0,13.384425917567668,0.0,39.0,5.5,15.5,7.0,0.8117932764585606,0.9389920424403183,0.35867648484881737,0.0,0.9856115107913669,0.9228255404725993,0.95614915051652,7.0,0.03476844008284843,0.0423728813559322,0.031811789497721996,0.0,0.08823529411764706,0.007913669064748202,0.04847178348843166,7.0,144.44478854478854,20.3,216.4317269164701,0.0,545.0,14.770396270396272,208.13636363636363,7.0,0.022002881081650678,0.021613832853025938,0.01179874544088457,0.004739336492890996,0.034574468085106384,0.013652036156928525,0.032894228913337195,7.0,2.2857142857142856,2.0,0.48795003647426666,2.0,3.0,2.0,2.5,7.0,0.0930913031845076,0.06666666666666665,0.06530193140140098,0.03196347031963476,0.20923520923520922,0.05424619539432868,0.1176406926406926,7.0,0.40651190310183827,0.39145299145299145,0.0731359167472661,0.28489208633093527,0.497737556561086,0.37959199325101617,0.4561583504329113,7.0,0.7659109577013041,0.7813163481953291,0.08631671956500347,0.6066282420749279,0.8545454545454545,0.7346486466927196,0.8247946828539895,7.0,0.9069086968154924,0.9333333333333333,0.06530193140140098,0.7907647907647908,0.9680365296803652,0.8823593073593075,0.9457538046056713,7.0,0.9563512131574556,0.9712918660287081,0.04458105287580129,0.880057803468208,0.9936034115138592,0.9386981502790628,0.9860545552666438,7.0,0.1698433825412645,0.16522967066023864,0.02818606681023161,0.14061800533124705,0.2212333491644693,0.15101354251254798,0.17989778380390037,6.0,0.16505928176233106,0.153751459071231,0.030702248689476363,0.13696313188482406,0.219523146265324,0.1460928057312011,0.17555779451544665,5.0,0.03477968697968698,0.04218181818181818,0.030830594018090945,0.00399999999999999,0.07853479853479854,0.006181818181818174,0.043000000000000003,7.0,0.39535832341890814,0.3946861763573354,0.04190376901061279,0.3192590574775266,0.44921552436003304,0.38362065701261094,0.4185530958561204,7.0,0.12186503837033612,0.1366906474820144,0.02662444448992866,0.08144796380090498,0.1515837104072398,0.10145944202547977,0.14020703142561702,6.0,0.42447909509339016,0.42330928008055047,0.08266418143108457,0.28613138686131384,0.5165876777251185,0.4014851485148515,0.48332220088502964,7.0,134.85714285714286,156.0,72.97129246360875,0.0,218.0,105.0,180.0,7.0,0.6711078088375709,0.8717948717948718,0.38386312793955985,0.11471321695760599,1.0,0.4665988963113564,0.8890243902439023,7.0,0.6290668395931555,0.7575757575757576,0.3670873390097149,0.10256410256410256,1.0,0.41812865497076024,0.8535353535353536,6.0,0.7683651741193941,0.8810641627543035,0.3553736843390805,0.057251908396946605,1.0,0.8264179672630376,0.9572222222222222,7.0,-72.28571428571429,-11.0,168.05327953332173,-453.0,4.0,-17.5,-5.5,7.0,-9.428571428571429,0.0,16.511179473891247,-41.0,0.0,-12.5,0.0,7.0,0.8411007050311703,0.9806763285024155,0.37147272260362774,0.0,1.0193236714975846,0.9602705815448285,0.9835818860642671,7.0,0.7074829931972789,1.0,0.4836155806034346,0.0,1.0,0.47619047619047616,1.0
Scene30k,200,4,4,4.0,1.0,4.0,1.0,4.0,1.0,4.0,1.0,4.0,1.0,0.0,0.0,0.0,0.0,0.0,0.0,0.0,0.0,0.0,0.0,0.0,0.0,0.0,0.0,0.0,0.0,0.0,0.0,0.0,0.0,0.0,0.0,0.0,0.0,0.0,0.0,0.0,0.0,4.0,1.0,0.0,0.0,0.0,0.0,0.0,0.0,0.0,0.0,4.0,1.0,1.0,0.0,1.0,1.0,1.0,1.0,4.0,1.0,1.0,0.0,1.0,1.0,1.0,1.0,4.0,329.75,317.0,146.56824349087356,164.0,521.0,274.25,372.5,4.0,313.25,297.5,138.81012210930442,161.0,497.0,253.25,357.5,4.0,17.5,19.0,11.090536506409418,4.0,28.0,10.75,25.75,4.0,1920.25,1808.0,767.3601392653474,1110.0,2955.0,1570.5,2157.75,4.0,336.5,324.0,145.275600153639,172.0,526.0,283.0,377.5,4.0,1792.0,1668.0,721.9104284235452,1050.0,2782.0,1489.5,1970.5,4.0,95.25,97.5,64.14761621967466,27.0,159.0,48.0,144.75,4.0,315.0,299.5,137.44089638822936,164.0,497.0,257.0,357.5,4.0,17.5,19.0,11.090536506409418,4.0,28.0,10.75,25.75,4.0,0.952918408728119,0.9583915190482699,0.028909729247930224,0.9131832797427653,0.9817073170731707,0.9437468755978795,0.9675630521785095,4.0,0.05066368029386963,0.04411616146610174,0.02802285104796161,0.024390243902439025,0.09003215434083602,0.036283319489541645,0.05849652227042973,4.0,23.548983516483517,21.90153846153846,12.54657405894021,10.142857142857142,40.25,17.445714285714285,28.004807692307693,4.0,0.014361660332628935,0.012346149449376977,0.005945140947387051,0.00967741935483871,0.023076923076923078,0.011621808826439739,0.015086000955566174,4.0,2.25,2.0,0.5,2.0,3.0,2.0,2.25,4.0,0.08309928280720161,0.09301868791739154,0.06393185370445165,0.006172839506172867,0.14018691588785048,0.04280534579887332,0.13331262492571982,4.0,0.45144656842861464,0.44531273331806914,0.10208344683918526,0.33589251439539347,0.5792682926829268,0.3974406208589103,0.4993186808877735,4.0,0.7951488918845806,0.7840212382288119,0.09994182613396131,0.6923076923076923,0.9202453987730062,0.7297539417104635,0.849416188402929,4.0,0.9169007171927984,0.9069813120826085,0.06393185370445165,0.8598130841121495,0.9938271604938271,0.8666873750742802,0.9571946542011267,4.0,0.9529931006493506,0.9512987012987013,0.04143664690575878,0.909375,1.0,0.9237723214285715,0.9805194805194806,4.0,0.16355181781549813,0.16563732230546893,0.031023297252481888,0.1274102338160396,0.19552239283501502,0.14363976483308583,0.1855493752878812,4.0,0.15758808594506335,0.15761990120015762,0.029100151029325474,0.12748306574475568,0.18762947563518248,0.13574070945210362,0.17946727769311732,4.0,0.06568379458781429,0.05841647346364329,0.08796406997059861,-0.03425925925925926,0.18016149068322984,0.03328833203833205,0.09081193601312554,4.0,0.39327902004259807,0.39848697409534833,0.03780270499483633,0.3428087986463621,0.43333333333333335,0.3797857263437251,0.41198026779422126,4.0,0.11533172848805687,0.11634296636237842,0.037332381206177004,0.07317073170731707,0.15547024952015356,0.0906399498078582,0.14103474504257707,4.0,0.4597747958462364,0.4586975227571215,0.09938291863707205,0.3440643863179074,0.577639751552795,0.40434407085600416,0.5141282477473537,4.0,134.0,136.0,32.09361307176243,93.0,171.0,122.25,147.75,4.0,0.8704120879120879,0.9015384615384616,0.0831606732825527,0.75,0.9285714285714286,0.8475,0.9244505494505495,4.0,0.7920940170940172,0.8397435897435898,0.13024656736483367,0.6,0.8888888888888888,0.775,0.8568376068376068,4.0,0.9390254024204209,0.9455533377689067,0.030537578927717676,0.900709219858156,0.9642857142857143,0.9212850893956768,0.9632936507936508,4.0,-8.0,-8.0,1.632993161855452,-10.0,-6.0,-8.5,-7.5,4.0,0.0,0.0,0.0,0.0,0.0,0.0,0.0,4.0,0.9709700218744863,0.9735294748814352,0.014560090303657892,0.9526627218934911,0.9841584158415841,0.9626554763917401,0.9818440203641815,4.0,1.0,1.0,0.0,1.0,1.0,1.0,1.0
Scene30k,210,5,5,3.0,0.6,3.0,0.6,3.0,0.6,5.0,1.0,3.0,0.6,0.0,0.0,0.0,0.0,2.0,0.4,0.0,0.0,0.0,0.0,0.0,0.0,0.0,0.0,0.0,0.0,0.0,0.0,0.0,0.0,0.0,0.0,1.0,0.2,1.0,0.2,1.0,0.2,5.0,1.0,0.0,0.0,0.0,0.0,0.0,0.0,0.0,0.0,5.0,0.9,1.0,0.13693063937629152,0.75,1.0,0.75,1.0,5.0,0.8,1.0,0.27386127875258304,0.5,1.0,0.5,1.0,5.0,453.0,304.0,318.748333328976,230.0,999.0,263.0,469.0,5.0,196.8,226.0,198.63836487446224,0.0,460.0,0.0,298.0,5.0,16.0,10.0,18.01388353465182,5.0,48.0,7.0,10.0,5.0,2400.4,1710.0,1438.7471285809747,1445.0,4866.0,1503.0,2478.0,5.0,460.4,308.0,316.33573936563033,242.0,1001.0,269.0,482.0,5.0,1082.2,1368.0,1057.7202843852433,0.0,2400.0,0.0,1643.0,5.0,80.4,45.0,80.09556791733235,34.0,223.0,44.0,56.0,5.0,199.4,232.0,201.40456797202987,0.0,468.0,0.0,297.0,5.0,16.2,10.0,17.866169147301836,6.0,48.0,7.0,10.0,5.0,0.5887364176176977,0.9802631578947368,0.537441061078313,0.0,0.9826086956521739,0.0,0.9808102345415778,5.0,0.03043165391619727,0.023026315789473683,0.012055585218705438,0.021321961620469083,0.04804804804804805,0.021739130434782608,0.03802281368821293,5.0,26.754285714285714,42.57142857142857,24.45612147399952,0.0,46.0,0.0,45.2,5.0,0.023825461501230445,0.0231023102310231,0.007905598040113954,0.014957264957264958,0.033066132264529056,0.017467248908296942,0.030534351145038167,5.0,2.0,2.0,0.0,2.0,2.0,2.0,2.0,5.0,0.08946210147285694,0.04214559386973182,0.10289438441372002,0.013245033112582738,0.26078234704112335,0.021929824561403466,0.1092077087794433,5.0,0.40885994721875296,0.43346007604562736,0.12134340083113518,0.21421421421421422,0.5304347826086957,0.3859275053304904,0.48026315789473684,5.0,0.7875824627595394,0.8587786259541985,0.16066006525498785,0.5230460921843687,0.9108910891089109,0.75,0.8951965065502183,5.0,0.9105378985271431,0.9578544061302682,0.10289438441372002,0.7392176529588766,0.9867549668874173,0.8907922912205567,0.9780701754385965,5.0,0.9554832179238272,0.9846153846153847,0.05911410842385003,0.8594377510040161,1.0,0.9377682403433476,0.9955947136563876,5.0,0.16685919030200308,0.14640545056518176,0.04791896512692059,0.131635486657763,0.24795217331187763,0.13644835031672553,0.1718544906584674,3.0,0.1445806040184532,0.13596119077191504,0.020815945034614387,0.12945881934156372,0.1683218019418809,0.13271000505673938,0.15214149635689797,5.0,0.012910329529804823,-0.01142857142857144,0.04999883167386779,-0.016363636363636372,0.10080323919473332,-0.015126050420168053,0.006666666666666673,5.0,0.4020680756402184,0.426480372588157,0.054033689003522616,0.31113851212494864,0.4473684210526316,0.3962873284907183,0.4290657439446367,5.0,0.10903990387697485,0.08695652173913043,0.048379910796467196,0.06844106463878327,0.1871871871871872,0.07894736842105263,0.12366737739872068,3.0,0.46777512087336987,0.48322147651006714,0.07217203587592201,0.38913043478260867,0.5309734513274337,0.43617595564633793,0.5070974639187504,5.0,88.6,120.0,83.55716606012915,0.0,179.0,0.0,144.0,5.0,0.8357290132547865,0.9,0.1638272434496972,0.5714285714285714,1.0,0.8000000000000002,0.9072164948453607,5.0,0.741045751633987,0.7941176470588235,0.204238901741511,0.4444444444444444,1.0,0.6666666666666666,0.8,5.0,0.8792373441283263,0.9122807017543859,0.14104955955837395,0.6470588235294117,1.0,0.8595744680851064,0.9772727272727273,5.0,-248.0,-10.0,422.37128216771555,-978.0,3.0,-254.0,-1.0,5.0,-0.2,0.0,0.44721359549995804,-1.0,0.0,0.0,0.0,5.0,0.5977663674896349,0.9787234042553191,0.5458217164028566,0.0,1.0134529147982063,0.0,0.9966555183946488,5.0,0.9959183673469388,1.0,0.009126808071427725,0.9795918367346939,1.0,1.0,1.0
Scene30k,220,7,7,7.0,1.0,7.0,1.0,7.0,1.0,7.0,1.0,7.0,1.0,0.0,0.0,0.0,0.0,0.0,0.0,0.0,0.0,0.0,0.0,0.0,0.0,0.0,0.0,0.0,0.0,0.0,0.0,0.0,0.0,0.0,0.0,3.0,0.42857142857142855,3.0,0.42857142857142855,3.0,0.42857142857142855,7.0,1.0,0.0,0.0,0.0,0.0,0.0,0.0,0.0,0.0,7.0,1.0,1.0,0.0,1.0,1.0,1.0,1.0,7.0,1.0,1.0,0.0,1.0,1.0,1.0,1.0,7.0,392.2857142857143,366.0,161.32132973841814,183.0,651.0,285.5,487.5,7.0,381.42857142857144,339.0,160.26421636665825,179.0,641.0,277.5,478.0,7.0,11.857142857142858,10.0,7.4258236676383005,5.0,28.0,9.0,11.0,7.0,2135.0,1952.0,812.1176023212402,1113.0,3480.0,1606.0,2594.0,7.0,400.7142857142857,371.0,165.43247795371005,188.0,672.0,293.0,494.0,7.0,2046.142857142857,1796.0,807.9992633188532,1055.0,3395.0,1530.0,2508.5,7.0,55.857142857142854,50.0,31.53531655899763,25.0,123.0,42.0,54.5,7.0,384.85714285714283,339.0,164.43481846558387,179.0,657.0,280.0,479.5,7.0,11.857142857142858,10.0,7.4258236676383005,5.0,28.0,9.0,11.0,7.0,0.9705540006621735,0.9781420765027322,0.02018836213008074,0.9262295081967213,0.9846390168970814,0.9719850325113484,0.980448669007991,7.0,0.03242794026235839,0.0273224043715847,0.02029196810141623,0.016897081413210446,0.07650273224043716,0.021619076703822467,0.03151760520181573,7.0,37.070500927643785,35.8,14.803129896335122,12.107142857142858,58.27272727272727,31.225,45.43181818181819,7.0,0.020696311876814876,0.020754716981132074,0.009184333302088602,0.007017543859649123,0.030136986301369864,0.014725274725274726,0.028757193272501827,7.0,2.7142857142857144,2.0,1.496026483086191,2.0,6.0,2.0,2.5,7.0,0.09753877556866611,0.09154929577464788,0.048315395381955575,0.02209944751381221,0.16024653312788906,0.07302176102841246,0.13141631525374436,7.0,0.419980264223255,0.40437158469945356,0.09879331301540274,0.3107344632768362,0.6010928961748634,0.3512008552331133,0.46063059747270274,7.0,0.7778790476566251,0.7808219178082192,0.07941298293169351,0.6811320754716981,0.9010989010989011,0.7167667997916305,0.8242834198171485,7.0,0.9024612244313338,0.9084507042253521,0.048315395381955575,0.8397534668721109,0.9779005524861878,0.8685836847462556,0.9269782389715875,7.0,0.9495159599548236,0.9540636042402827,0.03405342388972728,0.904320987654321,1.0,0.9230371900826446,0.9710763738119361,7.0,0.16872682823300483,0.17812509716871944,0.024778420869258154,0.12580310350474047,0.19657776020213844,0.15536400915333942,0.18492690922437827,7.0,0.16586080860041147,0.17405603299337175,0.0241690291874924,0.1265431791033889,0.19374930631269444,0.15065151981524302,0.1826870510814697,7.0,-0.002275026228262978,-0.01799999999999998,0.03921047649445441,-0.04400000000000001,0.06617950703316557,-0.023232323232323222,0.013179977916820015,7.0,0.3989815461320188,0.40010245901639346,0.047621342483415215,0.3466476462196862,0.4752920035938904,0.3599007752834992,0.4255135817635818,7.0,0.10982980038082793,0.11475409836065574,0.02137594277201181,0.07987711213517665,0.1337099811676083,0.09288662157514616,0.12734708392603128,7.0,0.4247721810901332,0.41887905604719766,0.09762542037119508,0.31477927063339733,0.5977653631284916,0.3525597575627163,0.46843103134820663,7.0,150.42857142857142,142.0,38.87525838223734,107.0,228.0,130.0,158.0,7.0,0.9246753246753248,0.9090909090909091,0.08603834844182792,0.7636363636363638,1.0,0.9,1.0,7.0,0.8762237762237762,0.9,0.1436099870693753,0.6153846153846154,1.0,0.8090909090909091,1.0,7.0,0.9307889679293578,0.9491525423728814,0.09850222919460672,0.7244094488188977,1.0,0.9209803921568627,1.0,7.0,-3.5714285714285716,-2.0,4.197504927816955,-12.0,1.0,-4.5,-1.5,7.0,0.14285714285714285,0.0,0.3779644730092273,0.0,1.0,0.0,0.0,7.0,0.9907338636411451,0.988950276243094,0.008235337552527195,0.9816232771822359,1.0029585798816567,0.9840486400160959,0.9967538160744189,7.0,1.0052910052910053,1.0,0.013998684185526916,1.0,1.037037037037037,1.0,1.0
Scene30k,230,7,7,4.0,0.5714285714285714,4.0,0.5714285714285714,4.0,0.5714285714285714,6.0,0.8571428571428571,4.0,0.5714285714285714,0.0,0.0,0.0,0.0,3.0,0.42857142857142855,0.0,0.0,0.0,0.0,0.0,0.0,1.0,0.14285714285714285,0.0,0.0,0.0,0.0,0.0,0.0,0.0,0.0,3.0,0.42857142857142855,3.0,0.42857142857142855,3.0,0.42857142857142855,7.0,1.0,0.0,0.0,0.0,0.0,0.0,0.0,0.0,0.0,7.0,0.8571428571428571,1.0,0.1966989481173608,0.5,1.0,0.75,1.0,7.0,0.7142857142857143,1.0,0.3933978962347216,0.0,1.0,0.5,1.0,7.0,239.0,247.0,39.51371070063318,170.0,286.0,219.5,265.5,7.0,115.42857142857143,153.0,111.08083714553281,0.0,239.0,0.0,208.0,7.0,12.571428571428571,11.0,8.141603913585719,0.0,25.0,8.5,17.5,7.0,1398.5714285714287,1386.0,270.90703026613954,919.0,1714.0,1314.0,1571.5,7.0,245.42857142857142,255.0,40.028561231771924,174.0,293.0,227.0,271.0,7.0,661.0,798.0,645.2655783990548,0.0,1382.0,0.0,1223.5,7.0,61.714285714285715,49.0,43.812913947504434,0.0,138.0,41.0,81.5,7.0,116.42857142857143,152.0,112.2643563838751,0.0,242.0,0.0,210.5,7.0,12.571428571428571,11.0,8.141603913585719,0.0,25.0,8.5,17.5,7.0,0.537360073401848,0.9,0.5032231261033329,0.0,0.9690265486725663,0.0,0.9462469825701849,7.0,0.055987549106132795,0.04247104247104247,0.03757457251387179,0.0,0.10588235294117647,0.03591773852602916,0.08586198563932615,7.0,10.574112978524742,8.5,12.099878071822276,0.0,27.375,0.0,19.0718954248366,7.0,0.01895391845064376,0.02032520325203252,0.005679017457684458,0.009433962264150943,0.027131782945736434,0.016255813445708422,0.021637426900584796,7.0,2.142857142857143,2.0,0.37796447300922725,2.0,3.0,2.0,2.0,7.0,0.08949276200765485,0.07755102040816331,0.0880012103581468,0.008928571428571397,0.27976190476190477,0.04853938445487743,0.0815645342725948,7.0,0.49401633109696724,0.5020242914979757,0.060374470082447125,0.4117647058823529,0.6017699115044248,0.4586800079757826,0.5125976964212258,7.0,0.8183574901064395,0.8252032520325203,0.10056122154215766,0.6094674556213018,0.9333333333333333,0.8188715811028229,0.8613776137761378,7.0,0.9105072379923451,0.9224489795918367,0.0880012103581468,0.7202380952380952,0.9910714285714286,0.9184354657274052,0.9514606155451226,7.0,0.9487013875806027,0.96484375,0.06656898977890295,0.8023952095808383,1.0,0.9567558472152111,0.9800795295264794,7.0,0.15891711073142137,0.15181275980900819,0.03289058155691773,0.12972788208360606,0.23024186237004865,0.14391265713653711,0.15640597829210623,4.0,0.15717332155278602,0.14407908133455183,0.03781661235738642,0.12813770029947746,0.212397423242563,0.13617497539018403,0.16507742749715382,6.0,0.012124549292707865,0.0017712418300653704,0.03685010051425154,-0.020833333333333346,0.05547826086956521,-0.01933261183261182,0.04613814616755793,7.0,0.4294092944328311,0.4323671497584541,0.01997882226431953,0.3862894450489663,0.44680851063829785,0.4307919164978675,0.4394080612941823,7.0,0.10369573635433624,0.0892018779342723,0.029991590596205948,0.0752212389380531,0.16470588235294117,0.08782394076511724,0.11054663686242633,4.0,0.5160596926358003,0.5039610899900177,0.06996666010024907,0.4444444444444444,0.6118721461187214,0.4842075578116187,0.5358132248141991,7.0,60.285714285714285,68.0,60.03808315204133,0.0,134.0,0.0,110.0,7.0,0.8413663950428657,0.9444444444444444,0.2847503751016673,0.2125,1.0,0.8663101604278074,1.0,7.0,0.7915061991148947,0.8461538461538461,0.29341541427784007,0.18055555555555555,1.0,0.7569169960474309,1.0,7.0,0.8448655261770857,0.9659090909090909,0.32404330522373176,0.11488862837045721,1.0,0.9166304819800261,1.0,7.0,-113.57142857142857,-12.0,133.9326412080057,-264.0,-3.0,-253.0,-5.0,7.0,-5.0,0.0,12.793227374930325,-34.0,0.0,-0.5,0.0,7.0,0.5537457199501227,0.9425837320574163,0.5181617856844409,0.0,0.987603305785124,0.0,0.9730165009041591,7.0,0.8516483516483516,1.0,0.3758150717574338,0.0,1.0,0.9807692307692308,1.0
Scene30k,240,6,6,4.0,0.6666666666666666,4.0,0.6666666666666666,4.0,0.6666666666666666,6.0,1.0,4.0,0.6666666666666666,0.0,0.0,0.0,0.0,2.0,0.3333333333333333,0.0,0.0,0.0,0.0,0.0,0.0,0.0,0.0,0.0,0.0,0.0,0.0,0.0,0.0,0.0,0.0,3.0,0.5,3.0,0.5,3.0,0.5,6.0,1.0,0.0,0.0,0.0,0.0,0.0,0.0,0.0,0.0,6.0,0.9166666666666666,1.0,0.12909944487358055,0.75,1.0,0.8125,1.0,6.0,0.8333333333333334,1.0,0.2581988897471611,0.5,1.0,0.625,1.0,6.0,367.0,346.5,129.4758664771161,219.0,540.0,270.75,465.0,6.0,242.16666666666666,230.0,222.58249407055055,0.0,506.0,53.25,427.0,6.0,13.0,9.0,10.972693379476162,6.0,35.0,7.5,11.25,6.0,2136.1666666666665,2097.0,769.9232212803214,1247.0,3124.0,1509.5,2728.0,6.0,375.0,356.0,131.8119873152666,223.0,548.0,276.25,477.0,6.0,1357.5,1247.0,1267.485502875674,0.0,2872.0,295.75,2412.0,6.0,75.16666666666667,52.5,71.62797405111125,31.0,219.0,36.5,61.75,6.0,243.5,229.5,224.63281149467014,0.0,508.0,53.0,432.25,6.0,13.166666666666666,9.0,11.373946837693003,6.0,36.0,7.5,11.25,6.0,0.6446183589180233,0.9548198883815322,0.4995637799145015,0.0,0.9801587301587301,0.23425925925925925,0.9765844198712659,6.0,0.032799549033397456,0.026056549857121372,0.015984233044362302,0.023809523809523808,0.06481481481481481,0.024219830140233066,0.030853336684680155,6.0,21.10595238095238,22.442857142857143,18.993898874229178,0.0,41.166666666666664,3.6142857142857143,38.04464285714286,6.0,0.027237275249408513,0.02400458528060795,0.01274857596842147,0.013761467889908258,0.049079754601226995,0.019413742730354733,0.03201849374302419,6.0,2.8333333333333335,3.0,0.752772652709081,2.0,4.0,2.25,3.0,6.0,0.07538475353243311,0.060967032967032986,0.04140350705042408,0.027649769585253448,0.1411290322580645,0.054427509293680315,0.09725274725274721,6.0,0.43125352029124525,0.42390710382513663,0.05924874629574537,0.37349397590361444,0.5068493150684932,0.380237003058104,0.4762392661982826,6.0,0.802234713196353,0.8246448267974686,0.06726653269446085,0.7062374245472837,0.8761467889908257,0.7553197240971123,0.8433034983354255,6.0,0.924615246467567,0.939032967032967,0.04140350705042408,0.8588709677419355,0.9723502304147466,0.9027472527472528,0.9455724907063197,6.0,0.9670578479169455,0.9748083242059146,0.02674184505069052,0.9191919191919192,0.9953703703703703,0.960016835016835,0.9810134392317875,6.0,0.16540339941689056,0.15829538336956506,0.02521536738102094,0.1317351663271749,0.1964814318008678,0.15437941220182283,0.18547805320858768,4.0,0.15783420655266303,0.15477840018719552,0.025437970143612616,0.13007637990319976,0.1917036459330613,0.14742188850420046,0.1651907182356581,6.0,0.02084292901045419,0.01839750084430935,0.04026168022529896,-0.025757575757575767,0.09157898775948736,-0.002018336070060224,0.02804795677136103,6.0,0.4033483264616682,0.3970354203769343,0.040948463120795656,0.36,0.46511627906976744,0.3724868098326336,0.4267080295656133,6.0,0.12562728549730864,0.11950299245381213,0.03675853031030201,0.07222222222222222,0.1743119266055046,0.11019724530279212,0.15072193536048958,4.0,0.4396734132501132,0.43456657758717254,0.06715462377001678,0.37782340862423,0.5117370892018779,0.38496968614815236,0.48927030468913346,6.0,101.33333333333333,114.0,85.67769060068476,0.0,196.0,27.25,167.75,6.0,0.9083761830240703,0.9444444444444444,0.11820908728781415,0.7042253521126761,1.0,0.865079365079365,1.0,6.0,0.8584834834834835,0.9166666666666667,0.17726479611890855,0.5675675675675675,1.0,0.7708333333333334,1.0,6.0,0.9322033980591952,0.9516129032258065,0.08420044289019345,0.7920353982300885,1.0,0.8992758393680053,1.0,6.0,-119.83333333333333,-9.0,174.2003635664021,-366.0,-6.0,-244.0,-7.25,6.0,-0.16666666666666666,0.0,0.408248290463863,-1.0,0.0,0.0,0.0,6.0,0.6515837039141767,0.9725218423039586,0.5047342657970064,0.0,0.9838383838383838,0.24311023622047245,0.9786158012105766,6.0,0.9953703703703703,1.0,0.011340230290662867,0.9722222222222222,1.0,1.0,1.0
Scene30k,250,6,6,3.0,0.5,3.0,0.5,4.0,0.6666666666666666,5.0,0.8333333333333334,3.0,0.5,0.0,0.0,0.0,0.0,3.0,0.5,0.0,0.0,0.0,0.0,0.0,0.0,1.0,0.16666666666666666,0.0,0.0,0.0,0.0,0.0,0.0,0.0,0.0,3.0,0.5,3.0,0.5,3.0,0.5,6.0,1.0,0.0,0.0,0.0,0.0,0.0,0.0,0.0,0.0,6.0,0.875,0.875,0.13693063937629152,0.75,1.0,0.75,1.0,6.0,0.75,0.75,0.27386127875258304,0.5,1.0,0.5,1.0,6.0,197.66666666666666,187.5,61.50338744058466,134.0,297.0,152.0,226.75,6.0,103.66666666666667,127.5,84.16333326732412,0.0,188.0,31.75,166.25,6.0,10.166666666666666,10.0,7.884584115009914,0.0,21.0,4.75,15.25,6.0,1163.5,1121.5,375.1878196317146,802.0,1832.0,901.25,1237.5,6.0,203.16666666666666,194.0,60.86186545503404,140.0,301.0,157.5,232.0,6.0,596.1666666666666,724.0,486.81759075311425,0.0,1074.0,172.0,981.25,6.0,53.5,49.0,42.26464243312606,0.0,118.0,27.5,75.75,6.0,104.5,128.0,84.98176274942759,0.0,190.0,31.75,168.0,6.0,10.166666666666666,10.0,7.884584115009914,0.0,21.0,4.75,15.25,6.0,0.6345333042575503,0.9247950388900568,0.4924857017737417,0.0,0.9835164835164835,0.22359154929577466,0.9693759183357822,6.0,0.05203696728879431,0.053430327354822525,0.03909931045721541,0.0,0.11267605633802817,0.029543217976053797,0.06668576521517698,6.0,43.16220238095238,13.111607142857142,72.89180950826098,0.0,188.0,1.984375,38.13392857142857,6.0,0.015594854110877224,0.01596474293842715,0.005711440499822114,0.0055248618784530384,0.02109704641350211,0.014397696368581027,0.01984797297297297,6.0,2.0,2.0,0.0,2.0,2.0,2.0,2.0,6.0,0.08494974080651603,0.0719054956343092,0.07961463538356706,0.0,0.2142857142857143,0.02910320482310008,0.12055084745762715,6.0,0.5392062691395879,0.5239004902217337,0.08930397836526824,0.44366197183098594,0.6865671641791045,0.47814630902866195,0.5767095598701817,6.0,0.8330307631376018,0.836007882882883,0.09596666095903472,0.6808510638297872,0.9323308270676691,0.790465703044817,0.9122784300184161,6.0,0.9150502591934839,0.9280945043656907,0.07961463538356704,0.7857142857142857,1.0,0.8794491525423729,0.9708967951768999,6.0,0.9479982579390703,0.9608900438525256,0.053862019859116206,0.8633093525179856,1.0,0.9172926617455492,0.9903274407392527,6.0,0.152321210918517,0.1480399699533566,0.030280499359499002,0.12146245483122944,0.19611591303716253,0.1272837249346982,0.17193797834397784,4.0,0.13513726490664363,0.1260424689666244,0.0254838558812929,0.11622559104454051,0.1722385306487852,0.11988751899753344,0.1412922148757346,5.0,0.010296052858497103,0.023076923076923078,0.03996742570335089,-0.04166666666666665,0.060048426150121056,-0.017293233082706777,0.027314814814814816,6.0,0.4478874331763991,0.45538317970917847,0.03820947779973076,0.3990174672489083,0.5054151624548736,0.4223112681767694,0.45947452913001163,6.0,0.1017583366749114,0.09882067654088379,0.017897210694906088,0.08450704225352113,0.13445378151260504,0.09048024128064341,0.1043909793909794,4.0,0.5820688336140356,0.5724176869131107,0.09190980976735581,0.48031496062992124,0.703125,0.5429510805830122,0.6115354399441342,6.0,60.166666666666664,75.5,49.30077754626865,0.0,106.0,15.25,100.5,6.0,0.7872636622636623,0.9615384615384616,0.3737425109668193,0.0505050505050505,1.0,0.7932692307692308,1.0,6.0,0.7443001443001442,0.9090909090909092,0.3762426962661619,0.047619047619047616,1.0,0.6545454545454545,1.0,6.0,0.824382579118604,0.9833333333333334,0.39386822642603897,0.02129547471162374,1.0,0.9604166666666667,1.0,6.0,-89.16666666666667,-10.0,127.73318545572512,-280.0,-3.0,-171.25,-7.75,6.0,-0.8333333333333334,0.0,2.0412414523193148,-5.0,0.0,0.0,0.0,6.0,0.636942686942687,0.9476190476190476,0.4934992841652867,0.0,0.9769230769230769,0.23677248677248677,0.9491582491582492,6.0,0.8333333333333334,1.0,0.408248290463863,0.0,1.0,1.0,1.0
Scene30k,260,7,7,3.0,0.42857142857142855,3.0,0.42857142857142855,6.0,0.8571428571428571,4.0,0.5714285714285714,3.0,0.42857142857142855,0.0,0.0,0.0,0.0,4.0,0.5714285714285714,0.0,0.0,0.0,0.0,0.0,0.0,3.0,0.42857142857142855,0.0,0.0,0.0,0.0,0.0,0.0,0.0,0.0,1.0,0.14285714285714285,1.0,0.14285714285714285,1.0,0.14285714285714285,7.0,1.0,0.0,0.0,0.0,0.0,0.0,0.0,0.0,0.0,7.0,0.8571428571428571,0.75,0.1336306209562122,0.75,1.0,0.75,1.0,7.0,0.7142857142857143,0.5,0.2672612419124244,0.5,1.0,0.5,1.0,7.0,448.85714285714283,379.0,247.2599364848179,264.0,988.0,315.5,440.0,7.0,351.85714285714283,311.0,274.96328759274303,0.0,900.0,248.0,378.0,7.0,25.714285714285715,12.0,33.50977114073986,0.0,89.0,0.0,39.5,7.0,2445.1428571428573,2059.0,1305.9496453502622,1421.0,5273.0,1768.5,2413.0,7.0,456.7142857142857,390.0,246.70611010249573,271.0,994.0,322.5,448.5,7.0,1908.7142857142858,1772.0,1462.6005052970677,0.0,4762.0,1302.0,2111.5,7.0,130.28571428571428,55.0,177.31771323974212,0.0,478.0,0.0,189.5,7.0,355.0,314.0,275.0842295249463,0.0,900.0,249.5,386.0,7.0,25.857142857142858,12.0,33.82518081463656,0.0,90.0,0.0,39.5,7.0,0.7808171065635786,0.9,0.3459098766986976,0.0,0.9792626728110599,0.8817512193171824,0.911477317249813,7.0,0.04996038229471308,0.026905829596412557,0.05595095404000617,0.0,0.12928759894459102,0.0,0.096764623760994,7.0,142.36678022733975,10.112359550561798,178.3799691824375,0.0,425.0,7.727551020408162,273.0,7.0,0.0239675039528793,0.020785219399538105,0.00952633194043751,0.011406844106463879,0.042328042328042326,0.02042582990643066,0.026200381011624745,7.0,2.142857142857143,2.0,0.37796447300922725,2.0,3.0,2.0,2.0,7.0,0.12262072090870466,0.12997347480106103,0.06452857615808912,0.04166666666666663,0.21621621621621623,0.0710497872052962,0.16419455713319814,7.0,0.38242644117984703,0.39296187683284456,0.06943843469116576,0.27125506072874495,0.4696969696969697,0.34342499142184413,0.42811059907834104,7.0,0.738281686119436,0.754325259515571,0.08936156200648096,0.6160081053698075,0.8521939953810623,0.6728731942215088,0.7998490270632967,7.0,0.8773792790912953,0.870026525198939,0.06452857615808913,0.7837837837837838,0.9583333333333334,0.8358054428668018,0.9289502127947038,7.0,0.9338099281618624,0.9335106382978723,0.047192032962693836,0.8668171557562077,0.988399071925754,0.900088434531916,0.9738828810446848,7.0,0.18253554053578483,0.184762995555249,0.031788157454393,0.1437876313733794,0.2213447433619653,0.15602172245923884,0.20790498427071114,6.0,0.16625219634021407,0.16083176799789076,0.02825301753315521,0.13730108449434622,0.21171626593450973,0.14555158232959564,0.1799885203818351,4.0,0.13665649353850776,0.15254197647841874,0.0812225406773609,0.02393939393939394,0.21760262725779964,0.11752631613573863,0.1716721538811879,7.0,0.3809335525742689,0.38164493480441325,0.040554779566681715,0.31443201213730326,0.4271639690358902,0.3602084785528129,0.41143849746832506,7.0,0.1234903319687547,0.12316715542521994,0.048202848328824786,0.06060606060606061,0.19433198380566802,0.08744636898140791,0.15571719299075926,6.0,0.4109906606157738,0.4171317342400611,0.07810814873107019,0.2822222222222222,0.5106382978723404,0.3845188020322321,0.45316204642776653,7.0,133.28571428571428,125.0,78.55086310944073,0.0,254.0,116.0,161.0,7.0,0.5287762742836145,0.6804123711340205,0.4025711547971817,0.040632054176072234,1.0,0.1553962125390697,0.8347985347985347,7.0,0.4530479476578123,0.5,0.37657647833888,0.041237113402061855,1.0,0.13171592676797894,0.6833333333333333,7.0,0.5175107749831501,0.6679245283018869,0.43251098609581196,0.017985611510791366,1.0,0.09611925023284146,0.8722133923018451,7.0,-70.0,-9.0,162.83427157696258,-439.0,1.0,-16.0,-5.5,7.0,-10.142857142857142,-4.0,13.65562852732127,-30.0,1.0,-19.0,0.0,7.0,0.8403927209858156,0.9814612868047983,0.3708566201561371,0.0,1.0038461538461538,0.9642611994219654,0.9844596037029131,7.0,0.5682603686635944,0.956989247311828,0.5318975759421973,0.0,1.0208333333333333,0.0,1.0
Scene30k,270,3,3,3.0,1.0,3.0,1.0,3.0,1.0,3.0,1.0,3.0,1.0,0.0,0.0,0.0,0.0,0.0,0.0,0.0,0.0,0.0,0.0,0.0,0.0,0.0,0.0,0.0,0.0,0.0,0.0,0.0,0.0,0.0,0.0,0.0,0.0,0.0,0.0,0.0,0.0,3.0,1.0,0.0,0.0,0.0,0.0,0.0,0.0,0.0,0.0,3.0,1.0,1.0,0.0,1.0,1.0,1.0,1.0,3.0,1.0,1.0,0.0,1.0,1.0,1.0,1.0,3.0,375.3333333333333,367.0,178.6458321185617,201.0,558.0,284.0,462.5,3.0,341.0,309.0,184.09780009549272,175.0,539.0,242.0,424.0,3.0,35.333333333333336,27.0,20.79262689833426,20.0,59.0,23.5,43.0,3.0,2082.6666666666665,1954.0,1037.0040179928587,1116.0,3178.0,1535.0,2566.0,3.0,383.3333333333333,375.0,181.6434235895518,206.0,569.0,290.5,472.0,3.0,1872.6666666666667,1628.0,1070.1856536757225,946.0,3044.0,1287.0,2336.0,3.0,177.0,137.0,102.05880657738459,101.0,293.0,119.0,215.0,3.0,344.0,312.0,187.0641601162553,175.0,545.0,243.5,428.5,3.0,35.333333333333336,27.0,20.79262689833426,20.0,59.0,23.5,43.0,3.0,0.8928528132729067,0.8706467661691543,0.06490828486162561,0.8419618528610354,0.9659498207885304,0.8563043095150948,0.9182982934788424,3.0,0.11031119829835227,0.13432835820895522,0.06583243961990973,0.035842293906810034,0.16076294277929154,0.08508532605788263,0.14754565049412338,3.0,12.889589872358235,6.481481481481482,12.192553218608747,5.237288135593221,26.95,5.859384808537351,16.715740740740742,3.0,0.019028983658880352,0.01615798922800718,0.009854343294347218,0.01092896174863388,0.03,0.013543475488320529,0.02307899461400359,3.0,2.0,2.0,0.0,2.0,2.0,2.0,2.0,3.0,0.10049175776058439,0.09041095890410955,0.06591188301228056,0.04020100502512558,0.17086330935251803,0.06530598196461757,0.1306371341283138,3.0,0.4141482143257131,0.39509536784741145,0.11483045767490778,0.3100358422939068,0.5373134328358209,0.35256560507065915,0.46620440034161614,3.0,0.7658087987625616,0.7595628415300546,0.10121286780898033,0.6678635547576302,0.87,0.7137131981438424,0.8147814207650272,3.0,0.8995082422394156,0.9095890410958904,0.06591188301228056,0.829136690647482,0.9597989949748744,0.8693628658716862,0.9346940180353824,3.0,0.948899098899099,0.9587912087912088,0.0368544407679149,0.9081081081081082,0.9797979797979798,0.9334496584496585,0.9692945942945943,3.0,0.16656447633738006,0.16146650883776714,0.03366043484468103,0.13574381940193664,0.20248310077243642,0.1486051641198519,0.18197480480510178,3.0,0.15798287166993544,0.1494345093630379,0.036583270046071516,0.1264306690585343,0.19808343658823419,0.1379325892107861,0.17375897297563603,3.0,0.0705497313463885,0.07467090897747833,0.020144465257314403,0.04866336633663367,0.08831491872505351,0.061667137657056004,0.08149291385126592,3.0,0.4068964697554711,0.4032753326509724,0.07522932116827086,0.33354310887350536,0.4838709677419355,0.36840922076223886,0.44357315019645394,3.0,0.10184649496746828,0.10626702997275204,0.015538105829212737,0.0845771144278607,0.11469534050179211,0.09542207220030638,0.11048118523727207,3.0,0.43743069690365116,0.4368932038834951,0.12230144240920336,0.31539888682745826,0.56,0.3761460453554767,0.4984466019417476,3.0,134.33333333333334,135.0,36.004629331980816,98.0,170.0,116.5,152.5,3.0,0.8933311646063761,0.8679245283018868,0.049163905281552546,0.8620689655172413,0.9500000000000001,0.8649967469095641,0.9089622641509434,3.0,0.833511586452763,0.8181818181818182,0.04326376170115644,0.8,0.8823529411764706,0.8090909090909091,0.8502673796791445,3.0,0.8973219625287752,0.8832116788321168,0.031429099173627136,0.8754208754208754,0.9333333333333333,0.8793162771264962,0.908272506082725,3.0,-10.0,-5.0,11.357816691600547,-23.0,-2.0,-14.0,-3.5,3.0,1.0,1.0,1.0,0.0,2.0,0.5,1.5,3.0,0.9772839103962853,0.9840764331210191,0.015938201037313665,0.9590747330960854,0.9887005649717514,0.9715755831085522,0.9863884990463853,3.0,1.0245164192532614,1.0350877192982457,0.02129875051940644,1.0,1.0384615384615385,1.0175438596491229,1.036774628879892
Scene30k,280,4,4,2.0,0.5,2.0,0.5,2.0,0.5,4.0,1.0,2.0,0.5,0.0,0.0,0.0,0.0,2.0,0.5,0.0,0.0,0.0,0.0,0.0,0.0,0.0,0.0,0.0,0.0,0.0,0.0,0.0,0.0,0.0,0.0,1.0,0.25,1.0,0.25,1.0,0.25,4.0,1.0,0.0,0.0,0.0,0.0,0.0,0.0,0.0,0.0,4.0,0.875,0.875,0.14433756729740643,0.75,1.0,0.75,1.0,4.0,0.75,0.75,0.28867513459481287,0.5,1.0,0.5,1.0,4.0,400.0,412.5,149.29835899968893,209.0,566.0,335.0,477.5,4.0,186.5,95.5,261.64670836836456,0.0,555.0,0.0,282.0,4.0,16.25,17.0,3.4034296427770228,12.0,19.0,14.25,19.0,4.0,2261.5,2278.5,875.9339777251099,1172.0,3317.0,1996.25,2543.75,4.0,406.25,421.0,148.06164256822223,215.0,568.0,342.5,484.75,4.0,1066.5,522.5,1518.4616118515037,0.0,3221.0,0.0,1589.0,4.0,81.5,84.5,13.868429375143148,63.0,94.0,75.0,91.0,4.0,186.0,96.0,260.24603743380993,0.0,552.0,0.0,282.0,4.0,16.25,17.0,3.4034296427770228,12.0,19.0,14.25,19.0,4.0,0.47361024227771487,0.4569377990430622,0.5475552968327262,0.0,0.980565371024735,0.0,0.9305480413207771,4.0,0.048577254257713774,0.041099256347101175,0.029758482290984115,0.02120141342756184,0.09090909090909091,0.03514120216325651,0.05453530844155845,4.0,14.075657894736842,5.026315789473684,21.966803143101938,0.0,46.25,0.0,19.101973684210527,4.0,0.02330775252289847,0.02182398019896235,0.007449542684311026,0.01592920353982301,0.03365384615384615,0.01993974769346639,0.025191985028394426,4.0,2.25,2.0,0.5,2.0,3.0,2.0,2.25,4.0,0.11477463475430813,0.1167375886524823,0.025298023966774334,0.08212560386473433,0.1434977578475336,0.10563778394490703,0.1258744394618834,4.0,0.42178557732052663,0.42224801061007955,0.06997631413477641,0.3498233215547703,0.49282296650717705,0.3687058303886926,0.47532775754191364,4.0,0.7634241917286186,0.7604194125400112,0.039355642159452905,0.7203579418344519,0.8125,0.7402664766090554,0.7835771276595744,4.0,0.8852253652456918,0.8832624113475177,0.02529802396677433,0.8565022421524664,0.9178743961352657,0.8741255605381166,0.894362216055093,4.0,0.9325900939416055,0.9310250662512705,0.01821711366542893,0.9168539325842696,0.9514563106796117,0.9170477077449979,0.946567452447878,4.0,0.17664563795944666,0.1776436663573638,0.01007671421685726,0.16374956173438693,0.18754565738867207,0.17195102838825757,0.1823382759285529,2.0,0.16504794945643486,0.16504794945643486,0.019110700744030464,0.15153464336710412,0.1785612555457656,0.15829129641176948,0.17180460250110025,4.0,0.031951052669828804,0.03063587238137538,0.018878010491361768,0.010317460317460295,0.05621500559910415,0.02397177014265621,0.03861515490854797,4.0,0.3920650309818007,0.38886086233936745,0.03768419446404896,0.34941211938498645,0.44112627986348124,0.3770511925759054,0.40387470074526266,4.0,0.1130315272035494,0.11954978546188794,0.03140731553337266,0.07427055702917772,0.13875598086124402,0.09409767459298347,0.13848363807245387,2.0,0.4383566812886185,0.4383566812886185,0.12049598505121263,0.35315315315315315,0.5235602094240838,0.3957549172208858,0.4809584453563511,4.0,74.0,50.0,94.00709193105239,0.0,196.0,0.0,124.0,4.0,0.8969179706021813,0.8990990990990991,0.09041323592858459,0.7894736842105263,1.0,0.8460170697012803,0.95,4.0,0.8523391812865497,0.8888888888888888,0.18064875545197062,0.631578947368421,1.0,0.7412280701754386,1.0,4.0,0.9072326182273724,0.955241935483871,0.12862931026747873,0.7184466019417476,1.0,0.8812245537112434,0.98125,4.0,-203.0,-187.0,238.8653735196181,-442.0,4.0,-391.75,1.75,4.0,0.25,0.0,0.5,0.0,1.0,0.0,0.25,4.0,0.5057988571207939,0.5009025270758123,0.5841009410030884,0.0,1.0213903743315509,0.0,1.0067013841966062,4.0,1.0138888888888888,1.0,0.02777777777777779,1.0,1.0555555555555556,1.0,1.0138888888888888
Scene30k,290,4,4,4.0,1.0,4.0,1.0,4.0,1.0,4.0,1.0,4.0,1.0,0.0,0.0,0.0,0.0,0.0,0.0,0.0,0.0,0.0,0.0,0.0,0.0,0.0,0.0,0.0,0.0,0.0,0.0,0.0,0.0,0.0,0.0,1.0,0.25,1.0,0.25,1.0,0.25,4.0,1.0,0.0,0.0,0.0,0.0,0.0,0.0,0.0,0.0,4.0,1.0,1.0,0.0,1.0,1.0,1.0,1.0,4.0,1.0,1.0,0.0,1.0,1.0,1.0,1.0,4.0,417.5,387.0,140.64020288191662,288.0,608.0,327.0,477.5,4.0,387.5,346.5,152.21585550351404,252.0,605.0,311.25,422.75,4.0,30.5,23.0,31.24633311819698,4.0,72.0,7.75,45.75,4.0,2361.0,2148.5,904.1736558869651,1540.0,3607.0,1801.0,2708.5,4.0,422.75,392.0,140.3338281859842,294.0,613.0,332.25,482.5,4.0,2157.5,1888.0,970.1771315933327,1304.0,3550.0,1686.5,2359.0,4.0,170.5,122.0,181.2741937875696,24.0,414.0,36.75,255.75,4.0,388.25,347.5,151.73963446201742,253.0,605.0,312.25,423.5,4.0,30.5,23.0,31.24633311819698,4.0,72.0,7.75,45.75,4.0,0.9194241459317174,0.924264705882353,0.07724963156749595,0.8341013824884793,0.9950657894736842,0.8647753456221199,0.9789135061919505,4.0,0.08185509383436453,0.07747140522875816,0.07739597797133552,0.006578947368421052,0.16589861751152074,0.021497678018575852,0.13782882104454686,4.0,49.966591591591595,21.794294294294296,69.0753019789064,5.027777777777778,151.25,6.3650525525525525,65.39583333333334,4.0,0.019142696760113924,0.01978457640080508,0.0071437075578507404,0.010452961672473868,0.02654867256637168,0.014969088853044332,0.023958184307874678,4.0,2.0,2.0,0.0,2.0,2.0,2.0,2.0,4.0,0.05995409082328351,0.058095750403442725,0.02925973869174296,0.02640264026402639,0.09722222222222221,0.0465414884683735,0.07150835275835274,4.0,0.41745867524995284,0.4244334795321637,0.0353576143132204,0.3709677419354839,0.45,0.4000336021505376,0.4418585526315789,4.0,0.8073018691045258,0.8038964776499851,0.058129038171248794,0.7482678983833718,0.8731466227347611,0.7645931070000241,0.8466052397544868,4.0,0.9400459091767165,0.9419042495965573,0.02925973869174296,0.9027777777777778,0.9735973597359736,0.9284916472416472,0.9534585115316265,4.0,0.977042042702001,0.9776042480087459,0.011179519568380604,0.962877030162413,0.9900826446280991,0.9729151032379326,0.9817311874728143,4.0,0.15689818580140122,0.15319570165898105,0.014038004202274114,0.14477099989765665,0.1764303399899861,0.14794282155355115,0.1621510659068311,4.0,0.15257708389643826,0.1497213467772265,0.009641932571681654,0.14481155970048198,0.16605408233081806,0.14608353551331407,0.1562148951603507,4.0,0.04093059989464256,0.04067214517172466,0.07806933777252174,-0.04166666666666665,0.12404477590178756,-0.015701219512195105,0.09730396457856233,4.0,0.4046631824871245,0.4015746798253036,0.025143391962449822,0.3789954337899543,0.4365079365079365,0.38834464441921024,0.4178932178932179,4.0,0.12187516347795485,0.11765383572783952,0.037467611600062206,0.08552631578947369,0.16666666666666666,0.09417569659442725,0.14535330261136714,4.0,0.4304442973122537,0.4352781057326512,0.02568452160794291,0.39502762430939226,0.4561933534743202,0.42316166798210997,0.4425607350627949,4.0,167.0,147.0,67.82329983125268,109.0,265.0,134.5,179.5,4.0,0.8928532888605485,0.8926031294452348,0.09806880270103112,0.7862068965517242,1.0,0.8249301025163094,0.9605263157894737,4.0,0.8201754385964912,0.8333333333333333,0.1646712047664689,0.6140350877192983,1.0,0.736842105263158,0.9166666666666666,4.0,0.9060494103597553,0.8954321540528437,0.0700307470406517,0.8333333333333334,1.0,0.8696633825944171,0.9318181818181818,4.0,-2.75,-5.0,7.804912982645397,-9.0,8.0,-8.25,0.5,4.0,-0.5,-0.5,0.5773502691896257,-1.0,0.0,-1.0,0.0,4.0,0.9894171847733825,0.9842635820964858,0.017691588773572037,0.9757412398921833,1.0134003350083751,0.9762361949287981,0.9974445719410702,4.0,0.9715753424657534,0.9931506849315068,0.048151870312838116,0.9,1.0,0.9647260273972602,1.0
Scene30k,300,4,4,3.0,0.75,3.0,0.75,3.0,0.75,4.0,1.0,3.0,0.75,0.0,0.0,0.0,0.0,1.0,0.25,0.0,0.0,0.0,0.0,0.0,0.0,0.0,0.0,0.0,0.0,0.0,0.0,0.0,0.0,0.0,0.0,3.0,0.75,3.0,0.75,3.0,0.75,4.0,1.0,0.0,0.0,0.0,0.0,0.0,0.0,0.0,0.0,4.0,0.9375,1.0,0.125,0.75,1.0,0.9375,1.0,4.0,0.875,1.0,0.25,0.5,1.0,0.875,1.0,4.0,410.0,399.0,231.19976931937742,154.0,688.0,268.0,541.0,4.0,305.5,276.5,294.77957866853666,0.0,669.0,110.25,471.75,4.0,31.75,16.0,37.16965608306503,8.0,87.0,11.0,36.75,4.0,2317.0,2278.0,1244.6996960445251,899.0,3813.0,1599.5,2995.5,4.0,417.75,405.5,232.18724484059555,162.0,698.0,274.5,548.75,4.0,1684.0,1528.5,1616.8737324437757,0.0,3679.0,621.75,2590.75,4.0,167.75,86.0,197.90128010365842,37.0,462.0,62.5,191.25,4.0,308.0,279.0,296.52655867561003,0.0,674.0,112.5,474.5,4.0,31.75,16.0,37.16965608306503,8.0,87.0,11.0,36.75,4.0,0.6880331068770519,0.8898743532889875,0.4633534676871087,0.0,0.9723837209302325,0.6189024390243902,0.9590050211416491,4.0,0.07426569348927628,0.04558186911128088,0.06901337729613304,0.029069767441860465,0.17682926829268292,0.03667920656634747,0.08316835603420969,4.0,14.122916666666667,11.520833333333334,15.06091854307403,0.0,33.45,3.5,22.14375,4.0,0.01341155862678571,0.017361690761577245,0.009006041804847388,0.0,0.018922852983988356,0.012295081967213115,0.018478167421149837,4.0,2.0,2.0,0.816496580927726,1.0,3.0,1.75,2.25,4.0,0.11034410004603346,0.08141783029001076,0.09114634710329983,0.03947368421052633,0.23906705539358597,0.04934210526315794,0.14241982507288628,4.0,0.4326810266338268,0.4383668101386896,0.13831976366254153,0.26308139534883723,0.5909090909090909,0.36302644639818493,0.5080213903743316,4.0,0.7662223901973931,0.8081533170845714,0.14647917229822602,0.5662299854439592,0.8823529411764706,0.7021481277255519,0.8722275795564127,4.0,0.8896558999539665,0.9185821697099892,0.09114634710329983,0.760932944606414,0.9605263157894737,0.8575801749271137,0.950657894736842,4.0,0.9426724329610151,0.9583688836522705,0.05504643561648603,0.8671532846715329,0.9867986798679867,0.9192423088979446,0.9817990077153411,4.0,0.17091071363432314,0.15845096346269394,0.047032436305341464,0.13005424117478448,0.23668668643712018,0.14171888750563025,0.18764278959138683,3.0,0.16623874971064473,0.14699012660240474,0.05783059282931394,0.12048711568983488,0.2312390068396946,0.1337386211461198,0.18911456672104965,4.0,0.06247845797317389,0.04574931436805653,0.08026325358953965,-0.014527027027027017,0.1729422301836095,0.017318947468595365,0.09090882487263505,4.0,0.3980840955253174,0.39976116246421994,0.07206390399264669,0.3089430894308943,0.4838709677419355,0.36836687775618115,0.4294783802333562,4.0,0.12059679274862285,0.10258042610983786,0.04861712908173812,0.08536585365853659,0.19186046511627908,0.09241989478718317,0.13075732407127755,3.0,0.4412482069267066,0.45073891625615764,0.16913914559305468,0.26756352765321373,0.6054421768707483,0.3591512219546857,0.528090546563453,4.0,112.75,134.0,86.79621727548576,0.0,183.0,66.75,180.0,4.0,0.9725433526011561,1.0,0.05491329479768786,0.8901734104046243,1.0,0.9725433526011561,1.0,4.0,0.9313725490196079,1.0,0.13725490196078433,0.7254901960784313,1.0,0.9313725490196079,1.0,4.0,0.9684782608695652,1.0,0.06304347826086953,0.8739130434782609,1.0,0.9684782608695652,1.0,4.0,-78.75,-9.5,146.31330538721807,-298.0,2.0,-85.0,-3.25,4.0,0.25,0.0,0.5,0.0,1.0,0.0,0.25,4.0,0.7452824623799716,0.9836683730358053,0.49706951625014323,0.0,1.013793103448276,0.7346266471449487,0.9943241882708281,4.0,1.002906976744186,1.0,0.005813953488372103,1.0,1.0116279069767442,1.0,1.002906976744186
Scene30k,310,8,8,6.0,0.75,6.0,0.75,6.0,0.75,8.0,1.0,6.0,0.75,0.0,0.0,0.0,0.0,2.0,0.25,0.0,0.0,0.0,0.0,0.0,0.0,0.0,0.0,0.0,0.0,0.0,0.0,0.0,0.0,0.0,0.0,3.0,0.375,3.0,0.375,3.0,0.375,8.0,1.0,0.0,0.0,0.0,0.0,0.0,0.0,0.0,0.0,8.0,0.9375,1.0,0.11572751247156893,0.75,1.0,0.9375,1.0,8.0,0.875,1.0,0.23145502494313785,0.5,1.0,0.875,1.0,8.0,332.875,244.0,240.92585551813002,120.0,843.0,186.0,367.5,8.0,276.0,217.0,283.0002523976663,0.0,832.0,85.5,358.5,8.0,10.125,10.5,2.295181287579947,7.0,13.0,8.5,12.0,8.0,1851.125,1400.5,1202.286207606159,784.0,4333.0,1071.75,2098.0,8.0,340.75,249.0,243.69052387930768,126.0,853.0,191.5,379.25,8.0,1492.75,1200.0,1455.7699729990704,0.0,4241.0,528.75,2017.0,8.0,53.125,52.5,10.02051467169797,39.0,70.0,45.75,59.5,8.0,278.75,217.5,285.8184988514814,0.0,837.0,85.5,365.0,8.0,10.375,10.5,1.9226098333849673,8.0,13.0,8.75,12.0,8.0,0.7251697278242675,0.9580827067669173,0.44787331135653524,0.0,0.9887005649717514,0.7061170212765958,0.9727761797020379,8.0,0.04135962296260685,0.04379699248120301,0.019806145707869517,0.013182674199623353,0.06382978723404255,0.0299165463372483,0.05838963963963964,8.0,28.576812770562768,20.99285714285714,28.787562646870203,0.0,75.0,11.0625,37.99242424242424,8.0,0.017801936706726626,0.017813850532307367,0.01109758242147462,0.0,0.03208556149732621,0.009570029027576197,0.027487881686568287,8.0,2.0,2.0,0.5345224838248488,1.0,3.0,2.0,2.0,8.0,0.06365303305863283,0.06098484848484853,0.04487180256266656,0.0,0.15219976218787157,0.043884475690830704,0.07803910382740381,8.0,0.5016974166862309,0.5184770436730123,0.12269920044599938,0.2835112692763938,0.7083333333333334,0.455343766358008,0.5436936936936937,8.0,0.8358662296723832,0.8311394487865076,0.08716477274804427,0.661520190023753,0.9663865546218487,0.8201469521044993,0.8729735427427006,8.0,0.9363469669413671,0.9390151515151515,0.04487180256266656,0.8478002378121284,1.0,0.9219608961725962,0.9561155243091692,8.0,0.9659146138625938,0.967002688172043,0.028743490659465805,0.9261904761904762,1.0,0.9438598294111602,0.9917382555529758,8.0,0.14897881508297214,0.14862226944285573,0.02746374516235473,0.10494897959183674,0.20286465816752752,0.14210641195853538,0.1532304122607239,6.0,0.14846119829647889,0.1465041413808973,0.030894021193332923,0.10463232549458754,0.2010585446436653,0.14177690781936655,0.15052619053020153,8.0,0.0038637945056065968,0.006749482401656313,0.02114133273916984,-0.026739926739926735,0.040740740740740744,-0.008509509350735675,0.010915825977301388,8.0,0.43660668270524866,0.4410481636956439,0.04992800115771151,0.3415647357489038,0.5127551020408163,0.42719675618445463,0.4537342303354578,8.0,0.10083467023741366,0.10075187969924812,0.020281292046194475,0.075,0.14116251482799524,0.08609288201939959,0.10702157711263373,6.0,0.49248976686821005,0.5036359568160206,0.1419576807946146,0.2848557692307692,0.7105263157894737,0.42903347477604903,0.5369979555496933,8.0,114.0,116.0,88.40168065629263,0.0,237.0,60.75,163.5,8.0,0.8978174603174602,0.9166666666666666,0.10808875317270646,0.7142857142857143,1.0,0.8373015873015872,1.0,8.0,0.8302083333333334,0.8333333333333334,0.1639019197133282,0.6,1.0,0.71875,1.0,8.0,0.9354750530045297,0.9443625644804716,0.06335166046226978,0.8518518518518519,1.0,0.8717032967032967,1.0,8.0,-54.875,-10.0,87.12296318586573,-216.0,-1.0,-57.5,-6.5,8.0,0.0,0.0,0.0,0.0,0.0,0.0,0.0,8.0,0.7337428226220443,0.975965079308053,0.45300925305105477,0.0,0.9922779922779923,0.7175675675675676,0.981081081081081,8.0,1.0,1.0,0.0,1.0,1.0,1.0,1.0
Scene30k,320,4,4,3.0,0.75,3.0,0.75,3.0,0.75,4.0,1.0,3.0,0.75,0.0,0.0,0.0,0.0,1.0,0.25,0.0,0.0,0.0,0.0,0.0,0.0,0.0,0.0,0.0,0.0,0.0,0.0,0.0,0.0,0.0,0.0,2.0,0.5,2.0,0.5,2.0,0.5,4.0,1.0,0.0,0.0,0.0,0.0,0.0,0.0,0.0,0.0,4.0,0.9375,1.0,0.125,0.75,1.0,0.9375,1.0,4.0,0.875,1.0,0.25,0.5,1.0,0.875,1.0,4.0,287.0,311.0,118.69568933481395,122.0,404.0,256.25,341.75,4.0,179.25,205.5,147.06772816177812,0.0,306.0,88.5,296.25,4.0,9.5,8.5,4.654746681256314,5.0,16.0,7.25,10.75,4.0,1593.5,1695.0,596.09031754145,782.0,2202.0,1398.5,1890.0,4.0,290.25,314.0,118.35645314050265,126.0,407.0,258.0,346.25,4.0,978.5,1126.5,773.0245791693819,0.0,1661.0,542.25,1562.75,4.0,48.75,38.5,29.5,26.0,92.0,33.5,53.75,4.0,178.0,203.0,146.18481453283715,0.0,306.0,87.75,293.25,4.0,9.5,8.5,4.654746681256314,5.0,16.0,7.25,10.75,4.0,0.7234765174254452,0.9602420713957407,0.48239127444200036,0.0,0.973421926910299,0.7149532710280374,0.9687653177931486,4.0,0.035132538935358774,0.03544196939164533,0.01307760252561625,0.019801980198019802,0.04984423676012461,0.02737574421894017,0.04319876410806393,4.0,18.82013888888889,21.3625,13.733163162488491,0.0,32.55555555555556,14.34375,25.83888888888889,4.0,0.013756950069724995,0.012444168734491315,0.006095486369524935,0.008264462809917356,0.021875,0.009566115702479339,0.016635003101736972,4.0,2.0,2.0,0.0,2.0,2.0,2.0,2.0,4.0,0.07564052359583698,0.07242532579863914,0.048529037441250755,0.033333333333333326,0.12437810945273631,0.03419540229885054,0.11387044709562558,4.0,0.5060117802179872,0.45945498390619016,0.12970475208275414,0.4084158415841584,0.6967213114754098,0.43848269793756783,0.5269840661866094,4.0,0.8259625018798405,0.8202083333333333,0.0663686863397097,0.7543424317617866,0.9090909090909091,0.7860856079404466,0.8600852272727273,4.0,0.924359476404163,0.9275746742013609,0.04852903744125076,0.8756218905472637,0.9666666666666667,0.8861295529043745,0.9658045977011495,4.0,0.9620037587008378,0.9659538261265077,0.037651274181161355,0.9161073825503355,1.0,0.9397500376575341,0.9882075471698113,4.0,0.14839033504104546,0.15099362767054308,0.025216240931389283,0.11684651716874493,0.1747275676543507,0.1348570166038548,0.16452694610773375,3.0,0.13507733617829673,0.1357226266382287,0.020798597790573782,0.11396360222693855,0.1555457796697229,0.12484311443258363,0.1456342031539758,4.0,-0.016656707996845856,-0.02748983739837399,0.03193858453175274,-0.04153846153846154,0.0298913043478261,-0.03434294871794874,-0.009803596677271108,4.0,0.44648833836047574,0.43356753692476535,0.051984368505701053,0.3996366939146231,0.5191815856777494,0.415993961508581,0.4640619137766602,4.0,0.09493065606499519,0.0960453731590441,0.019545102156716357,0.07377049180327869,0.11386138613861387,0.08073498175480638,0.11024104746923291,3.0,0.5519951332956005,0.49019607843137253,0.13963358400931875,0.4539249146757679,0.711864406779661,0.4720604965535702,0.6010302426055167,4.0,91.75,108.5,67.26254529825644,0.0,150.0,63.0,137.25,4.0,0.9121212121212122,0.9242424242424243,0.10338619460140588,0.8000000000000002,1.0,0.8363636363636364,1.0,4.0,0.8431372549019608,0.8529411764705883,0.18183565677442556,0.6666666666666666,1.0,0.696078431372549,1.0,4.0,0.9676573426573427,0.9807692307692308,0.04304866554187084,0.9090909090909091,1.0,0.9484265734265734,1.0,4.0,-104.75,-7.0,198.84897954645547,-403.0,-2.0,-106.75,-5.0,4.0,-0.25,0.0,0.5,-1.0,0.0,-0.25,0.0,4.0,0.7344471841737142,0.9772277016807618,0.48964489834249963,0.0,0.9833333333333333,0.7308917197452229,0.9807831661092531,4.0,0.9852941176470589,1.0,0.02941176470588236,0.9411764705882353,1.0,0.9852941176470589,1.0
Scene30k,330,4,4,2.0,0.5,2.0,0.5,3.0,0.75,3.0,0.75,2.0,0.5,0.0,0.0,0.0,0.0,2.0,0.5,0.0,0.0,0.0,0.0,0.0,0.0,1.0,0.25,0.0,0.0,0.0,0.0,0.0,0.0,0.0,0.0,2.0,0.5,2.0,0.5,2.0,0.5,4.0,1.0,0.0,0.0,0.0,0.0,0.0,0.0,0.0,0.0,4.0,0.875,0.875,0.14433756729740643,0.75,1.0,0.75,1.0,4.0,0.75,0.75,0.28867513459481287,0.5,1.0,0.5,1.0,4.0,339.0,346.0,107.4616210560775,202.0,462.0,296.5,388.5,4.0,233.75,242.0,195.59545836581518,0.0,451.0,121.5,354.25,4.0,16.5,9.5,20.92048437935094,0.0,47.0,5.25,20.75,4.0,1933.5,2025.0,588.4728824111892,1133.0,2551.0,1798.25,2160.25,4.0,345.0,352.5,107.04827571396623,208.0,467.0,303.25,394.25,4.0,1322.25,1414.0,1097.7681525106595,0.0,2461.0,666.0,2070.25,4.0,91.5,52.0,116.35147900506752,0.0,262.0,35.25,108.25,4.0,234.25,243.0,195.62442758169712,0.0,451.0,122.25,355.0,4.0,16.75,10.0,20.774583830568865,0.0,47.0,6.0,20.75,4.0,0.6899694978208621,0.889085337105139,0.4674889333888668,0.0,0.9817073170731707,0.6014851485148516,0.9775696864111498,4.0,0.044109092127384814,0.02365774469433006,0.05779233362571469,0.0,0.12912087912087913,0.01600609756097561,0.051760739260739264,4.0,61.395833333333336,41.79166666666667,69.98741206261467,0.0,162.0,28.1875,75.0,4.0,0.019659804588019473,0.01912456068282441,0.003121485432970031,0.01652892561983471,0.02386117136659436,0.017893699294866935,0.020890665975976948,4.0,2.0,2.0,0.0,2.0,2.0,2.0,2.0,4.0,0.07188469595575397,0.06474765278107314,0.03074761697888211,0.04500000000000004,0.11304347826086958,0.050360429447852795,0.08627191928897432,4.0,0.4541495492352773,0.46642991155186275,0.05620056479842034,0.3787878787878788,0.504950495049505,0.42848817848817844,0.4920912822989616,4.0,0.8195234287665418,0.8264668393569343,0.05365169551225162,0.7505422993492408,0.8746177370030581,0.7930074756637565,0.8529827924597198,4.0,0.928115304044246,0.9352523472189269,0.03074761697888211,0.8869565217391304,0.955,0.9137280807110257,0.9496395705521472,4.0,0.9633114320655661,0.9694316457634433,0.017039894244299303,0.9389978213507625,0.9753846153846154,0.9577411450883832,0.9750019327406262,4.0,0.15467664972035106,0.1510145367539703,0.019004203662648055,0.13631911208074873,0.18035841329271482,0.14322916993419627,0.1624620165401251,3.0,0.14718306252580432,0.1453914078774688,0.02956719876663415,0.11855243183141732,0.1776053478685268,0.13197191985444306,0.1614983778729978,3.0,0.026620645870536887,0.006140350877192993,0.05933075211439359,-0.019756838905775086,0.09347842564019275,-0.006808244014291047,0.04980938825869287,4.0,0.4211180687802921,0.4170462859093791,0.03522788677506499,0.3825950607604861,0.4677846425419241,0.40562413464824965,0.4325402200414216,4.0,0.09470932854475478,0.08878250462408879,0.028496905369989733,0.06707317073170732,0.1341991341991342,0.07988710456411495,0.10360472860472861,3.0,0.4838055236900529,0.48757763975155277,0.09838169880283627,0.3835920177383592,0.5802469135802469,0.43558482874495597,0.5339122766658999,4.0,106.0,125.5,78.46442930823282,0.0,173.0,70.5,161.0,4.0,0.7688109161793372,0.8894736842105263,0.33179792978203776,0.2962962962962963,1.0,0.6582846003898635,1.0,4.0,0.7148580586080586,0.8095238095238095,0.36373824935641347,0.2403846153846154,1.0,0.5243818681318682,1.0,4.0,0.7508531609852818,0.9103942652329748,0.38812519505982856,0.18262411347517726,1.0,0.6612474262182566,1.0,4.0,-84.25,-6.5,159.86322278748167,-324.0,0.0,-86.25,-4.5,4.0,-10.5,-0.5,20.33879708012907,-41.0,0.0,-11.0,0.0,4.0,0.7416058685696028,0.9832117371392055,0.4944687753770231,0.0,1.0,0.7362804878048781,0.9885371179039302,4.0,0.7447916666666666,0.9895833333333333,0.49662489337750904,0.0,1.0,0.734375,1.0
Scene30k,340,5,5,3.0,0.6,3.0,0.6,4.0,0.8,4.0,0.8,3.0,0.6,0.0,0.0,0.0,0.0,2.0,0.4,0.0,0.0,0.0,0.0,0.0,0.0,1.0,0.2,0.0,0.0,0.0,0.0,0.0,0.0,0.0,0.0,3.0,0.6,3.0,0.6,3.0,0.6,5.0,1.0,0.0,0.0,0.0,0.0,0.0,0.0,0.0,0.0,5.0,0.9,1.0,0.13693063937629152,0.75,1.0,0.75,1.0,5.0,0.8,1.0,0.27386127875258304,0.5,1.0,0.5,1.0,5.0,464.6,348.0,310.88711777749813,252.0,1013.0,316.0,394.0,5.0,395.6,316.0,367.8821822268646,0.0,1003.0,309.0,350.0,5.0,12.4,10.0,12.300406497347966,0.0,33.0,8.0,11.0,5.0,2590.2,2083.0,1580.8620116885597,1468.0,5363.0,1756.0,2281.0,5.0,472.2,357.0,309.45872099522416,257.0,1018.0,330.0,399.0,5.0,2161.8,1850.0,1919.851348412163,0.0,5279.0,1684.0,1996.0,5.0,67.0,45.0,76.97726937219844,0.0,200.0,39.0,51.0,5.0,398.2,319.0,367.17802221810604,0.0,1003.0,318.0,351.0,5.0,12.6,10.0,12.720062892926276,0.0,34.0,8.0,11.0,5.0,0.7528694566123637,0.9080459770114943,0.4231274941994859,0.0,0.9901283316880553,0.8883248730964467,0.9778481012658228,5.0,0.03413708334575559,0.02531645569620253,0.03707799210580002,0.0,0.09482758620689655,0.01085883514313919,0.03968253968253968,5.0,97.87651515151515,38.625,145.34325632280635,0.0,350.0,9.575757575757576,91.18181818181819,5.0,0.015424758976658135,0.01593625498007968,0.005902703566210266,0.005763688760806916,0.021739130434782608,0.015873015873015872,0.017811704834605598,5.0,2.2,2.0,0.44721359549995787,2.0,3.0,2.0,2.0,5.0,0.0774973737533116,0.0573248407643312,0.06904173114531398,0.026011560693641633,0.19782393669634024,0.040000000000000036,0.06632653061224492,5.0,0.43534862901560556,0.4620253164556962,0.10114080141008137,0.26159921026653504,0.5114942528735632,0.4416243654822335,0.5,5.0,0.7906369097441411,0.8295165394402035,0.11613907366901245,0.5849802371541502,0.8605577689243028,0.8222222222222222,0.8559077809798271,5.0,0.9225026262466883,0.9426751592356688,0.06904173114531398,0.8021760633036598,0.9739884393063584,0.9336734693877551,0.96,5.0,0.9681808629746091,0.9808306709265175,0.04045471843525768,0.898019801980198,0.9959839357429718,0.9718670076726342,0.9942028985507246,5.0,0.1603386686371718,0.14965749736631462,0.03545222463344676,0.13365312457445666,0.22135488558235944,0.13854880241156392,0.15847903325116447,4.0,0.16147963506702043,0.14758360214795224,0.040017784846252666,0.13048507282232996,0.2202662631498472,0.1426509927736344,0.16641224444133823,4.0,0.014104443758855525,0.008862150920974449,0.03938340040718784,-0.0233974358974359,0.0620909090909091,-0.015016025641025648,0.03798262032085562,5.0,0.4041013362858988,0.4390660592255125,0.06131029722311158,0.2990863322767108,0.4427792915531335,0.3998246383165278,0.4397503600576092,5.0,0.11739820177694824,0.11494252873563218,0.019950800157881074,0.0873015873015873,0.13924050632911392,0.11421319796954314,0.13129318854886476,4.0,0.4299293471406097,0.47034211742949605,0.11319841740933811,0.26321036889332006,0.5158227848101266,0.41774433979614556,0.4825271247739602,5.0,147.4,163.0,94.71166770783842,0.0,264.0,145.0,165.0,5.0,0.8253217102532171,1.0,0.3576767595161959,0.1872146118721461,1.0,0.9393939393939394,1.0,5.0,0.8143980641258318,1.0,0.35998703481305977,0.17543859649122806,1.0,0.896551724137931,1.0,4.0,0.995,1.0,0.010000000000000009,0.98,1.0,0.995,1.0,5.0,-61.0,-15.0,104.94522380747016,-248.0,-5.0,-29.0,-8.0,5.0,-8.8,0.0,19.67739820199815,-44.0,0.0,0.0,0.0,5.0,0.7776624137336661,0.9718992248062015,0.434863832965996,0.0,0.9840764331210191,0.9546827794561934,0.9776536312849162,5.0,0.8,1.0,0.44721359549995804,0.0,1.0,1.0,1.0
Scene30k,350,5,5,1.0,0.2,1.0,0.2,2.0,0.4,4.0,0.8,1.0,0.2,0.0,0.0,0.0,0.0,4.0,0.8,0.0,0.0,0.0,0.0,0.0,0.0,1.0,0.2,0.0,0.0,0.0,0.0,0.0,0.0,0.0,0.0,2.0,0.4,2.0,0.4,2.0,0.4,5.0,1.0,0.0,0.0,0.0,0.0,0.0,0.0,0.0,0.0,5.0,0.8,0.75,0.11180339887498948,0.75,1.0,0.75,0.75,5.0,0.6,0.5,0.22360679774997896,0.5,1.0,0.5,0.5,5.0,584.4,360.0,537.7158171376401,295.0,1543.0,314.0,410.0,5.0,128.0,0.0,175.4764941523508,0.0,332.0,0.0,308.0,5.0,13.4,14.0,10.16366075781753,0.0,25.0,7.0,21.0,5.0,3103.2,1984.0,2665.305742311752,1638.0,7853.0,1785.0,2256.0,5.0,592.4,365.0,538.0588257802301,303.0,1552.0,328.0,414.0,5.0,696.8,0.0,954.3684822960155,0.0,1772.0,0.0,1712.0,5.0,71.8,68.0,55.06541564357796,0.0,135.0,40.0,116.0,5.0,129.8,0.0,177.81507247699787,0.0,332.0,0.0,317.0,5.0,13.6,14.0,10.358571330062848,0.0,25.0,7.0,22.0,5.0,0.38062278839348906,0.0,0.5216018255822781,0.0,0.9808917197452229,0.0,0.9222222222222223,5.0,0.028765595854325986,0.022292993630573247,0.026719250601014734,0.0,0.0711864406779661,0.016202203499675955,0.03414634146341464,5.0,75.2,0.0,144.81436392844464,0.0,332.0,0.0,44.0,5.0,0.01787881292936798,0.018158236057068743,0.004552038126984501,0.011142061281337047,0.023809523809523808,0.017114914425427872,0.019169329073482427,5.0,2.2,2.0,0.4472135954999579,2.0,3.0,2.0,2.0,5.0,0.13042553942976842,0.10256410256410253,0.0780313160365569,0.08100558659217882,0.26865671641791045,0.09068627450980393,0.10921501706484638,5.0,0.35401606356535964,0.39166666666666666,0.10103753778886326,0.17498379779650033,0.4140127388535032,0.37966101694915255,0.4097560975609756,5.0,0.7033634350812922,0.7334963325183375,0.11430709339485366,0.5051880674448768,0.7994428969359332,0.7278911564625851,0.7507987220447284,5.0,0.8695744605702316,0.8974358974358975,0.0780313160365569,0.7313432835820896,0.9189944134078212,0.8907849829351536,0.9093137254901961,5.0,0.9408430430181378,0.9623287671232876,0.05110531503253873,0.85,0.9705159705159705,0.954983922829582,0.9663865546218487,5.0,0.18593166980288217,0.17511504764546132,0.036373639048654885,0.1597284825690415,0.24975050672830043,0.16721133610097083,0.17785297597063665,2.0,0.1673602315961138,0.1673602315961138,0.008998974721908796,0.16099699554652575,0.17372346764570182,0.16417861357131977,0.1705418496209078,4.0,0.03086900200693305,0.036105820105820106,0.045952333914461914,-0.02571428571428571,0.0769786535303777,0.004285714285714287,0.06268910782703886,5.0,0.36385748489117414,0.3787114845938375,0.04891719562792299,0.2783649560677448,0.4007056451612903,0.37322695035460995,0.3882783882783883,5.0,0.12423979780439257,0.12420382165605096,0.03539258153148169,0.07804878048780488,0.17563188593648738,0.1111111111111111,0.13220338983050847,2.0,0.4080934126114849,0.4080934126114849,0.010593878000095779,0.4006024096385542,0.4155844155844156,0.40434791112501955,0.41183891409795026,5.0,52.2,0.0,71.49965034879541,0.0,133.0,0.0,128.0,5.0,0.7462263914946842,0.92,0.3691058358440872,0.12820512820512822,1.0,0.6829268292682926,1.0,5.0,0.7048420373952289,0.8181818181818182,0.35785990662361084,0.15602836879432624,1.0,0.55,1.0,5.0,0.74758020938872,0.8888888888888888,0.3804716491208662,0.0906788247213779,1.0,0.7583333333333333,1.0,5.0,-447.8,-277.0,633.6696300123591,-1538.0,-6.0,-408.0,-10.0,5.0,-5.8,0.0,13.535139452550904,-30.0,1.0,0.0,0.0,5.0,0.3903303907326703,0.0,0.5344939026719401,0.0,0.9808917197452229,0.0,0.9707602339181286,5.0,0.8099999999999999,1.0,0.4533210782657255,0.0,1.05,1.0,1.0
Scene30k,360,5,5,4.0,0.8,4.0,0.8,4.0,0.8,5.0,1.0,4.0,0.8,0.0,0.0,0.0,0.0,1.0,0.2,0.0,0.0,0.0,0.0,0.0,0.0,0.0,0.0,0.0,0.0,0.0,0.0,0.0,0.0,0.0,0.0,1.0,0.2,1.0,0.2,1.0,0.2,5.0,1.0,0.0,0.0,0.0,0.0,0.0,0.0,0.0,0.0,5.0,0.95,1.0,0.11180339887498947,0.75,1.0,1.0,1.0,5.0,0.9,1.0,0.22360679774997902,0.5,1.0,1.0,1.0,5.0,325.2,291.0,120.58067838588403,197.0,504.0,252.0,382.0,5.0,256.2,243.0,184.5716662979451,0.0,495.0,191.0,352.0,5.0,22.2,10.0,20.265734627691145,7.0,54.0,9.0,31.0,5.0,1884.2,1824.0,635.9128871158376,1214.0,2780.0,1384.0,2219.0,5.0,331.2,299.0,116.17745047985862,209.0,502.0,257.0,389.0,5.0,1426.8,1309.0,1008.1355067648396,0.0,2697.0,1137.0,1991.0,5.0,137.4,50.0,138.35389405434168,42.0,356.0,44.0,195.0,5.0,256.4,244.0,181.92938190407838,0.0,488.0,197.0,353.0,5.0,22.8,10.0,20.583974348992957,8.0,55.0,9.0,32.0,5.0,0.7674875374446162,0.9642857142857143,0.4296450207756743,0.0,0.9821428571428571,0.9214659685863874,0.9695431472081218,5.0,0.07156147864988495,0.03571428571428571,0.06772608252239978,0.01984126984126984,0.18556701030927836,0.03553299492385787,0.08115183246073299,5.0,23.02811059907834,27.0,18.71645784722299,0.0,49.5,11.35483870967742,27.285714285714285,5.0,0.01881057235882304,0.01593625498007968,0.0061970866057197505,0.015306122448979591,0.02982107355864811,0.015748031496062992,0.017241379310344827,5.0,2.2,2.0,0.4472135954999579,2.0,3.0,2.0,2.0,5.0,0.05988288092743408,0.06228373702422141,0.02387031102106592,0.020000000000000018,0.07968127490039845,0.06052631578947365,0.07692307692307687,5.0,0.47032802435512816,0.468586387434555,0.055871043391890494,0.38095238095238093,0.5228426395939086,0.46735395189003437,0.5119047619047619,5.0,0.8280935717562906,0.821522309711286,0.05043326242500061,0.7654075546719682,0.9043824701195219,0.8112244897959183,0.8379310344827586,5.0,0.9401171190725659,0.9377162629757786,0.02387031102106592,0.9203187250996016,0.98,0.9230769230769231,0.9394736842105263,5.0,0.97878313100602,0.9826388888888888,0.010882224676276819,0.9660678642714571,0.9919678714859438,0.9690721649484536,0.9841688654353562,5.0,0.1516654587055884,0.1540406903481882,0.015873147304880368,0.12573123196725897,0.1693134559497624,0.15403802322351468,0.1552038920392177,4.0,0.14827502403147091,0.15203771633477947,0.019145356956398973,0.12193259198828685,0.1670920714680379,0.14195079355363305,0.15836194681261737,5.0,0.02610602539118615,0.0058441558441558634,0.05088368511740416,-0.01799999999999998,0.0918584473810253,-0.017460317460317447,0.06828784119106701,5.0,0.41938537761211847,0.4109959441189725,0.03321095281726385,0.3802158273381295,0.4689306358381503,0.40515350877192985,0.4316309719934102,5.0,0.10053441006252639,0.10652920962199312,0.018257811630124396,0.07142857142857142,0.11780104712041885,0.09523809523809523,0.1116751269035533,4.0,0.4787517713982955,0.5027941451552562,0.06475654649617418,0.38585858585858585,0.5235602094240838,0.45868055555555554,0.5228653609979962,5.0,117.6,127.0,74.76830879456884,0.0,191.0,100.0,170.0,5.0,0.836828490619071,0.8037383177570094,0.13124237045664147,0.7142857142857143,1.0,0.71875,0.9473684210526316,5.0,0.7369148936170212,0.6595744680851063,0.20642533564028792,0.5,1.0,0.625,0.9,5.0,0.8963370683193823,0.8913043478260869,0.06736315283586261,0.8205128205128205,1.0,0.8587570621468926,0.9111111111111111,5.0,-53.0,-6.0,106.23794049208597,-243.0,-3.0,-9.0,-4.0,5.0,-0.4,0.0,1.140175425099138,-2.0,1.0,-1.0,0.0,5.0,0.7854081936283642,0.9821428571428571,0.43912753028422863,0.0,0.9915492957746479,0.9695431472081218,0.9838056680161943,5.0,0.9716523727844484,1.0,0.05002787551563561,0.9,1.0188679245283019,0.9393939393939394,1.0
Scene30k,370,6,6,4.0,0.6666666666666666,4.0,0.6666666666666666,4.0,0.6666666666666666,6.0,1.0,4.0,0.6666666666666666,0.0,0.0,0.0,0.0,2.0,0.3333333333333333,0.0,0.0,0.0,0.0,0.0,0.0,0.0,0.0,0.0,0.0,0.0,0.0,0.0,0.0,0.0,0.0,2.0,0.3333333333333333,2.0,0.3333333333333333,2.0,0.3333333333333333,6.0,1.0,0.0,0.0,0.0,0.0,0.0,0.0,0.0,0.0,6.0,0.9166666666666666,1.0,0.12909944487358055,0.75,1.0,0.8125,1.0,6.0,0.8333333333333334,1.0,0.25819888974716115,0.5,1.0,0.625,1.0,6.0,320.6666666666667,323.5,40.765998904315666,271.0,363.0,288.5,355.5,6.0,206.0,284.0,161.61806829683368,0.0,353.0,69.5,308.75,6.0,13.666666666666666,8.0,14.514360704718161,5.0,43.0,7.0,10.5,6.0,1834.0,1812.5,232.12410473709963,1597.0,2149.0,1636.5,1994.5,6.0,327.8333333333333,332.5,41.734478152561906,277.0,371.0,294.25,362.5,6.0,1125.3333333333333,1571.0,878.9734163594862,0.0,1868.0,386.75,1705.25,6.0,73.66666666666667,45.0,79.02067240075009,25.0,234.0,43.25,49.0,6.0,207.0,285.0,162.50907666958176,0.0,356.0,69.5,310.0,6.0,14.0,8.5,14.338758663147937,5.0,43.0,8.0,10.5,6.0,0.6344270722612969,0.9271904566022213,0.49273353032285855,0.0,0.9797297297297297,0.22058823529411764,0.9723458359821997,6.0,0.04099061037325274,0.028066644302806663,0.03940636099235038,0.014245014245014245,0.12044817927170869,0.024194051062132245,0.03117715617715618,6.0,18.62232513395304,19.107235142118864,18.29313869239113,0.0,41.42857142857143,1.8313953488372092,31.79040404040404,6.0,0.015137199721948871,0.01690154256332127,0.00722807610608847,0.005714285714285714,0.02456140350877193,0.009769038701622972,0.018740050566532447,6.0,2.0,2.0,0.0,2.0,2.0,2.0,2.0,6.0,0.07297360955427236,0.053798628200429355,0.06549925435094565,0.020408163265306145,0.19667590027700832,0.030783651644102683,0.08098591549295775,6.0,0.4618894959273731,0.48353675844450755,0.07596788874242648,0.3333333333333333,0.5299145299145299,0.42840982546864903,0.5191202503241249,6.0,0.814873382360027,0.8452241715399611,0.08583212647046766,0.6546961325966851,0.8971428571428571,0.8016435048294894,0.8561833019460139,6.0,0.9270263904457275,0.9462013717995706,0.06549925435094565,0.8033240997229917,0.9795918367346939,0.9190140845070423,0.9692163483558973,6.0,0.9651308859057823,0.9748182445879534,0.03747333377974585,0.8972222222222223,0.9965870307167235,0.9563843804276217,0.991529421856236,6.0,0.15545671925557183,0.14616594568872981,0.03049532448119738,0.13278376023133967,0.21140591801703595,0.13336094055856335,0.1618860917164984,4.0,0.16182607155284545,0.1538646938668698,0.032479403667622066,0.1316898770848926,0.2078850213927496,0.14678845123207382,0.1689023141876414,6.0,-0.0014233417034226075,-0.020601982558504317,0.04773947386518972,-0.04400000000000001,0.08940568475452196,-0.02236945870666803,0.002512140033879155,6.0,0.4170854496616732,0.42874291972208406,0.031490549622444124,0.3593029215786776,0.44384707287933095,0.40920115943770274,0.4365779484742361,6.0,0.10926846432845211,0.10161122661122662,0.03198522553884519,0.08118081180811808,0.1652892561983471,0.08606202356202357,0.11918228829993537,4.0,0.4466099220429682,0.4625956377754939,0.07886839112548298,0.3371104815864023,0.5241379310344828,0.42475381087279107,0.48445174894567106,6.0,90.83333333333333,125.0,71.23318515036841,0.0,152.0,29.75,140.0,6.0,0.8802879291251385,0.8571428571428571,0.09890777048912934,0.7674418604651162,1.0,0.8142857142857144,0.9642857142857143,6.0,0.7845345345345344,0.75,0.18366377168532264,0.5405405405405406,1.0,0.6875,0.9375,6.0,0.9122079489389611,0.9229468599033817,0.09529629611659136,0.7427385892116183,1.0,0.8912393162393162,0.9836956521739131,6.0,-107.16666666666667,-10.0,158.97725204150018,-357.0,-1.0,-197.75,-6.0,6.0,0.0,0.0,0.0,0.0,0.0,0.0,0.0,6.0,0.6529601449272714,0.9692966355243112,0.5058964005002627,0.0,0.9968354430379747,0.24086378737541528,0.9805336469945142,6.0,1.0,1.0,0.0,1.0,1.0,1.0,1.0
Scene30k,380,5,5,4.0,0.8,4.0,0.8,4.0,0.8,5.0,1.0,4.0,0.8,0.0,0.0,0.0,0.0,1.0,0.2,0.0,0.0,0.0,0.0,0.0,0.0,0.0,0.0,0.0,0.0,0.0,0.0,0.0,0.0,0.0,0.0,0.0,0.0,0.0,0.0,0.0,0.0,5.0,1.0,0.0,0.0,0.0,0.0,0.0,0.0,0.0,0.0,5.0,0.95,1.0,0.11180339887498948,0.75,1.0,1.0,1.0,5.0,0.9,1.0,0.22360679774997896,0.5,1.0,1.0,1.0,5.0,374.8,408.0,112.38193805056042,252.0,525.0,274.0,415.0,5.0,295.6,354.0,192.6221690252708,0.0,504.0,227.0,393.0,5.0,33.2,23.0,16.991174179555692,18.0,55.0,22.0,48.0,5.0,2081.0,2288.0,668.9622560354209,1294.0,2969.0,1545.0,2309.0,5.0,381.0,414.0,113.59137291185453,258.0,533.0,278.0,422.0,5.0,1630.2,1949.0,1071.163246195462,0.0,2815.0,1236.0,2151.0,5.0,182.6,125.0,100.73380763179757,85.0,306.0,121.0,276.0,5.0,296.8,354.0,193.5993285112322,0.0,507.0,228.0,395.0,5.0,33.0,23.0,16.911534525287763,18.0,56.0,22.0,46.0,5.0,0.720620432783086,0.8676470588235294,0.4065360940010027,0.0,0.96,0.8284671532846716,0.946987951807229,5.0,0.0957482846801547,0.07142857142857142,0.056903300289947875,0.0419047619047619,0.17518248175182483,0.05542168674698795,0.13480392156862744,5.0,10.232315546772067,6.4363636363636365,9.448292391139304,0.0,22.90909090909091,4.729166666666667,17.08695652173913,5.0,0.010970582833810309,0.01098901098901099,0.0039340942336851745,0.007246376811594203,0.0171990171990172,0.00796812749003984,0.011450381679389313,5.0,2.0,2.0,0.0,2.0,2.0,2.0,2.0,5.0,0.10554852225904772,0.11864406779661019,0.037738302136267145,0.0404411764705882,0.136,0.10837438423645318,0.124282982791587,5.0,0.40352339534588494,0.40963855421686746,0.03610419454152238,0.36764705882352944,0.4562043795620438,0.37142857142857144,0.4126984126984127,5.0,0.7619195031200512,0.7518427518427518,0.04971572073451339,0.7156488549618321,0.8424908424908425,0.7290836653386454,0.7705314009661836,5.0,0.8944514777409523,0.8813559322033898,0.03773830213626714,0.864,0.9595588235294118,0.875717017208413,0.8916256157635468,5.0,0.9438266078005041,0.9357429718875502,0.024050726358007108,0.9247572815533981,0.985239852398524,0.9308641975308642,0.9425287356321839,5.0,0.17218831720945285,0.17895879242041673,0.01721890177945127,0.14300540991514762,0.18529907211267374,0.17078405844615216,0.18289425315287383,4.0,0.16301182011305024,0.16715200943372238,0.02013459304767267,0.13519753514911828,0.1825457264356379,0.15642228542402464,0.173741544122748,5.0,0.08440434817880896,0.0681391304347826,0.04428616203224192,0.05045751633986929,0.16019686319353355,0.058264462809917365,0.08496376811594204,5.0,0.38906227643391766,0.3975747076656561,0.032168447297299285,0.3475917817446952,0.427831715210356,0.36582167832167833,0.40649149922720246,5.0,0.139479826849979,0.1295238095238095,0.023442614918105637,0.1180722891566265,0.16666666666666666,0.12043795620437957,0.1626984126984127,4.0,0.4202853764414243,0.40879587700004316,0.046996968472709996,0.37896825396825395,0.4845814977973568,0.3892335889157923,0.4398476645256751,5.0,121.4,139.0,74.33236172758134,0.0,191.0,110.0,167.0,5.0,0.8561122999043214,0.8648648648648648,0.06076733318283037,0.7835051546391752,0.9444444444444444,0.8181818181818182,0.8695652173913043,5.0,0.7506168522080395,0.7222222222222222,0.10473167124578263,0.6511627906976745,0.9285714285714286,0.7142857142857143,0.7368421052631579,5.0,0.8827916776930156,0.872,0.051259281079448465,0.8231046931407943,0.9647058823529412,0.8717948717948718,0.8823529411764706,5.0,-53.6,-9.0,100.36333992051082,-233.0,-3.0,-14.0,-9.0,5.0,-0.4,0.0,0.5477225575051662,-1.0,0.0,-1.0,0.0,5.0,0.7808091917413208,0.972972972972973,0.4366158417973991,0.0,0.9915966386554622,0.961864406779661,0.9776119402985075,5.0,0.9923469387755102,1.0,0.010518126595963437,0.9795918367346939,1.0,0.9821428571428571,1.0
Scene30k,390,5,5,2.0,0.4,2.0,0.4,2.0,0.4,5.0,1.0,2.0,0.4,0.0,0.0,0.0,0.0,3.0,0.6,0.0,0.0,0.0,0.0,0.0,0.0,0.0,0.0,0.0,0.0,0.0,0.0,0.0,0.0,0.0,0.0,1.0,0.2,1.0,0.2,1.0,0.2,5.0,1.0,0.0,0.0,0.0,0.0,0.0,0.0,0.0,0.0,5.0,0.85,0.75,0.13693063937629152,0.75,1.0,0.75,1.0,5.0,0.7,0.5,0.27386127875258304,0.5,1.0,0.5,1.0,5.0,285.0,340.0,161.83015788165073,60.0,444.0,177.0,404.0,5.0,140.8,0.0,193.26587903714406,0.0,371.0,0.0,333.0,5.0,14.2,9.0,11.64903429473877,5.0,34.0,8.0,15.0,5.0,1594.6,1851.0,892.3067297740166,356.0,2558.0,1031.0,2177.0,5.0,292.4,344.0,165.2673591487442,66.0,463.0,180.0,409.0,5.0,747.6,0.0,1025.9416650082987,0.0,1965.0,0.0,1773.0,5.0,75.0,48.0,61.14327436439759,25.0,179.0,45.0,78.0,5.0,140.6,0.0,193.0176157763845,0.0,371.0,0.0,332.0,5.0,14.2,9.0,11.64903429473877,5.0,34.0,8.0,15.0,5.0,0.3795457192778101,0.0,0.520163061713909,0.0,0.9794117647058823,0.0,0.9183168316831684,5.0,0.06394403979213906,0.033783783783783786,0.05392447912764037,0.023529411764705882,0.15,0.02824858757062147,0.08415841584158416,5.0,10.507352941176471,0.0,18.025571453107187,0.0,41.625,0.0,10.911764705882353,5.0,0.016570173565596386,0.019851116625310174,0.00949418120305681,0.0,0.022727272727272728,0.017699115044247787,0.022573363431151242,5.0,1.8,2.0,0.4472135954999579,1.0,2.0,2.0,2.0,5.0,0.07761228127791939,0.06716417910447758,0.05942528030720376,0.011428571428571455,0.17194570135746612,0.051724137931034475,0.08579881656804733,5.0,0.4728593214202722,0.40594059405940597,0.11750469577271337,0.3536036036036036,0.6,0.40588235294117647,0.5988700564971752,5.0,0.8022622680648647,0.7846607669616519,0.09761262014759045,0.6749435665914221,0.9375,0.7667493796526055,0.847457627118644,5.0,0.9223877187220806,0.9328358208955224,0.05942528030720376,0.8280542986425339,0.9885714285714285,0.9142011834319527,0.9482758620689655,5.0,0.9706035247643288,0.9875311720698254,0.03938289232725933,0.9070294784580499,1.0,0.9584569732937686,1.0,5.0,0.15359249330195324,0.1615857004178513,0.037101122163665005,0.11592922639803693,0.20743736249454653,0.12110803751258142,0.16190213968674996,2.0,0.15738549063015267,0.15738549063015267,0.0007869896155475244,0.1568290049362756,0.1579419763240297,0.15710724778321414,0.15766373347709117,5.0,0.014408931244751153,-0.009722222222222233,0.051674392262081675,-0.04400000000000001,0.08215576733486692,-0.009722222222222238,0.05333333333333333,5.0,0.43984937224720594,0.3987034035656402,0.08917812072000814,0.3424550430023456,0.5646067415730337,0.3968764354616445,0.49660523763336567,5.0,0.11650613941780048,0.12871287128712872,0.03151951069281829,0.07909604519774012,0.15315315315315314,0.08823529411764706,0.13333333333333333,2.0,0.41983762738479724,0.41983762738479724,0.016163356483740978,0.4084084084084084,0.431266846361186,0.41412301789660283,0.4255522368729916,5.0,59.2,0.0,81.5058280124802,0.0,160.0,0.0,136.0,5.0,0.8759523809523809,0.875,0.09404159112689447,0.7714285714285715,1.0,0.8000000000000002,0.9333333333333333,5.0,0.7797542735042735,0.7777777777777778,0.18947074261324337,0.53125,1.0,0.6666666666666666,0.9230769230769231,5.0,0.9144080741953082,0.9333333333333333,0.08006502575906442,0.7925531914893618,1.0,0.8846153846153846,0.9615384615384616,5.0,-136.6,-51.0,184.57870949814335,-443.0,-6.0,-175.0,-8.0,5.0,-0.4,0.0,0.894427190999916,-2.0,0.0,0.0,0.0,5.0,0.39223854110724543,0.0,0.5370960945991204,0.0,0.9823008849557522,0.0,0.978891820580475,5.0,0.9888888888888889,1.0,0.024845199749997673,0.9444444444444444,1.0,1.0,1.0
Scene30k,400,5,5,5.0,1.0,5.0,1.0,5.0,1.0,5.0,1.0,5.0,1.0,0.0,0.0,0.0,0.0,0.0,0.0,0.0,0.0,0.0,0.0,0.0,0.0,0.0,0.0,0.0,0.0,0.0,0.0,0.0,0.0,0.0,0.0,2.0,0.4,2.0,0.4,2.0,0.4,5.0,1.0,0.0,0.0,0.0,0.0,0.0,0.0,0.0,0.0,5.0,1.0,1.0,0.0,1.0,1.0,1.0,1.0,5.0,1.0,1.0,0.0,1.0,1.0,1.0,1.0,5.0,312.6,280.0,95.22762204318661,208.0,437.0,253.0,385.0,5.0,294.4,271.0,85.56459548200996,198.0,398.0,237.0,368.0,5.0,19.2,17.0,12.153188881935472,10.0,40.0,11.0,18.0,5.0,1705.8,1675.0,482.50772014549153,1072.0,2371.0,1498.0,1913.0,5.0,317.8,285.0,94.71905827234559,212.0,441.0,261.0,390.0,5.0,1577.2,1597.0,430.98167014387053,991.0,2135.0,1372.0,1791.0,5.0,95.6,89.0,64.0531029693332,45.0,203.0,48.0,93.0,5.0,294.4,271.0,85.21619564378592,197.0,397.0,239.0,368.0,5.0,19.4,18.0,12.116104984688768,10.0,40.0,11.0,18.0,5.0,0.9446276835292853,0.9519230769230769,0.021953964730530733,0.9107551487414187,0.9678571428571429,0.9367588932806324,0.9558441558441558,5.0,0.05881580090390158,0.052884615384615384,0.02153473887383658,0.03571428571428571,0.09153318077803203,0.046753246753246755,0.06719367588932806,5.0,17.887124183006534,18.0,6.51916697773903,9.95,27.1,13.941176470588236,20.444444444444443,5.0,0.01836834813112124,0.018229166666666668,0.009103325512950376,0.007168458781362007,0.03211009174311927,0.014492753623188406,0.01984126984126984,5.0,2.2,2.0,0.44721359549995787,2.0,3.0,2.0,2.0,5.0,0.07720894083797607,0.07281553398058249,0.015124727140836331,0.05755395683453235,0.09660574412532641,0.07171314741035861,0.08735632183908049,5.0,0.4406619924697727,0.49038461538461536,0.09538972342923457,0.3180778032036613,0.525691699604743,0.35844155844155845,0.5107142857142857,5.0,0.7986690074371381,0.8260869565217391,0.07166060171165024,0.7041284403669725,0.8637992831541219,0.7421875,0.8571428571428571,5.0,0.9227910591620239,0.9271844660194175,0.015124727140836331,0.9033942558746736,0.9424460431654677,0.9126436781609195,0.9282868525896414,5.0,0.9601280438489326,0.9566787003610109,0.010878271381125938,0.948,0.9723502304147466,0.9528795811518325,0.9707317073170731,5.0,0.16029329164752107,0.14726576672495142,0.019254361251420285,0.1457890061899484,0.18774245465513154,0.14711775032264712,0.17355148034492693,5.0,0.15239539636962304,0.1401644519583438,0.022985436359681508,0.13368501328103669,0.18690886030741252,0.13618560758841108,0.16503304871291108,5.0,0.03496133863017314,0.037001897533206846,0.04075956703025476,-0.006818181818181817,0.09881773399014779,0.006666666666666673,0.03913857677902623,5.0,0.41369487958447915,0.417910447761194,0.045411657044900376,0.3492197385069591,0.46455223880597013,0.3915316257187663,0.445260347129506,5.0,0.1252224606057558,0.11057692307692307,0.045995317824457135,0.06719367588932806,0.1853546910755149,0.10714285714285714,0.15584415584415584,5.0,0.4552180897241131,0.51010101010101,0.1009830269125081,0.32663316582914576,0.5485232067510548,0.36684782608695654,0.5239852398523985,5.0,127.6,130.0,15.662056059151364,101.0,142.0,130.0,135.0,5.0,0.9125617726765503,0.9444444444444444,0.10202738294129024,0.7647058823529412,1.0,0.8536585365853658,1.0,5.0,0.8382289690069576,0.8666666666666667,0.16996631439504092,0.6470588235294118,1.0,0.6774193548387096,1.0,5.0,0.9174185058563455,0.9438202247191011,0.09050536114169039,0.8153153153153153,1.0,0.8279569892473118,1.0,5.0,-3.4,-3.0,4.722287581247038,-8.0,3.0,-8.0,-1.0,5.0,-0.4,0.0,0.8944271909999161,-2.0,0.0,0.0,0.0,5.0,0.9909436825440178,0.9919137466307277,0.016733925835700707,0.9713261648745519,1.0153846153846153,0.9802955665024631,0.9957983193277311,5.0,0.9904761904761905,1.0,0.02129588549999802,0.9523809523809523,1.0,1.0,1.0
Scene30k,410,6,6,1.0,0.16666666666666666,1.0,0.16666666666666666,1.0,0.16666666666666666,6.0,1.0,1.0,0.16666666666666666,0.0,0.0,0.0,0.0,5.0,0.8333333333333334,0.0,0.0,0.0,0.0,0.0,0.0,0.0,0.0,0.0,0.0,0.0,0.0,0.0,0.0,0.0,0.0,3.0,0.5,3.0,0.5,3.0,0.5,6.0,1.0,0.0,0.0,0.0,0.0,0.0,0.0,0.0,0.0,6.0,0.7916666666666666,0.75,0.10206207261596575,0.75,1.0,0.75,0.75,6.0,0.5833333333333334,0.5,0.2041241452319315,0.5,1.0,0.5,0.5,6.0,344.6666666666667,271.5,177.42679241497513,219.0,693.0,253.5,342.0,6.0,34.833333333333336,0.0,85.32389270694736,0.0,209.0,0.0,0.0,6.0,15.833333333333334,12.5,8.183316361150085,9.0,30.0,10.25,19.25,6.0,1977.5,1605.5,901.505130323727,1323.0,3740.0,1508.0,1988.0,6.0,352.3333333333333,282.5,174.82295806519994,224.0,695.0,263.0,350.75,6.0,204.5,0.0,500.9206523991599,0.0,1227.0,0.0,0.0,6.0,88.16666666666667,69.0,43.40238088707424,50.0,160.0,60.0,110.25,6.0,34.833333333333336,0.0,85.32389270694736,0.0,209.0,0.0,0.0,6.0,15.833333333333334,12.5,8.183316361150085,9.0,30.0,10.25,19.25,6.0,0.15905631659056316,0.0,0.38960681601345826,0.0,0.954337899543379,0.0,0.0,6.0,0.051187501957664396,0.043230097280127056,0.026700032388527615,0.020202020202020204,0.08433734939759036,0.034338869890897246,0.07437026443875759,6.0,3.1666666666666665,0.0,7.756717518813397,0.0,19.0,0.0,0.0,6.0,0.023008503051257165,0.019802033986700857,0.013846259089868522,0.009174311926605505,0.04727272727272727,0.014089977008637296,0.027310973335819503,6.0,2.0,2.0,0.0,2.0,2.0,2.0,2.0,6.0,0.10816345236769147,0.07994892108829355,0.08336317722657594,0.04608294930875578,0.26628075253256156,0.053976446641465586,0.11853739154386445,6.0,0.4535928610344267,0.47302963686695976,0.11764870816880513,0.2352092352092352,0.5799086757990868,0.44596297896859693,0.510836825563122,6.0,0.7836457279824204,0.8177346041055719,0.13590212784025285,0.523121387283237,0.9128440366972477,0.7846479835953519,0.8470491202346041,6.0,0.8918365476323086,0.9200510789117065,0.08336317722657594,0.7337192474674384,0.9539170506912442,0.8814626084561356,0.9460235533585344,6.0,0.9439629334666294,0.960143330815076,0.047861686242319394,0.8594202898550725,0.9878048780487805,0.9272498334998335,0.9750211603570329,6.0,0.17286907205467764,0.15704441320263046,0.043165503839942325,0.1353225017551533,0.2537732888293824,0.14885892704766646,0.1801856410573508,1.0,0.12773465589313812,0.12773465589313812,0.0,0.12773465589313812,0.12773465589313812,0.12773465589313812,0.12773465589313812,6.0,0.02497556251262141,0.014926406926406916,0.03289202001580113,-0.006949152542372879,0.06658860265417643,-0.0007748917748917851,0.05350892857142857,6.0,0.39895571781978784,0.4061520232185898,0.06054015851743656,0.28502673796791445,0.45880574452003026,0.399618585432976,0.431655759671521,6.0,0.11007778687824916,0.09476168488020112,0.049826628490626315,0.07692307692307693,0.2106782106782107,0.08862563100472236,0.09626175936623205,1.0,0.5980861244019139,0.5980861244019139,0.0,0.5980861244019139,0.5980861244019139,0.5980861244019139,0.5980861244019139,6.0,20.833333333333332,0.0,51.03103630798288,0.0,125.0,0.0,0.0,6.0,0.9364487971045348,0.9545454545454546,0.07239949665854095,0.8524590163934426,1.0,0.8701298701298702,1.0,6.0,0.8858225108225107,0.9545454545454546,0.1467937058736047,0.6785714285714286,1.0,0.7727272727272727,1.0,6.0,0.958994708994709,0.9761904761904762,0.05029934746516281,0.8809523809523809,1.0,0.9285714285714286,1.0,6.0,-299.3333333333333,-263.5,220.1659979803118,-685.0,-7.0,-322.25,-242.25,6.0,-0.3333333333333333,0.0,0.5163977794943223,-1.0,0.0,-0.75,0.0,6.0,0.16126543209876543,0.0,0.395018021791423,0.0,0.9675925925925926,0.0,0.0,6.0,0.9794721407624634,1.0,0.03681490868381283,0.9090909090909091,1.0,0.9758064516129032,1.0
Scene30k,420,7,7,5.0,0.7142857142857143,5.0,0.7142857142857143,6.0,0.8571428571428571,6.0,0.8571428571428571,5.0,0.7142857142857143,0.0,0.0,0.0,0.0,2.0,0.2857142857142857,0.0,0.0,0.0,0.0,0.0,0.0,1.0,0.14285714285714285,0.0,0.0,0.0,0.0,0.0,0.0,0.0,0.0,3.0,0.42857142857142855,3.0,0.42857142857142855,3.0,0.42857142857142855,7.0,1.0,0.0,0.0,0.0,0.0,0.0,0.0,0.0,0.0,7.0,0.9285714285714286,1.0,0.12198750911856665,0.75,1.0,0.875,1.0,7.0,0.8571428571428571,1.0,0.24397501823713333,0.5,1.0,0.75,1.0,7.0,277.7142857142857,310.0,83.88824765864463,149.0,354.0,224.0,341.5,7.0,220.85714285714286,264.0,124.92188035118664,0.0,338.0,152.0,320.0,7.0,19.285714285714285,11.0,20.097381966434384,0.0,57.0,8.0,25.5,7.0,1556.5714285714287,1800.0,443.5488913835983,913.0,2007.0,1252.5,1835.5,7.0,285.0,314.0,83.75758672104476,158.0,362.0,231.0,349.5,7.0,1199.0,1450.0,663.5631092820034,0.0,1766.0,852.0,1736.5,7.0,103.42857142857143,55.0,107.23316828739316,0.0,292.0,45.0,143.5,7.0,223.14285714285714,267.0,125.93044187358429,0.0,339.0,154.0,324.0,7.0,19.428571428571427,11.0,19.990473921822055,0.0,57.0,8.5,25.5,7.0,0.8111949858402304,0.9582089552238806,0.35878870799058415,0.0,0.9712643678160919,0.9077078288942695,0.9667379600265507,7.0,0.06269281297247603,0.040268456375838924,0.06137998756827712,0.0,0.18387096774193548,0.03411961601616774,0.07323551732861118,7.0,38.76976911976912,24.0,54.51596034829041,0.0,160.0,15.130555555555555,28.563636363636363,7.0,0.02059333268779964,0.014970059880239521,0.010055348839025135,0.011029411764705883,0.037463976945244955,0.01322924866614187,0.02711569144606167,7.0,2.4285714285714284,2.0,0.7867957924694432,2.0,4.0,2.0,2.5,7.0,0.09057343022436111,0.08116883116883122,0.05769686117601195,0.006802721088435382,0.1936416184971098,0.06598134524435101,0.11021907516372464,7.0,0.47343423835193665,0.45161290322580644,0.09655998337454987,0.35919540229885055,0.6577181208053692,0.41916687747702164,0.5035897435897436,7.0,0.8011971835712555,0.8014705882352942,0.09020108281293858,0.6512968299711815,0.9594594594594594,0.7842445420773184,0.8138321615891084,7.0,0.9094265697756388,0.9188311688311688,0.05769686117601195,0.8063583815028902,0.9931972789115646,0.8897809248362754,0.934018654755649,7.0,0.9538981768614653,0.9609120521172638,0.037972968461192046,0.8898550724637682,1.0,0.93491744756805,0.9783426091565626,7.0,0.16198702675278912,0.15996591886382056,0.030247649313877165,0.1134467951053565,0.2163106177239192,0.1553777361628406,0.16671519162537304,6.0,0.15547531269058465,0.15344578394319752,0.03417210547999468,0.11256572142931223,0.21518873666136257,0.13997133456885938,0.16040594502756805,6.0,0.03463693837012433,0.016237373737373745,0.03732966033814642,0.006306306306306315,0.09524152847873107,0.009173575376405566,0.054294397463002124,7.0,0.42417899998488856,0.41555555555555557,0.04827631409929284,0.367170626349892,0.5169769989047097,0.39945553399824085,0.4353193755437903,7.0,0.11413464607338587,0.10256410256410256,0.028869915814666535,0.0847457627118644,0.16666666666666666,0.09474105980166284,0.12774193548387097,6.0,0.490962891155865,0.4706765935214211,0.10874012812724765,0.3609467455621302,0.6666666666666666,0.4267058272053438,0.5412405303030303,7.0,102.14285714285714,122.0,49.22542896860176,0.0,142.0,92.5,133.0,7.0,0.7741476707642121,0.8333333333333334,0.3143118277133873,0.11640211640211641,1.0,0.7346491228070176,1.0,7.0,0.7179586717630196,0.8333333333333334,0.34255430871424114,0.09782608695652174,1.0,0.5472756410256411,1.0,7.0,0.7906445803440778,0.972972972972973,0.33912403637896976,0.07046632124352337,1.0,0.7455363840960241,1.0,7.0,-41.714285714285715,-5.0,97.20033313679929,-262.0,1.0,-8.5,-4.5,7.0,-2.0,0.0,5.291502622129181,-14.0,0.0,0.0,0.0,7.0,0.838457909905156,0.9696969696969697,0.37001137515787885,0.0,1.003125,0.9633333333333334,0.984858366486228,7.0,0.8571428571428571,1.0,0.37796447300922725,0.0,1.0,1.0,1.0
Scene30k,430,8,8,6.0,0.75,6.0,0.75,6.0,0.75,8.0,1.0,6.0,0.75,0.0,0.0,0.0,0.0,2.0,0.25,0.0,0.0,0.0,0.0,0.0,0.0,0.0,0.0,0.0,0.0,0.0,0.0,0.0,0.0,0.0,0.0,2.0,0.25,2.0,0.25,2.0,0.25,8.0,1.0,0.0,0.0,0.0,0.0,0.0,0.0,0.0,0.0,8.0,0.9375,1.0,0.11572751247156893,0.75,1.0,0.9375,1.0,8.0,0.875,1.0,0.23145502494313785,0.5,1.0,0.875,1.0,8.0,335.75,299.0,180.02678372159755,74.0,689.0,253.0,392.75,8.0,194.875,223.5,161.23225262246473,0.0,431.0,51.75,274.5,8.0,15.0,12.0,11.489125293076057,5.0,40.0,7.5,16.75,8.0,1876.625,1736.0,925.8569678951495,497.0,3630.0,1404.75,2192.75,8.0,339.5,308.0,173.8143508788287,79.0,673.0,259.5,398.5,8.0,1084.25,1248.5,890.5801880956994,0.0,2423.0,317.25,1491.75,8.0,87.5,59.5,75.430194787726,36.0,258.0,40.75,89.5,8.0,196.0,226.0,161.45853072184553,0.0,431.0,52.5,276.25,8.0,15.125,12.0,11.382160226801036,5.0,40.0,7.75,16.75,8.0,0.7013318029603832,0.9247142399316313,0.43491406040787883,0.0,0.9813829787234043,0.6348425196850394,0.9635837221959511,8.0,0.0573021946705097,0.043541456016177954,0.04756939824598823,0.008708272859216255,0.15748031496062992,0.027328178281542673,0.07241480611045828,8.0,16.386276223776225,12.172727272727272,16.462764274788665,0.0,46.125,4.03125,24.856643356643357,8.0,0.016453806633521646,0.017170052662510517,0.009426286607556995,0.0,0.027777777777777776,0.011108803986710963,0.024221719457013575,8.0,2.125,2.0,0.8345229603962802,1.0,4.0,2.0,2.0,8.0,0.08787793741736216,0.09109401336292094,0.053131803985594514,0.0,0.15936254980079678,0.06156015037593984,0.12764081954568915,8.0,0.46972429146491884,0.42314895670557956,0.14710280029219217,0.3251088534107402,0.8108108108108109,0.4050700109326381,0.47714446952595935,8.0,0.8033605713075245,0.7739591836734694,0.09766945408842179,0.6991279069767442,0.9863013698630136,0.7301587301587301,0.8552505678464758,8.0,0.9121220625826378,0.908905986637079,0.053131803985594514,0.8406374501992032,1.0,0.8723591804543108,0.9384398496240601,8.0,0.9489758266721829,0.9484395706334482,0.03711423413291391,0.892,1.0,0.9327640750670241,0.9694155927609212,8.0,0.15938666147881997,0.16696632679621787,0.03278517470189204,0.08991244765892653,0.1915893830435459,0.15275004403860898,0.18020856589909437,6.0,0.15137655854117202,0.16181567726721258,0.037774688780219966,0.08381128584643849,0.18799672573490187,0.1405520573349042,0.174970770147152,8.0,0.023039722451065014,0.010386338299381771,0.03993959356147226,-0.020833333333333346,0.09002385211687537,0.0006910569105691025,0.038826130010340534,8.0,0.42201731544458165,0.40632001186995315,0.06663379035795039,0.359504132231405,0.5774647887323944,0.39019884931923887,0.4192957159793649,8.0,0.1084522068911899,0.10109499954039894,0.03966969196837012,0.05405405405405406,0.17391304347826086,0.08232390110378415,0.13619897013865298,6.0,0.5146881164984044,0.4578116249299944,0.159050833636598,0.4010840108401084,0.8260869565217391,0.42365102171136654,0.5142556520800734,8.0,91.0,101.5,70.83985964332308,0.0,207.0,42.75,121.75,8.0,0.8689831002331002,0.9090909090909091,0.1252315593804096,0.65,1.0,0.8068181818181819,0.9423076923076923,8.0,0.819047619047619,0.9083333333333333,0.19741198889441458,0.5,1.0,0.6785714285714286,0.9624999999999999,8.0,0.9030611876752318,0.9365384615384615,0.10363527367938405,0.7131782945736433,1.0,0.8701219512195122,0.9683098591549296,8.0,-136.5,-9.0,261.13160338364696,-714.0,-1.0,-93.5,-3.75,8.0,-0.125,0.0,0.3535533905932738,-1.0,0.0,0.0,0.0,8.0,0.7321728837671441,0.9719155844155845,0.45208944379282073,0.0,0.9892761394101877,0.713495575221239,0.9860942249240122,8.0,0.9791666666666667,1.0,0.058925565098878946,0.8333333333333334,1.0,1.0,1.0
Scene30k,440,6,6,4.0,0.6666666666666666,4.0,0.6666666666666666,4.0,0.6666666666666666,6.0,1.0,4.0,0.6666666666666666,0.0,0.0,0.0,0.0,2.0,0.3333333333333333,0.0,0.0,0.0,0.0,0.0,0.0,0.0,0.0,0.0,0.0,0.0,0.0,0.0,0.0,0.0,0.0,3.0,0.5,3.0,0.5,3.0,0.5,6.0,1.0,0.0,0.0,0.0,0.0,0.0,0.0,0.0,0.0,6.0,0.9166666666666666,1.0,0.12909944487358055,0.75,1.0,0.8125,1.0,6.0,0.8333333333333334,1.0,0.25819888974716115,0.5,1.0,0.625,1.0,6.0,400.5,347.5,211.4660729289689,183.0,800.0,310.25,407.25,6.0,191.66666666666666,235.5,162.3116344156101,0.0,374.0,42.75,303.75,6.0,20.0,12.5,18.384776310850235,6.0,56.0,11.25,19.75,6.0,2256.8333333333335,1958.0,1252.2075573428976,1013.0,4670.0,1778.75,2156.75,6.0,406.8333333333333,353.5,210.6764501947635,190.0,805.0,317.5,413.5,6.0,1059.5,1297.0,897.8017041641211,0.0,2017.0,230.0,1728.0,6.0,105.16666666666667,62.0,94.5926353722459,26.0,283.0,60.25,119.25,6.0,192.66666666666666,238.0,162.72266795584034,0.0,373.0,43.25,306.0,6.0,20.0,12.5,18.384776310850235,6.0,56.0,11.25,19.75,6.0,0.6428142926106419,0.9495282272942913,0.4981966433165359,0.0,0.9838709677419355,0.2336065573770492,0.9716263062700965,6.0,0.05334398190808184,0.03361552116827438,0.043867872512103494,0.01935483870967742,0.13493975903614458,0.027786458333333333,0.06292499077539401,6.0,20.49786324786325,19.076923076923077,20.08520380801855,0.0,50.833333333333336,3.2884615384615383,31.75,6.0,0.021927636501036175,0.023805967136339777,0.007891323699926194,0.01098901098901099,0.032362459546925564,0.016514726507713885,0.025840067708656708,6.0,2.1666666666666665,2.0,0.408248290463863,2.0,3.0,2.0,2.0,6.0,0.11367012863469196,0.14787498435516455,0.06539500516571863,0.016233766233766267,0.16753926701570676,0.06974618867611015,0.15606463088773437,6.0,0.40879314740033396,0.40543006430868167,0.049702812774706916,0.3421686746987952,0.4935483870967742,0.3896875,0.4176638026461441,6.0,0.7558617512865443,0.706487061325771,0.08368812727670052,0.7023498694516971,0.8996763754045307,0.7029980888676541,0.7903730469538536,6.0,0.8863298713653079,0.8521250156448354,0.06539500516571863,0.8324607329842932,0.9837662337662337,0.8439353691122656,0.9302538113238898,6.0,0.938873768590506,0.9205806329592737,0.042953672338905985,0.89501312335958,0.993485342019544,0.9130411255411255,0.9749363511225348,6.0,0.17696641418332415,0.1878885885276687,0.027104107205787334,0.1357666284076462,0.20115571736463653,0.159007305956932,0.1967612100111459,4.0,0.17419824710247822,0.18249526259724702,0.029763581549274012,0.13413396886074175,0.19766849435467715,0.16028782375295403,0.1964056859467712,6.0,0.027348805030772503,0.016617826617826632,0.060672833060401006,-0.04487179487179488,0.13084247319229655,-0.00456290066945806,0.04653668794973144,6.0,0.39252482556620794,0.38270242804776244,0.038577555518772004,0.34722880151586927,0.45379081350304373,0.3704209195617567,0.41247365617423176,6.0,0.12599286105743676,0.13144637978142076,0.044418262338984126,0.0725,0.16720257234726688,0.09006216397849462,0.16568240173809995,4.0,0.436667985493672,0.4276315789473684,0.04513848834028051,0.393048128342246,0.49836065573770494,0.4107620320855615,0.45353753235547883,6.0,83.16666666666667,100.0,69.94688461015735,0.0,152.0,18.75,141.5,6.0,0.9175591039288614,0.9583333333333333,0.10663142649386659,0.7391304347826088,1.0,0.866334808259587,1.0,6.0,0.8517094017094018,0.9166666666666667,0.18156610441914148,0.5769230769230769,1.0,0.7333333333333333,1.0,6.0,0.9484265250815774,0.9761904761904762,0.06438504485364657,0.8606271777003485,1.0,0.8962585034013605,1.0,6.0,-196.16666666666666,-4.5,330.33039016515977,-802.0,1.0,-275.25,-2.25,6.0,-0.5,0.0,0.8366600265340756,-2.0,0.0,-0.75,0.0,6.0,0.6598861807865662,0.9815753887762001,0.5112077661569809,0.0,1.002680965147453,0.24509803921568626,0.9908036616870718,6.0,0.983187134502924,1.0,0.033335256946650196,0.9166666666666666,1.0,0.9868421052631579,1.0
Scene30k,450,3,3,2.0,0.6666666666666666,2.0,0.6666666666666666,2.0,0.6666666666666666,3.0,1.0,2.0,0.6666666666666666,0.0,0.0,0.0,0.0,1.0,0.3333333333333333,0.0,0.0,0.0,0.0,0.0,0.0,0.0,0.0,0.0,0.0,0.0,0.0,0.0,0.0,0.0,0.0,1.0,0.3333333333333333,1.0,0.3333333333333333,1.0,0.3333333333333333,3.0,1.0,0.0,0.0,0.0,0.0,0.0,0.0,0.0,0.0,3.0,0.9166666666666666,1.0,0.14433756729740646,0.75,1.0,0.875,1.0,3.0,0.8333333333333334,1.0,0.28867513459481287,0.5,1.0,0.75,1.0,3.0,303.0,234.0,170.32615770926085,178.0,497.0,206.0,365.5,3.0,238.66666666666666,228.0,244.1748007746363,0.0,488.0,114.0,358.0,3.0,11.666666666666666,10.0,5.686240703077327,7.0,18.0,8.5,14.0,3.0,1692.6666666666667,1317.0,904.9996316757998,1036.0,2725.0,1176.5,2021.0,3.0,309.3333333333333,241.0,168.25080485196298,186.0,501.0,213.5,371.0,3.0,1294.6666666666667,1246.0,1319.67319186734,0.0,2638.0,623.0,1942.0,3.0,64.66666666666667,54.0,33.30665599145812,38.0,102.0,46.0,78.0,3.0,239.0,230.0,243.62471139028568,0.0,487.0,115.0,358.5,3.0,11.666666666666666,10.0,5.686240703077327,7.0,18.0,8.5,14.0,3.0,0.6520834408158351,0.9743589743589743,0.5647333835564926,0.0,0.9818913480885312,0.48717948717948717,0.9781251612237527,3.0,0.050386283255408115,0.029914529914529916,0.04421182870748098,0.02012072434607646,0.10112359550561797,0.025017627130303186,0.06551906271007395,3.0,27.123809523809523,32.57142857142857,24.851909684488763,0.0,48.8,16.285714285714285,40.68571428571428,3.0,0.01267609576856521,0.011299435028248588,0.0049271517822350175,0.008583690987124463,0.018145161290322582,0.009941563007686526,0.014722298159285585,3.0,2.0,2.0,0.0,2.0,2.0,2.0,2.0,3.0,0.07561099500754671,0.0828282828282828,0.025370536392172547,0.04741379310344829,0.09659090909090906,0.06512103796586555,0.08970959595959593,3.0,0.47359701600879006,0.47863247863247865,0.06278021985277527,0.4084507042253521,0.5337078651685393,0.44354159142891536,0.506170171900509,3.0,0.8109492543567015,0.8192090395480226,0.0393301642585484,0.7681451612903226,0.8454935622317596,0.7936771004191726,0.8323513008898911,3.0,0.9243890049924532,0.9171717171717172,0.025370536392172547,0.9034090909090909,0.9525862068965517,0.9102904040404041,0.9348789620341345,3.0,0.9608811071968967,0.9655870445344129,0.03306596923058006,0.9257142857142857,0.9913419913419913,0.9456506651243493,0.9784645179382021,3.0,0.15327000415395348,0.15745696170972306,0.010809366332953785,0.1409934786640265,0.16135957208811083,0.14922522018687479,0.15940826689891696,2.0,0.1490450647115178,0.1490450647115178,0.013525667325000854,0.13948097362593637,0.1586091557970992,0.14426301916872708,0.15382711025430848,3.0,0.011632676462397823,-0.0011111111111111148,0.031998172101273016,-0.01203007518796992,0.048039215686274506,-0.0065705931495405176,0.023464052287581694,3.0,0.42736737343391334,0.43887623386484437,0.020205564177671227,0.4040366972477064,0.4391891891891892,0.42145646555627536,0.4390327115270168,3.0,0.10989742031046035,0.1111111111111111,0.008750310826873706,0.1006036217303823,0.11797752808988764,0.1058573664207467,0.11454431960049938,2.0,0.44717069312625823,0.44717069312625823,0.04990115801945618,0.41188524590163933,0.4824561403508772,0.4295279695139488,0.46481341673856774,3.0,103.66666666666667,110.0,100.64955704489381,0.0,201.0,55.0,155.5,3.0,0.8523809523809524,0.8571428571428571,0.1500566786341784,0.7,1.0,0.7785714285714285,0.9285714285714286,3.0,0.7532467532467533,0.7142857142857143,0.2297637144539498,0.5454545454545454,1.0,0.6298701298701299,0.8571428571428572,3.0,0.9138471177944862,0.9736842105263158,0.12711386541428293,0.7678571428571428,1.0,0.8707706766917294,0.986842105263158,3.0,-58.333333333333336,-4.0,96.71780256671123,-170.0,-1.0,-87.0,-2.5,3.0,0.0,0.0,0.0,0.0,0.0,0.0,0.0,3.0,0.6625010354907043,0.991869918699187,0.5737458122446053,0.0,0.9956331877729258,0.4959349593495935,0.9937515532360564,3.0,1.0,1.0,0.0,1.0,1.0,1.0,1.0
Scene30k,460,8,8,5.0,0.625,5.0,0.625,5.0,0.625,8.0,1.0,5.0,0.625,0.0,0.0,0.0,0.0,3.0,0.375,0.0,0.0,0.0,0.0,0.0,0.0,0.0,0.0,0.0,0.0,0.0,0.0,0.0,0.0,0.0,0.0,4.0,0.5,4.0,0.5,4.0,0.5,8.0,1.0,0.0,0.0,0.0,0.0,0.0,0.0,0.0,0.0,8.0,0.90625,1.0,0.12938729237669142,0.75,1.0,0.75,1.0,8.0,0.8125,1.0,0.25877458475338283,0.5,1.0,0.5,1.0,8.0,333.875,371.5,73.11524660229415,206.0,411.0,287.25,379.5,8.0,195.875,242.0,171.76016293491506,0.0,373.0,0.0,348.5,8.0,14.25,11.5,10.333717350775292,4.0,38.0,9.0,14.75,8.0,1930.75,2096.0,410.7953087783327,1223.0,2361.0,1654.25,2205.25,8.0,339.125,373.0,73.07224898296597,211.0,418.0,295.25,386.25,8.0,1120.25,1375.0,985.6204354908348,0.0,2261.0,0.0,1945.75,8.0,81.875,68.5,62.18276633096527,19.0,222.0,52.0,82.25,8.0,196.5,244.0,172.2224475164937,0.0,372.0,0.0,349.0,8.0,14.5,12.0,10.2399776785471,4.0,38.0,9.75,14.75,8.0,0.5953113623994315,0.9196339370340958,0.49357720033275293,0.0,0.979002624671916,0.0,0.9715432267629125,8.0,0.04286874636959785,0.03088130178872407,0.02824817811095896,0.015873015873015872,0.10026385224274406,0.02597850451175355,0.05201776378960845,8.0,15.903769841269842,11.392857142857142,16.695327067571096,0.0,41.44444444444444,0.0,31.083333333333336,8.0,0.019172071178568062,0.015581535980649062,0.008811820116406703,0.00796812749003984,0.031746031746031744,0.013210108604845446,0.02745130135865117,8.0,2.125,2.0,0.3535533905932738,2.0,3.0,2.0,2.0,8.0,0.06949345481117442,0.07012132029592838,0.03578905203118972,0.02400000000000002,0.13262599469496017,0.047310117752106695,0.08550971834000251,8.0,0.468227546021501,0.46770951289951634,0.06823217043866397,0.34564643799472294,0.5631067961165048,0.44316744666782226,0.5151098901098901,8.0,0.8206645116950805,0.8242317202401979,0.05944501448689551,0.708994708994709,0.8884462151394422,0.7909698025551684,0.8649768191896795,8.0,0.9305065451888256,0.9298786797040717,0.03578905203118972,0.8673740053050398,0.976,0.9144902816599975,0.9526898822478933,8.0,0.9702517297120969,0.9628118121790169,0.02227245478279802,0.9388297872340425,0.997229916897507,0.9566118113912232,0.9939284163681754,8.0,0.15527610505041783,0.15623968589524942,0.01732962700080143,0.13117920414091028,0.18515030851398726,0.14443825388049006,0.16490230114140605,5.0,0.15665098001590289,0.1544284424515125,0.01703337544182151,0.13573305417803422,0.18289689182462338,0.15160723664839068,0.15858927497695374,8.0,0.018878671393913214,0.020681118218431663,0.045672489893196784,-0.05921052631578947,0.08876244665718351,0.002306998556998542,0.043142330085705574,8.0,0.41272256741129865,0.4173265585598386,0.028274413729332145,0.37493808816245666,0.46443172526574,0.3922301814973671,0.4239838987722437,8.0,0.09303753617898003,0.09336059934255792,0.027564960243661174,0.05952380952380952,0.1386861313868613,0.07249775290672388,0.10744257463312185,5.0,0.47458337037713116,0.4742268041237113,0.08526507541305638,0.35054347826086957,0.5906735751295337,0.4691689008042895,0.48830409356725146,8.0,90.375,121.5,77.32480197194171,0.0,175.0,0.0,145.25,8.0,0.9234809308338721,0.9642857142857143,0.09682497100283531,0.7435897435897436,1.0,0.8700980392156863,1.0,8.0,0.8662613122171946,0.9230769230769231,0.1654854787947317,0.55,1.0,0.7680995475113123,1.0,8.0,0.9411465418482594,0.9724770642201834,0.07186106020822726,0.8153153153153153,1.0,0.8858876945885842,1.0,8.0,-129.875,-7.5,178.07256747100124,-404.0,0.0,-278.0,-4.0,8.0,-0.25,0.0,0.7071067811865476,-2.0,0.0,0.0,0.0,8.0,0.615261494635225,0.9748477157360407,0.5095535238775443,0.0,1.0,0.0,0.9850777410280981,8.0,0.99375,1.0,0.017677669529663705,0.95,1.0,1.0,1.0
Scene30k,470,6,6,4.0,0.6666666666666666,4.0,0.6666666666666666,6.0,1.0,4.0,0.6666666666666666,4.0,0.6666666666666666,0.0,0.0,0.0,0.0,2.0,0.3333333333333333,0.0,0.0,0.0,0.0,0.0,0.0,2.0,0.3333333333333333,0.0,0.0,0.0,0.0,0.0,0.0,0.0,0.0,2.0,0.3333333333333333,2.0,0.3333333333333333,2.0,0.3333333333333333,6.0,1.0,0.0,0.0,0.0,0.0,0.0,0.0,0.0,0.0,6.0,0.9166666666666666,1.0,0.12909944487358055,0.75,1.0,0.8125,1.0,6.0,0.8333333333333334,1.0,0.25819888974716115,0.5,1.0,0.625,1.0,6.0,396.3333333333333,349.5,251.07342883440828,180.0,858.0,219.75,435.75,6.0,381.3333333333333,331.0,251.04793698946557,166.0,843.0,206.75,421.5,6.0,11.666666666666666,14.0,10.092901796146966,0.0,26.0,3.25,15.75,6.0,2118.5,1830.5,1288.3117247001985,940.0,4470.0,1259.75,2385.5,6.0,402.5,355.5,250.72913671928916,186.0,864.0,227.25,441.0,6.0,2007.8333333333333,1703.0,1289.3028219416362,835.0,4360.0,1154.5,2281.5,6.0,56.333333333333336,67.0,49.082243904152,0.0,127.0,15.5,75.75,6.0,382.6666666666667,332.0,250.7474160717647,167.0,844.0,209.25,422.5,6.0,11.666666666666666,14.0,10.092901796146966,0.0,26.0,3.25,15.75,6.0,0.951154028629107,0.9605664857530529,0.029037943975006104,0.9094202898550725,0.9825174825174825,0.9304726368159204,0.9702006769825918,6.0,0.037819518508695193,0.024690439584056603,0.04130131226406679,0.0,0.09420289855072464,0.004662004662004662,0.07018321513002364,6.0,120.33723290598293,42.15144230769231,164.0694214754774,9.653846153846153,425.0,16.203846153846154,157.171875,6.0,0.01956735804484658,0.01738474795346833,0.00797185720477814,0.01,0.0335195530726257,0.016398961438280787,0.02162973700559122,6.0,2.5,2.5,0.5477225575051661,2.0,3.0,2.0,3.0,6.0,0.11307348116853803,0.09455646195680056,0.0677529389940747,0.04020100502512558,0.2301401869158879,0.07540912575409123,0.13610918359176924,6.0,0.403227506613157,0.42007575757575755,0.10327108016575952,0.23193473193473194,0.5422885572139303,0.3712080915538363,0.44257246376811593,6.0,0.7509008820033726,0.761138188620659,0.11150984181346009,0.5869311551925321,0.915,0.6965864862718102,0.7948809277283082,6.0,0.886926518831462,0.9054435380431994,0.0677529389940747,0.7698598130841121,0.9597989949748744,0.8638908164082307,0.9245908742459088,6.0,0.9434086611781217,0.9544794188861985,0.03586616550471095,0.8783625730994152,0.9747474747474747,0.9342268715266426,0.9668001490035388,6.0,0.17552010192629106,0.1726378358874465,0.03308265713318273,0.13344536261963424,0.23026288826558125,0.15780561887775374,0.1866158157391978,6.0,0.17033097619921367,0.16664582302872322,0.03432637640866818,0.12924515549789578,0.2283931315531494,0.1504323410002964,0.1811825135791581,4.0,0.04560743988711033,0.04946177400901811,0.0258957020841201,0.012158808933002484,0.0713474025974026,0.032623035566583955,0.06244617832954448,6.0,0.3986724185625336,0.4053986553053217,0.05662174165470165,0.3029082774049217,0.4702886247877759,0.38297850895767804,0.42575104262387786,6.0,0.13505598070297697,0.13070459451125502,0.040185016706955685,0.08181818181818182,0.2,0.11571219987021415,0.14997148241829092,6.0,0.4143869602574477,0.4323033309709426,0.10783420402024642,0.23487544483985764,0.5572916666666666,0.3802533276084156,0.45805932894926316,6.0,137.33333333333334,133.5,46.70617375322738,74.0,198.0,109.25,171.25,6.0,0.6666190844139516,0.919496855345912,0.45571430374887306,0.06593406593406592,1.0,0.2975051417329876,0.9833333333333334,6.0,0.6373320349171209,0.8297101449275363,0.43663714823550404,0.08045977011494253,1.0,0.2696058512799675,0.9583333333333334,6.0,0.6566205548542792,0.9308688387635756,0.47951939079334993,0.03020408163265309,1.0,0.26515948574507947,0.9861111111111112,6.0,-8.833333333333334,-7.5,5.600595206463923,-18.0,-4.0,-11.5,-4.25,6.0,-4.333333333333333,-0.5,6.531972647421808,-15.0,0.0,-7.75,0.0,6.0,0.974576427054806,0.9755449387876978,0.01289991897076426,0.958041958041958,0.9906759906759907,0.9649191901511174,0.9835913312693498,6.0,0.6604938271604938,0.9814814814814814,0.5118173685477488,0.0,1.0,0.24074074074074073,1.0
Scene30k,480,6,6,4.0,0.6666666666666666,4.0,0.6666666666666666,4.0,0.6666666666666666,6.0,1.0,4.0,0.6666666666666666,0.0,0.0,0.0,0.0,2.0,0.3333333333333333,0.0,0.0,0.0,0.0,0.0,0.0,0.0,0.0,0.0,0.0,0.0,0.0,0.0,0.0,0.0,0.0,2.0,0.3333333333333333,2.0,0.3333333333333333,2.0,0.3333333333333333,6.0,1.0,0.0,0.0,0.0,0.0,0.0,0.0,0.0,0.0,6.0,0.9166666666666666,1.0,0.12909944487358055,0.75,1.0,0.8125,1.0,6.0,0.8333333333333334,1.0,0.25819888974716115,0.5,1.0,0.625,1.0,6.0,431.6666666666667,305.0,321.971220245951,219.0,1059.0,239.25,439.75,6.0,163.66666666666666,194.0,135.28291343206158,0.0,307.0,45.25,267.0,6.0,29.333333333333332,14.5,31.474857690967667,7.0,89.0,11.5,34.0,6.0,2420.5,1726.0,1784.4226797482709,1133.0,5877.0,1395.75,2513.0,6.0,427.6666666666667,313.0,298.76055072024934,224.0,1006.0,245.25,443.75,6.0,900.1666666666666,1058.0,752.2024771739765,0.0,1724.0,227.75,1472.0,6.0,158.16666666666666,77.5,177.11625184230462,45.0,504.0,60.25,162.25,6.0,164.83333333333334,194.5,136.63735458016842,0.0,312.0,45.0,268.25,6.0,29.333333333333332,14.5,31.474857690967667,7.0,89.0,11.5,34.0,6.0,0.6191822315726353,0.8839663760896638,0.48286564532202336,0.0,0.9808306709265175,0.2056818181818182,0.9610488446104885,6.0,0.06963612267981568,0.04819888381532217,0.059200002887581274,0.022364217252396165,0.18181818181818182,0.034155524819425236,0.07787134412148963,6.0,15.066021478521478,10.224038461538463,17.414330313466095,0.0,43.857142857142854,1.13125,23.548951048951047,6.0,0.021281510714730816,0.023889537588167725,0.006307666483480479,0.013232514177693762,0.027522935779816515,0.01584289769221276,0.02546777546777547,6.0,2.3333333333333335,2.0,0.5163977794943222,2.0,3.0,2.0,2.75,6.0,0.10489157163040884,0.08418079096045195,0.050130845598658255,0.06430868167202575,0.17889908256880738,0.06505376344086025,0.14037169475490271,6.0,0.41276487854434457,0.4377348869050114,0.08959802413404293,0.2577903682719547,0.5068493150684932,0.38215488215488214,0.4640724218843212,6.0,0.7656674839393038,0.7927494802494802,0.08648550119031993,0.6370510396975425,0.8486238532110092,0.7071570714550166,0.8313409563409564,6.0,0.8951084283695913,0.915819209039548,0.05013084559865825,0.8211009174311926,0.9356913183279743,0.8596283052450973,0.9349462365591398,6.0,0.9496615160499754,0.9572285353535354,0.03596281532939446,0.8847926267281107,0.9791231732776617,0.9421913651824366,0.9761200716845878,6.0,0.17470927794930932,0.16447663984331823,0.02092855457366882,0.15665054531421763,0.20166858534341772,0.16021708601291323,0.19275867692243398,4.0,0.1573182016396495,0.1586975171244474,0.007353485973880963,0.14730707596183718,0.16457069634786595,0.15459548517980543,0.16142023358429147,6.0,0.06382605716347824,0.062019444944186014,0.06189195258835821,-0.007936507936507948,0.14278056251740462,0.013603698131137152,0.11046107322465643,6.0,0.3915410470335579,0.4026282947357697,0.04279860496546882,0.307980262038455,0.43249427917620137,0.3982674315975287,0.4056830794067198,6.0,0.13037411581005928,0.12388916915673871,0.02830106879368144,0.0995850622406639,0.18181818181818182,0.11624309508940558,0.13549882385498824,4.0,0.46781998599850316,0.46241019646120146,0.04599448992513813,0.4198895027624309,0.5265700483091788,0.4394671492097715,0.4907630332499331,6.0,76.66666666666667,92.5,63.848779680324874,0.0,147.0,19.0,123.25,6.0,0.8871066433566434,0.91875,0.119498010571471,0.7159090909090908,1.0,0.801923076923077,0.984375,6.0,0.8278103237342368,0.8600543478260869,0.17736808178589314,0.6103896103896104,1.0,0.6729249011857708,0.984375,6.0,0.8884928645101463,0.896470512324171,0.1043907695286202,0.7571942446043165,1.0,0.8051931579328839,0.9786585365853658,6.0,-248.33333333333334,-6.5,415.432144479296,-1005.0,3.0,-356.5,-3.0,6.0,0.3333333333333333,0.0,0.816496580927726,0.0,2.0,0.0,0.0,6.0,0.6601129415645711,0.9770842721946823,0.5115566461259992,0.0,1.0168539325842696,0.2421135646687697,0.9886699507389163,6.0,1.003831417624521,1.0,0.009385018171583048,1.0,1.0229885057471264,1.0,1.0
Scene30k,490,4,4,2.0,0.5,2.0,0.5,2.0,0.5,4.0,1.0,2.0,0.5,0.0,0.0,0.0,0.0,2.0,0.5,0.0,0.0,0.0,0.0,0.0,0.0,0.0,0.0,0.0,0.0,0.0,0.0,0.0,0.0,0.0,0.0,1.0,0.25,1.0,0.25,1.0,0.25,4.0,1.0,0.0,0.0,0.0,0.0,0.0,0.0,0.0,0.0,4.0,0.875,0.875,0.14433756729740643,0.75,1.0,0.75,1.0,4.0,0.75,0.75,0.28867513459481287,0.5,1.0,0.5,1.0,4.0,240.25,244.0,21.623675296612586,213.0,260.0,228.0,256.25,4.0,109.25,102.0,126.70536689501357,0.0,233.0,0.0,211.25,4.0,22.0,21.5,10.295630140987,10.0,35.0,17.5,26.0,4.0,1437.75,1360.0,239.1699186770778,1259.0,1772.0,1268.0,1529.75,4.0,245.75,249.5,22.61820800446696,219.0,265.0,231.0,264.25,4.0,613.75,590.0,709.7578812524733,0.0,1275.0,0.0,1203.75,4.0,137.75,123.5,79.78460586687969,58.0,246.0,94.0,167.25,4.0,110.75,102.5,128.5907591288477,0.0,238.0,0.0,213.25,4.0,22.0,21.5,10.295630140987,10.0,35.0,17.5,26.0,4.0,0.46786799226732945,0.4568627450980392,0.5405462534865709,0.0,0.9577464788732394,0.0,0.9247307373653686,4.0,0.08939918243137839,0.08801649415130859,0.03586968248684094,0.046948356807511735,0.1346153846153846,0.07611477160531141,0.10130090497737557,4.0,7.6326086956521735,5.065217391304348,9.759761726615176,0.0,20.4,0.0,12.697826086956521,4.0,0.018664856714584174,0.01752652540054115,0.008690051011894998,0.009433962264150943,0.03017241379310345,0.01416951418808498,0.02202186792704034,4.0,2.25,2.0,0.5,2.0,3.0,2.0,2.25,4.0,0.06571222482202985,0.06464288997150475,0.020440455719200896,0.042654028436018954,0.09090909090909094,0.05426815827179543,0.07608695652173916,4.0,0.4856766323769428,0.47352941176470587,0.04929611680424962,0.44635193133047213,0.5492957746478874,0.44688210047967686,0.5123239436619719,4.0,0.819891253660926,0.8243547259295291,0.04651459057118914,0.7629310344827587,0.8679245283018868,0.7930949633450991,0.8511510162453558,4.0,0.9342877751779701,0.9353571100284952,0.020440455719200896,0.9090909090909091,0.957345971563981,0.9239130434782609,0.9457318417282046,4.0,0.9678476434841686,0.9670444933175435,0.01019664821679152,0.9563492063492064,0.9809523809523809,0.9630003450655624,0.9718917917361497,4.0,0.15234733838902792,0.1544010400307495,0.01096536452940721,0.13722079095053025,0.1633664825440824,0.14934697524039242,0.15740140317938497,2.0,0.13472111265319164,0.13472111265319164,0.0033280391790465533,0.13236783358163332,0.13707439172474997,0.13354447311741247,0.13589775218897082,4.0,0.07143625770890015,0.07350568667411744,0.06041471679568744,-0.0037931034482758443,0.1425267609356416,0.04617436564736502,0.09876757873565258,4.0,0.4200527956907304,0.4226151419921493,0.014170944947563383,0.4006772009029345,0.43430369787568845,0.41538669153008145,0.4272812461527982,4.0,0.09178287394731349,0.09408398552554069,0.012451768739734163,0.07511737089201878,0.10384615384615385,0.08637590924660984,0.09949095022624435,2.0,0.5176091895985863,0.5176091895985863,0.058285878328050426,0.47639484978540775,0.5588235294117647,0.497002019691997,0.5382163595051754,4.0,56.25,55.5,64.96345126299865,0.0,114.0,0.0,111.75,4.0,0.8868788819875777,0.8880434782608696,0.10615255577003879,0.7714285714285715,1.0,0.8124223602484473,0.9625,4.0,0.7915661196911197,0.7723214285714286,0.1707394512574553,0.6216216216216216,1.0,0.6710304054054054,0.8928571428571428,4.0,0.9266704256649768,0.9407392253136934,0.08015293448104259,0.8252032520325203,1.0,0.881832727901747,0.985576923076923,4.0,-112.75,-112.5,125.85275788264104,-229.0,3.0,-217.75,-7.5,4.0,0.0,0.0,0.0,0.0,0.0,0.0,0.0,4.0,0.4924608514803034,0.4774590163934426,0.5691722649048085,0.0,1.0149253731343284,0.0,0.9699198678737461,4.0,1.0,1.0,0.0,1.0,1.0,1.0,1.0
Scene30k,500,5,5,4.0,0.8,4.0,0.8,4.0,0.8,5.0,1.0,4.0,0.8,0.0,0.0,0.0,0.0,1.0,0.2,0.0,0.0,0.0,0.0,0.0,0.0,0.0,0.0,0.0,0.0,0.0,0.0,0.0,0.0,0.0,0.0,2.0,0.4,2.0,0.4,2.0,0.4,5.0,1.0,0.0,0.0,0.0,0.0,0.0,0.0,0.0,0.0,5.0,0.95,1.0,0.11180339887498947,0.75,1.0,1.0,1.0,5.0,0.9,1.0,0.22360679774997902,0.5,1.0,1.0,1.0,5.0,441.4,483.0,192.5897193517868,247.0,699.0,253.0,525.0,5.0,328.2,237.0,264.6350316945963,0.0,693.0,234.0,477.0,5.0,19.6,14.0,19.178112524437854,7.0,53.0,7.0,17.0,5.0,2550.6,2677.0,1167.3603985059626,1402.0,4233.0,1490.0,2951.0,5.0,451.0,499.0,196.4293766217263,252.0,714.0,259.0,531.0,5.0,1891.4,1371.0,1572.6629645286366,0.0,4168.0,1306.0,2612.0,5.0,101.6,63.0,110.48212525110114,32.0,295.0,32.0,86.0,5.0,332.6,238.0,269.55481817248227,0.0,703.0,234.0,488.0,5.0,19.6,14.0,19.178112524437854,7.0,53.0,7.0,17.0,5.0,0.7726242526195384,0.9473684210526315,0.4325791439096928,0.0,0.9914163090128756,0.9367588932806324,0.9875776397515528,5.0,0.04986665571197249,0.05668016194331984,0.0380654815193339,0.010014306151645207,0.10095238095238095,0.014492753623188406,0.06719367588932806,5.0,39.55966386554622,16.714285714285715,42.11097749441254,0.0,99.0,13.941176470588236,68.14285714285714,5.0,0.017280460385741915,0.02032520325203252,0.006119377699969578,0.007936507936507936,0.022821576763485476,0.014326647564469915,0.02099236641221374,5.0,2.2,2.0,0.4472135954999579,2.0,3.0,2.0,2.0,5.0,0.09581383595026922,0.09563409563409564,0.03970185545306379,0.05927342256214152,0.15925394548063132,0.0653061224489796,0.09960159362549803,5.0,0.4152741488974289,0.3676190476190476,0.08346573786675937,0.33905579399141633,0.5296442687747036,0.36231884057971014,0.4777327935222672,5.0,0.7684807147306822,0.7938931297709924,0.06458485719670319,0.669054441260745,0.8292682926829268,0.7406639004149378,0.8095238095238095,5.0,0.9041861640497307,0.9043659043659044,0.03970185545306379,0.8407460545193687,0.9407265774378585,0.900398406374502,0.9346938775510204,5.0,0.9563679574147352,0.9508196721311475,0.02068207178512945,0.9353448275862069,0.9827586206896551,0.94,0.9729166666666667,5.0,0.1718733589107194,0.1656098038833012,0.020187422955063636,0.15489247253544047,0.20543776758143842,0.1588799479625205,0.17454680259089647,4.0,0.16773924469427826,0.16171000550835662,0.02897288971393388,0.142254857278954,0.20528211048144582,0.1464179708719864,0.18303127933064847,5.0,0.03597419215906274,0.03412698412698413,0.052438601724127364,-0.03571428571428572,0.11198396103416891,0.02857142857142857,0.04090287277701779,5.0,0.37353888138961927,0.37019051176690326,0.05850479437332977,0.28183321521379634,0.42818791946308726,0.36665537106065743,0.42082738944365194,5.0,0.10924800249265734,0.11336032388663968,0.016401741783971385,0.08297567954220315,0.12761904761904763,0.10766045548654245,0.11462450592885376,4.0,0.43863284832355764,0.43134171907756813,0.10402083827751123,0.33910533910533913,0.5527426160337553,0.356788913392687,0.5131856540084389,5.0,131.2,131.0,86.51127094199923,0.0,235.0,117.0,173.0,5.0,0.8675567423230974,0.8571428571428571,0.13126752675667194,0.7142857142857143,1.0,0.7663551401869159,1.0,5.0,0.8150709219858158,0.8333333333333334,0.18979045081500373,0.6170212765957447,1.0,0.625,1.0,5.0,0.9250893839383938,0.90625,0.07099440416203967,0.858085808580858,1.0,0.8611111111111112,1.0,5.0,-102.4,-6.0,216.71825026979155,-490.0,0.0,-12.0,-4.0,5.0,-0.2,0.0,0.44721359549995804,-1.0,0.0,0.0,0.0,5.0,0.7907917705564728,0.983402489626556,0.442119638759468,0.0,1.0,0.9829787234042553,0.9875776397515528,5.0,0.9962962962962962,1.0,0.008281733249999207,0.9814814814814815,1.0,1.0,1.0
Scene30k,510,7,7,5.0,0.7142857142857143,5.0,0.7142857142857143,5.0,0.7142857142857143,7.0,1.0,5.0,0.7142857142857143,0.0,0.0,0.0,0.0,2.0,0.2857142857142857,0.0,0.0,0.0,0.0,0.0,0.0,0.0,0.0,0.0,0.0,0.0,0.0,0.0,0.0,0.0,0.0,2.0,0.2857142857142857,2.0,0.2857142857142857,2.0,0.2857142857142857,7.0,1.0,0.0,0.0,0.0,0.0,0.0,0.0,0.0,0.0,7.0,0.9285714285714286,1.0,0.12198750911856665,0.75,1.0,0.875,1.0,7.0,0.8571428571428571,1.0,0.24397501823713333,0.5,1.0,0.75,1.0,7.0,467.14285714285717,333.0,481.0167802240821,136.0,1537.0,241.5,390.5,7.0,378.14285714285717,263.0,528.0162335166816,0.0,1523.0,64.0,366.5,7.0,15.0,14.0,8.981462390204987,8.0,34.0,9.0,15.5,7.0,2570.8571428571427,1876.0,2434.819050673747,808.0,7958.0,1419.0,2258.0,7.0,474.42857142857144,339.0,485.6431670622842,141.0,1555.0,247.5,395.5,7.0,2030.142857142857,1491.0,2712.182112160577,0.0,7849.0,358.0,2077.5,7.0,87.14285714285714,76.0,57.321981157401765,44.0,213.0,57.0,81.5,7.0,380.0,264.0,532.7554160525572,0.0,1536.0,63.5,366.5,7.0,15.142857142857142,14.0,8.877472827867388,8.0,34.0,9.5,15.5,7.0,0.6803817136854201,0.9411764705882353,0.465319457662238,0.0,0.9908913467794405,0.4583333333333333,0.9569687558817994,7.0,0.04593995598396482,0.043478260869565216,0.02529991548783523,0.009759271307742356,0.08585858585858586,0.03279123279123279,0.05845055413469736,7.0,24.048962918500735,14.222222222222221,35.271510625843696,0.0,101.53333333333333,5.338235294117647,20.955357142857142,7.0,0.018304435062516337,0.015189873417721518,0.008648127807362224,0.007272727272727273,0.027994791666666668,0.012261776339446242,0.026575050200803214,7.0,2.5714285714285716,2.0,0.7867957924694432,2.0,4.0,2.0,3.0,7.0,0.12423606828849452,0.08761329305135956,0.10891856687051774,0.030456852791878153,0.35309446254071664,0.0677284310156534,0.13151550380210025,7.0,0.4352797221953099,0.45202020202020204,0.14801439051436396,0.15029277813923228,0.6323529411764706,0.4155467720685112,0.49059929494712107,7.0,0.7566049865989709,0.7981927710843374,0.16675885492093526,0.4134114583333333,0.8888888888888888,0.7338731060606061,0.863997787882512,7.0,0.8757639317115055,0.9123867069486404,0.10891856687051775,0.6469055374592834,0.9695431472081218,0.8684844961978997,0.9322715689843466,7.0,0.931684278054384,0.9548872180451128,0.07305773605941084,0.7764015645371578,0.9949109414758269,0.928811153942044,0.9689839572192513,7.0,0.1755735325227335,0.1611667868786244,0.054727515111787806,0.13094559316920862,0.2872842563716974,0.14037293526070727,0.1844361103590948,5.0,0.17926208629028142,0.15373210615301583,0.06675074970638774,0.1238714143143071,0.28687362842131864,0.1330054113369622,0.19882787122580337,7.0,0.03752214258646055,0.03156966490299825,0.04194651208555257,-0.019318181818181835,0.09512314528884538,0.013307067102785203,0.06433311776299581,7.0,0.40282988701053046,0.4136460554371002,0.08229474759026816,0.24842925358130183,0.5160891089108911,0.38351440717997165,0.43730798839223856,7.0,0.1154691541328471,0.08838383838383838,0.047564777709151365,0.07246376811594203,0.19843851659076123,0.08391943734015345,0.14057954057954059,5.0,0.42724210986799704,0.46387832699619774,0.18294117804734303,0.15036112934996718,0.65625,0.3918918918918919,0.4738292011019284,7.0,107.42857142857143,122.0,85.8328941274015,0.0,229.0,42.0,158.5,7.0,0.8879635187408297,0.9285714285714286,0.101895415530772,0.7777777777777778,1.0,0.7859477124183006,0.96875,7.0,0.8491236362204104,0.8333333333333334,0.12781439302851286,0.7,1.0,0.7437275985663083,0.9615384615384616,7.0,0.9202479132829042,0.9152542372881356,0.08335369654349734,0.7887323943661972,1.0,0.8749719416386084,0.9939024390243902,7.0,-86.0,-9.0,131.87367692859203,-336.0,1.0,-123.0,-6.0,7.0,0.0,0.0,0.0,0.0,0.0,0.0,0.0,7.0,0.7028748864570046,0.9762532981530343,0.4802926120967648,0.0,1.0078740157480315,0.48627075351213284,0.9817276921368505,7.0,1.0,1.0,0.0,1.0,1.0,1.0,1.0
SpatialSSRL_coldstart,20,1,1,0.0,0.0,0.0,0.0,0.0,0.0,0.0,0.0,0.0,0.0,0.0,0.0,0.0,0.0,0.0,0.0,0.0,0.0,0.0,0.0,0.0,0.0,1.0,1.0,0.0,0.0,0.0,0.0,0.0,0.0,0.0,0.0,0.0,0.0,0.0,0.0,0.0,0.0,1.0,1.0,0.0,0.0,0.0,0.0,0.0,0.0,0.0,0.0,1.0,0.0,0.0,0.0,0.0,0.0,0.0,0.0,1.0,0.0,0.0,0.0,0.0,0.0,0.0,0.0,1.0,87.0,87.0,0.0,87.0,87.0,87.0,87.0,1.0,0.0,0.0,0.0,0.0,0.0,0.0,0.0,1.0,0.0,0.0,0.0,0.0,0.0,0.0,0.0,1.0,467.0,467.0,0.0,467.0,467.0,467.0,467.0,1.0,88.0,88.0,0.0,88.0,88.0,88.0,88.0,1.0,0.0,0.0,0.0,0.0,0.0,0.0,0.0,1.0,0.0,0.0,0.0,0.0,0.0,0.0,0.0,1.0,0.0,0.0,0.0,0.0,0.0,0.0,0.0,1.0,0.0,0.0,0.0,0.0,0.0,0.0,0.0,1.0,0.0,0.0,0.0,0.0,0.0,0.0,0.0,1.0,0.0,0.0,0.0,0.0,0.0,0.0,0.0,1.0,0.0,0.0,0.0,0.0,0.0,0.0,0.0,1.0,0.0,0.0,0.0,0.0,0.0,0.0,0.0,1.0,1.0,1.0,0.0,1.0,1.0,1.0,1.0,1.0,0.0117647058823529,0.0117647058823529,0.0,0.0117647058823529,0.0117647058823529,0.0117647058823529,0.0117647058823529,1.0,0.5172413793103449,0.5172413793103449,0.0,0.5172413793103449,0.5172413793103449,0.5172413793103449,0.5172413793103449,1.0,0.9069767441860465,0.9069767441860465,0.0,0.9069767441860465,0.9069767441860465,0.9069767441860465,0.9069767441860465,1.0,0.9882352941176471,0.9882352941176471,0.0,0.9882352941176471,0.9882352941176471,0.9882352941176471,0.9882352941176471,1.0,1.0,1.0,0.0,1.0,1.0,1.0,1.0,1.0,0.10840770067164426,0.10840770067164426,0.0,0.10840770067164426,0.10840770067164426,0.10840770067164426,0.10840770067164426,0.0,,,,,,,,0.0,,,,,,,,1.0,0.550321199143469,0.550321199143469,0.0,0.550321199143469,0.550321199143469,0.550321199143469,0.550321199143469,1.0,0.14942528735632185,0.14942528735632185,0.0,0.14942528735632185,0.14942528735632185,0.14942528735632185,0.14942528735632185,0.0,,,,,,,,1.0,0.0,0.0,0.0,0.0,0.0,0.0,0.0,1.0,0.6742857142857143,0.6742857142857143,0.0,0.6742857142857143,0.6742857142857143,0.6742857142857143,0.6742857142857143,1.0,0.453125,0.453125,0.0,0.453125,0.453125,0.453125,0.453125,1.0,0.6263269639065818,0.6263269639065818,0.0,0.6263269639065818,0.6263269639065818,0.6263269639065818,0.6263269639065818,1.0,0.0,0.0,0.0,0.0,0.0,0.0,0.0,1.0,0.0,0.0,0.0,0.0,0.0,0.0,0.0,1.0,0.0,0.0,0.0,0.0,0.0,0.0,0.0,1.0,0.0,0.0,0.0,0.0,0.0,0.0,0.0
SpatialSSRL_coldstart,30,1,1,0.0,0.0,0.0,0.0,0.0,0.0,0.0,0.0,0.0,0.0,0.0,0.0,0.0,0.0,0.0,0.0,0.0,0.0,0.0,0.0,0.0,0.0,1.0,1.0,0.0,0.0,0.0,0.0,0.0,0.0,0.0,0.0,0.0,0.0,0.0,0.0,0.0,0.0,1.0,1.0,0.0,0.0,0.0,0.0,0.0,0.0,0.0,0.0,1.0,0.0,0.0,0.0,0.0,0.0,0.0,0.0,1.0,0.0,0.0,0.0,0.0,0.0,0.0,0.0,1.0,154.0,154.0,0.0,154.0,154.0,154.0,154.0,1.0,0.0,0.0,0.0,0.0,0.0,0.0,0.0,1.0,0.0,0.0,0.0,0.0,0.0,0.0,0.0,1.0,810.0,810.0,0.0,810.0,810.0,810.0,810.0,1.0,156.0,156.0,0.0,156.0,156.0,156.0,156.0,1.0,0.0,0.0,0.0,0.0,0.0,0.0,0.0,1.0,0.0,0.0,0.0,0.0,0.0,0.0,0.0,1.0,0.0,0.0,0.0,0.0,0.0,0.0,0.0,1.0,0.0,0.0,0.0,0.0,0.0,0.0,0.0,1.0,0.0,0.0,0.0,0.0,0.0,0.0,0.0,1.0,0.0,0.0,0.0,0.0,0.0,0.0,0.0,1.0,0.0,0.0,0.0,0.0,0.0,0.0,0.0,1.0,0.0392156862745098,0.0392156862745098,0.0,0.0392156862745098,0.0392156862745098,0.0392156862745098,0.0392156862745098,1.0,2.0,2.0,0.0,2.0,2.0,2.0,2.0,1.0,0.03947368421052633,0.03947368421052633,0.0,0.03947368421052633,0.03947368421052633,0.03947368421052633,0.03947368421052633,1.0,0.4675324675324675,0.4675324675324675,0.0,0.4675324675324675,0.4675324675324675,0.4675324675324675,0.4675324675324675,1.0,0.8431372549019608,0.8431372549019608,0.0,0.8431372549019608,0.8431372549019608,0.8431372549019608,0.8431372549019608,1.0,0.9605263157894737,0.9605263157894737,0.0,0.9605263157894737,0.9605263157894737,0.9605263157894737,0.9605263157894737,1.0,0.9867549668874173,0.9867549668874173,0.0,0.9867549668874173,0.9867549668874173,0.9867549668874173,0.9867549668874173,1.0,0.1477768966881454,0.1477768966881454,0.0,0.1477768966881454,0.1477768966881454,0.1477768966881454,0.1477768966881454,0.0,,,,,,,,0.0,,,,,,,,1.0,0.48641975308641977,0.48641975308641977,0.0,0.48641975308641977,0.48641975308641977,0.48641975308641977,0.48641975308641977,1.0,0.17532467532467533,0.17532467532467533,0.0,0.17532467532467533,0.17532467532467533,0.17532467532467533,0.17532467532467533,0.0,,,,,,,,1.0,0.0,0.0,0.0,0.0,0.0,0.0,0.0,1.0,0.6516129032258066,0.6516129032258066,0.0,0.6516129032258066,0.6516129032258066,0.6516129032258066,0.6516129032258066,1.0,0.41284403669724773,0.41284403669724773,0.0,0.41284403669724773,0.41284403669724773,0.41284403669724773,0.41284403669724773,0.0,,,,,,,,1.0,0.0,0.0,0.0,0.0,0.0,0.0,0.0,1.0,0.0,0.0,0.0,0.0,0.0,0.0,0.0,1.0,0.0,0.0,0.0,0.0,0.0,0.0,0.0,1.0,0.0,0.0,0.0,0.0,0.0,0.0,0.0
SpatialSSRL_coldstart,40,1,1,0.0,0.0,0.0,0.0,0.0,0.0,0.0,0.0,0.0,0.0,0.0,0.0,0.0,0.0,0.0,0.0,0.0,0.0,0.0,0.0,0.0,0.0,1.0,1.0,0.0,0.0,0.0,0.0,0.0,0.0,0.0,0.0,0.0,0.0,0.0,0.0,0.0,0.0,1.0,1.0,0.0,0.0,0.0,0.0,0.0,0.0,0.0,0.0,1.0,0.0,0.0,0.0,0.0,0.0,0.0,0.0,1.0,0.0,0.0,0.0,0.0,0.0,0.0,0.0,1.0,88.0,88.0,0.0,88.0,88.0,88.0,88.0,1.0,0.0,0.0,0.0,0.0,0.0,0.0,0.0,1.0,0.0,0.0,0.0,0.0,0.0,0.0,0.0,1.0,514.0,514.0,0.0,514.0,514.0,514.0,514.0,1.0,92.0,92.0,0.0,92.0,92.0,92.0,92.0,1.0,0.0,0.0,0.0,0.0,0.0,0.0,0.0,1.0,0.0,0.0,0.0,0.0,0.0,0.0,0.0,1.0,0.0,0.0,0.0,0.0,0.0,0.0,0.0,1.0,0.0,0.0,0.0,0.0,0.0,0.0,0.0,1.0,0.0,0.0,0.0,0.0,0.0,0.0,0.0,1.0,0.0,0.0,0.0,0.0,0.0,0.0,0.0,1.0,0.0,0.0,0.0,0.0,0.0,0.0,0.0,1.0,0.022988505747126436,0.022988505747126436,0.0,0.022988505747126436,0.022988505747126436,0.022988505747126436,0.022988505747126436,1.0,2.0,2.0,0.0,2.0,2.0,2.0,2.0,1.0,0.08139534883720934,0.08139534883720934,0.0,0.08139534883720934,0.08139534883720934,0.08139534883720934,0.08139534883720934,1.0,0.5227272727272727,0.5227272727272727,0.0,0.5227272727272727,0.5227272727272727,0.5227272727272727,0.5227272727272727,1.0,0.8275862068965517,0.8275862068965517,0.0,0.8275862068965517,0.8275862068965517,0.8275862068965517,0.8275862068965517,1.0,0.9186046511627907,0.9186046511627907,0.0,0.9186046511627907,0.9186046511627907,0.9186046511627907,0.9186046511627907,1.0,0.9529411764705882,0.9529411764705882,0.0,0.9529411764705882,0.9529411764705882,0.9529411764705882,0.9529411764705882,1.0,0.14255015834725426,0.14255015834725426,0.0,0.14255015834725426,0.14255015834725426,0.14255015834725426,0.14255015834725426,0.0,,,,,,,,0.0,,,,,,,,1.0,0.5291828793774319,0.5291828793774319,0.0,0.5291828793774319,0.5291828793774319,0.5291828793774319,0.5291828793774319,1.0,0.14772727272727273,0.14772727272727273,0.0,0.14772727272727273,0.14772727272727273,0.14772727272727273,0.14772727272727273,0.0,,,,,,,,1.0,0.0,0.0,0.0,0.0,0.0,0.0,0.0,1.0,0.6815642458100558,0.6815642458100558,0.0,0.6815642458100558,0.6815642458100558,0.6815642458100558,0.6815642458100558,1.0,0.4375,0.4375,0.0,0.4375,0.4375,0.4375,0.4375,1.0,0.7068965517241379,0.7068965517241379,0.0,0.7068965517241379,0.7068965517241379,0.7068965517241379,0.7068965517241379,1.0,0.0,0.0,0.0,0.0,0.0,0.0,0.0,1.0,0.0,0.0,0.0,0.0,0.0,0.0,0.0,1.0,0.0,0.0,0.0,0.0,0.0,0.0,0.0,1.0,0.0,0.0,0.0,0.0,0.0,0.0,0.0
SpatialSSRL_coldstart,80,2,2,0.0,0.0,0.0,0.0,0.0,0.0,0.0,0.0,0.0,0.0,0.0,0.0,0.0,0.0,0.0,0.0,0.0,0.0,0.0,0.0,0.0,0.0,2.0,1.0,0.0,0.0,0.0,0.0,0.0,0.0,0.0,0.0,0.0,0.0,0.0,0.0,0.0,0.0,2.0,1.0,0.0,0.0,0.0,0.0,0.0,0.0,0.0,0.0,2.0,0.0,0.0,0.0,0.0,0.0,0.0,0.0,2.0,0.0,0.0,0.0,0.0,0.0,0.0,0.0,2.0,131.0,131.0,43.840620433565945,100.0,162.0,115.5,146.5,2.0,0.0,0.0,0.0,0.0,0.0,0.0,0.0,2.0,0.0,0.0,0.0,0.0,0.0,0.0,0.0,2.0,734.5,734.5,207.18228688765842,588.0,881.0,661.25,807.75,2.0,133.0,133.0,41.012193308819754,104.0,162.0,118.5,147.5,2.0,0.0,0.0,0.0,0.0,0.0,0.0,0.0,2.0,0.0,0.0,0.0,0.0,0.0,0.0,0.0,2.0,0.0,0.0,0.0,0.0,0.0,0.0,0.0,2.0,0.0,0.0,0.0,0.0,0.0,0.0,0.0,2.0,0.0,0.0,0.0,0.0,0.0,0.0,0.0,2.0,0.0,0.0,0.0,0.0,0.0,0.0,0.0,2.0,0.0,0.0,0.0,0.0,0.0,0.0,0.0,2.0,0.005050505050505051,0.005050505050505051,0.007142492739258056,0.0,0.010101010101010102,0.0025252525252525255,0.007575757575757576,2.0,1.5,1.5,0.7071067811865476,1.0,2.0,1.25,1.75,2.0,0.008227040816326525,0.008227040816326525,0.0027959579358141783,0.006249999999999978,0.010204081632653073,0.0072385204081632515,0.009215561224489799,2.0,0.5435185185185185,0.5435185185185185,0.009166199015381165,0.5370370370370371,0.55,0.5402777777777779,0.5467592592592593,2.0,0.8978605935127675,0.8978605935127675,0.012687906356694503,0.8888888888888888,0.906832298136646,0.8933747412008282,0.9023464458247067,2.0,0.9917729591836735,0.9917729591836735,0.0027959579358141783,0.9897959183673469,0.99375,0.9907844387755103,0.9927614795918367,2.0,1.0,1.0,0.0,1.0,1.0,1.0,1.0,2.0,0.11621878929447779,0.11621878929447779,0.0035382023215384346,0.11371690243970797,0.1187206761492476,0.11496784586709288,0.11746973272186269,0.0,,,,,,,,0.0,,,,,,,,2.0,0.505668612507432,0.505668612507432,0.008819247054688692,0.49943246311010214,0.5119047619047619,0.5025505378087671,0.5087866872060969,2.0,0.12864197530864196,0.12864197530864196,0.01606267256028702,0.11728395061728394,0.14,0.12296296296296297,0.134320987654321,0.0,,,,,,,,2.0,0.0,0.0,0.0,0.0,0.0,0.0,0.0,2.0,0.6940956290751026,0.6940956290751026,0.0014514386959878433,0.693069306930693,0.6951219512195121,0.6935824680028978,0.6946087901473074,2.0,0.421448087431694,0.421448087431694,0.006761950093313948,0.4166666666666667,0.4262295081967213,0.41905737704918034,0.42383879781420764,1.0,0.6444444444444444,0.6444444444444444,0.0,0.6444444444444444,0.6444444444444444,0.6444444444444444,0.6444444444444444,2.0,0.0,0.0,0.0,0.0,0.0,0.0,0.0,2.0,0.0,0.0,0.0,0.0,0.0,0.0,0.0,2.0,0.0,0.0,0.0,0.0,0.0,0.0,0.0,2.0,0.0,0.0,0.0,0.0,0.0,0.0,0.0
SpatialSSRL_coldstart,90,1,1,0.0,0.0,0.0,0.0,0.0,0.0,0.0,0.0,0.0,0.0,0.0,0.0,0.0,0.0,0.0,0.0,0.0,0.0,0.0,0.0,0.0,0.0,1.0,1.0,0.0,0.0,0.0,0.0,0.0,0.0,0.0,0.0,0.0,0.0,0.0,0.0,0.0,0.0,1.0,1.0,0.0,0.0,0.0,0.0,0.0,0.0,0.0,0.0,1.0,0.0,0.0,0.0,0.0,0.0,0.0,0.0,1.0,0.0,0.0,0.0,0.0,0.0,0.0,0.0,1.0,124.0,124.0,0.0,124.0,124.0,124.0,124.0,1.0,0.0,0.0,0.0,0.0,0.0,0.0,0.0,1.0,0.0,0.0,0.0,0.0,0.0,0.0,0.0,1.0,669.0,669.0,0.0,669.0,669.0,669.0,669.0,1.0,123.0,123.0,0.0,123.0,123.0,123.0,123.0,1.0,0.0,0.0,0.0,0.0,0.0,0.0,0.0,1.0,0.0,0.0,0.0,0.0,0.0,0.0,0.0,1.0,0.0,0.0,0.0,0.0,0.0,0.0,0.0,1.0,0.0,0.0,0.0,0.0,0.0,0.0,0.0,1.0,0.0,0.0,0.0,0.0,0.0,0.0,0.0,1.0,0.0,0.0,0.0,0.0,0.0,0.0,0.0,1.0,0.0,0.0,0.0,0.0,0.0,0.0,0.0,1.0,0.008130081300813009,0.008130081300813009,0.0,0.008130081300813009,0.008130081300813009,0.008130081300813009,0.008130081300813009,1.0,2.0,2.0,0.0,2.0,2.0,2.0,2.0,1.0,0.024590163934426257,0.024590163934426257,0.0,0.024590163934426257,0.024590163934426257,0.024590163934426257,0.024590163934426257,1.0,0.5161290322580645,0.5161290322580645,0.0,0.5161290322580645,0.5161290322580645,0.5161290322580645,0.5161290322580645,1.0,0.8699186991869918,0.8699186991869918,0.0,0.8699186991869918,0.8699186991869918,0.8699186991869918,0.8699186991869918,1.0,0.9754098360655737,0.9754098360655737,0.0,0.9754098360655737,0.9754098360655737,0.9754098360655737,0.9754098360655737,1.0,1.0,1.0,0.0,1.0,1.0,1.0,1.0,1.0,0.12398073800037825,0.12398073800037825,0.0,0.12398073800037825,0.12398073800037825,0.12398073800037825,0.12398073800037825,0.0,,,,,,,,0.0,,,,,,,,1.0,0.4977578475336323,0.4977578475336323,0.0,0.4977578475336323,0.4977578475336323,0.4977578475336323,0.4977578475336323,1.0,0.12903225806451613,0.12903225806451613,0.0,0.12903225806451613,0.12903225806451613,0.12903225806451613,0.12903225806451613,0.0,,,,,,,,1.0,0.0,0.0,0.0,0.0,0.0,0.0,0.0,1.0,0.701195219123506,0.701195219123506,0.0,0.701195219123506,0.701195219123506,0.701195219123506,0.701195219123506,1.0,0.48314606741573035,0.48314606741573035,0.0,0.48314606741573035,0.48314606741573035,0.48314606741573035,0.48314606741573035,0.0,,,,,,,,1.0,0.0,0.0,0.0,0.0,0.0,0.0,0.0,1.0,0.0,0.0,0.0,0.0,0.0,0.0,0.0,1.0,0.0,0.0,0.0,0.0,0.0,0.0,0.0,1.0,0.0,0.0,0.0,0.0,0.0,0.0,0.0
SpatialSSRL_coldstart,120,4,4,0.0,0.0,0.0,0.0,0.0,0.0,0.0,0.0,0.0,0.0,0.0,0.0,0.0,0.0,0.0,0.0,0.0,0.0,0.0,0.0,0.0,0.0,4.0,1.0,0.0,0.0,0.0,0.0,0.0,0.0,0.0,0.0,0.0,0.0,0.0,0.0,0.0,0.0,4.0,1.0,0.0,0.0,0.0,0.0,0.0,0.0,0.0,0.0,4.0,0.0,0.0,0.0,0.0,0.0,0.0,0.0,4.0,0.0,0.0,0.0,0.0,0.0,0.0,0.0,4.0,126.75,132.5,33.089525029330154,83.0,159.0,111.5,147.75,4.0,0.0,0.0,0.0,0.0,0.0,0.0,0.0,4.0,0.0,0.0,0.0,0.0,0.0,0.0,0.0,4.0,699.0,735.0,164.8999696785903,477.0,849.0,625.5,808.5,4.0,126.5,133.0,32.949456242351964,82.0,158.0,112.75,146.75,4.0,0.0,0.0,0.0,0.0,0.0,0.0,0.0,4.0,0.0,0.0,0.0,0.0,0.0,0.0,0.0,4.0,0.0,0.0,0.0,0.0,0.0,0.0,0.0,4.0,0.0,0.0,0.0,0.0,0.0,0.0,0.0,4.0,0.0,0.0,0.0,0.0,0.0,0.0,0.0,4.0,0.0,0.0,0.0,0.0,0.0,0.0,0.0,4.0,0.0,0.0,0.0,0.0,0.0,0.0,0.0,4.0,0.019459479493440592,0.018755788823711022,0.01204120450392066,0.006993006993006993,0.03333333333333333,0.010894593211666383,0.02732067510548523,4.0,2.0,2.0,0.0,2.0,2.0,2.0,2.0,4.0,0.04285981908687042,0.025210084033613467,0.05727117235351594,0.0,0.12101910828025475,0.0,0.06806990312048389,4.0,0.5427916640834349,0.5189393939393939,0.11462746769900184,0.44654088050314467,0.6867469879518072,0.4525443110348771,0.6091867469879518,4.0,0.8700091478707564,0.8726981351981352,0.11157615090793536,0.7468354430379747,0.9878048780487805,0.7929588607594937,0.9497484223093979,4.0,0.9571401809131296,0.9747899159663865,0.05727117235351594,0.8789808917197452,1.0,0.9319300968795161,1.0,4.0,0.9818557149065623,0.9957627118644068,0.030898202975209434,0.9358974358974359,1.0,0.9776184267709691,1.0,4.0,0.13427160550352957,0.1326278832286299,0.03684498614326753,0.09769459799621866,0.17413605756063988,0.10598696040198821,0.16091252833017125,0.0,,,,,,,,0.0,,,,,,,,4.0,0.4982564151432076,0.49030048916841373,0.057532045883368466,0.44638694638694637,0.5660377358490566,0.4527078477078477,0.5358490566037736,4.0,0.13281151008733721,0.14046121593291405,0.058839783415457925,0.060240963855421686,0.19008264462809918,0.09839357429718876,0.1748791517230625,0.0,,,,,,,,4.0,0.0,0.0,0.0,0.0,0.0,0.0,0.0,4.0,0.6217585224034525,0.6247443762781186,0.0549688275676974,0.5662650602409639,0.671280276816609,0.5786828294774189,0.6678200692041523,4.0,0.3848363174039513,0.3986750978620897,0.08670123340249263,0.26785714285714285,0.47413793103448276,0.35400132275132273,0.4295100925147182,1.0,0.6444906444906444,0.6444906444906444,0.0,0.6444906444906444,0.6444906444906444,0.6444906444906444,0.6444906444906444,4.0,0.0,0.0,0.0,0.0,0.0,0.0,0.0,4.0,0.0,0.0,0.0,0.0,0.0,0.0,0.0,4.0,0.0,0.0,0.0,0.0,0.0,0.0,0.0,4.0,0.0,0.0,0.0,0.0,0.0,0.0,0.0
SpatialSSRL_coldstart,130,2,2,0.0,0.0,0.0,0.0,0.0,0.0,0.0,0.0,0.0,0.0,0.0,0.0,0.0,0.0,0.0,0.0,0.0,0.0,0.0,0.0,0.0,0.0,2.0,1.0,0.0,0.0,0.0,0.0,0.0,0.0,0.0,0.0,0.0,0.0,0.0,0.0,0.0,0.0,2.0,1.0,0.0,0.0,0.0,0.0,0.0,0.0,0.0,0.0,2.0,0.0,0.0,0.0,0.0,0.0,0.0,0.0,2.0,0.0,0.0,0.0,0.0,0.0,0.0,0.0,2.0,211.0,211.0,60.81118318204309,168.0,254.0,189.5,232.5,2.0,0.0,0.0,0.0,0.0,0.0,0.0,0.0,2.0,0.0,0.0,0.0,0.0,0.0,0.0,0.0,2.0,1138.5,1138.5,282.13560569343247,939.0,1338.0,1038.75,1238.25,2.0,207.0,207.0,55.154328932550705,168.0,246.0,187.5,226.5,2.0,0.0,0.0,0.0,0.0,0.0,0.0,0.0,2.0,0.0,0.0,0.0,0.0,0.0,0.0,0.0,2.0,0.0,0.0,0.0,0.0,0.0,0.0,0.0,2.0,0.0,0.0,0.0,0.0,0.0,0.0,0.0,2.0,0.0,0.0,0.0,0.0,0.0,0.0,0.0,2.0,0.0,0.0,0.0,0.0,0.0,0.0,0.0,2.0,0.0,0.0,0.0,0.0,0.0,0.0,0.0,2.0,0.007964308537076047,0.007964308537076047,0.005673456221680898,0.003952569169960474,0.011976047904191617,0.0059584388535182595,0.009970178220633832,2.0,2.5,2.5,0.7071067811865476,2.0,3.0,2.25,2.75,2.0,0.019841269841269826,0.019841269841269826,0.028059792904228054,0.0,0.03968253968253965,0.009920634920634913,0.02976190476190474,2.0,0.5375890513685789,0.5375890513685789,0.014184556727964186,0.5275590551181102,0.5476190476190477,0.5325740532433445,0.5426040494938134,2.0,0.8749615393718493,0.8749615393718493,0.024400882510946156,0.857707509881423,0.8922155688622755,0.8663345246266361,0.8835885541170624,2.0,0.9801587301587302,0.9801587301587302,0.028059792904228054,0.9603174603174603,1.0,0.9702380952380952,0.9900793650793651,2.0,0.9960159362549801,0.9960159362549801,0.005634316981566111,0.9920318725099602,1.0,0.9940239043824701,0.99800796812749,2.0,0.12095070749523662,0.12095070749523662,0.009049218711703912,0.11455194357975058,0.12734947141072264,0.1177513255374936,0.12415008945297963,0.0,,,,,,,,0.0,,,,,,,,2.0,0.48784127757322215,0.48784127757322215,0.00288722521294242,0.4857997010463378,0.4898828541001065,0.48682048930977995,0.48886206583666436,2.0,0.09380858642669666,0.09380858642669666,0.023232182865193556,0.07738095238095238,0.11023622047244094,0.08559476940382452,0.10202240344956881,0.0,,,,,,,,2.0,0.0,0.0,0.0,0.0,0.0,0.0,0.0,2.0,0.6371496720333929,0.6371496720333929,0.030780438298519897,0.6153846153846154,0.6589147286821705,0.6262671437090042,0.6480322003577818,2.0,0.40883458646616544,0.40883458646616544,0.002392466552886817,0.40714285714285714,0.4105263157894737,0.4079887218045113,0.40968045112781953,0.0,,,,,,,,2.0,0.0,0.0,0.0,0.0,0.0,0.0,0.0,2.0,0.0,0.0,0.0,0.0,0.0,0.0,0.0,2.0,0.0,0.0,0.0,0.0,0.0,0.0,0.0,2.0,0.0,0.0,0.0,0.0,0.0,0.0,0.0
SpatialSSRL_coldstart,140,1,1,0.0,0.0,0.0,0.0,0.0,0.0,0.0,0.0,0.0,0.0,0.0,0.0,0.0,0.0,0.0,0.0,0.0,0.0,0.0,0.0,0.0,0.0,1.0,1.0,0.0,0.0,0.0,0.0,0.0,0.0,0.0,0.0,0.0,0.0,0.0,0.0,0.0,0.0,1.0,1.0,0.0,0.0,0.0,0.0,0.0,0.0,0.0,0.0,1.0,0.0,0.0,0.0,0.0,0.0,0.0,0.0,1.0,0.0,0.0,0.0,0.0,0.0,0.0,0.0,1.0,142.0,142.0,0.0,142.0,142.0,142.0,142.0,1.0,0.0,0.0,0.0,0.0,0.0,0.0,0.0,1.0,0.0,0.0,0.0,0.0,0.0,0.0,0.0,1.0,771.0,771.0,0.0,771.0,771.0,771.0,771.0,1.0,141.0,141.0,0.0,141.0,141.0,141.0,141.0,1.0,0.0,0.0,0.0,0.0,0.0,0.0,0.0,1.0,0.0,0.0,0.0,0.0,0.0,0.0,0.0,1.0,0.0,0.0,0.0,0.0,0.0,0.0,0.0,1.0,0.0,0.0,0.0,0.0,0.0,0.0,0.0,1.0,0.0,0.0,0.0,0.0,0.0,0.0,0.0,1.0,0.0,0.0,0.0,0.0,0.0,0.0,0.0,1.0,0.0,0.0,0.0,0.0,0.0,0.0,0.0,1.0,0.03546099290780142,0.03546099290780142,0.0,0.03546099290780142,0.03546099290780142,0.03546099290780142,0.03546099290780142,1.0,2.0,2.0,0.0,2.0,2.0,2.0,2.0,1.0,0.02857142857142858,0.02857142857142858,0.0,0.02857142857142858,0.02857142857142858,0.02857142857142858,0.02857142857142858,1.0,0.5422535211267606,0.5422535211267606,0.0,0.5422535211267606,0.5422535211267606,0.5422535211267606,0.5422535211267606,1.0,0.8652482269503546,0.8652482269503546,0.0,0.8652482269503546,0.8652482269503546,0.8652482269503546,0.8652482269503546,1.0,0.9714285714285714,0.9714285714285714,0.0,0.9714285714285714,0.9714285714285714,0.9714285714285714,0.9714285714285714,1.0,0.9928057553956835,0.9928057553956835,0.0,0.9928057553956835,0.9928057553956835,0.9928057553956835,0.9928057553956835,1.0,0.14123192226183215,0.14123192226183215,0.0,0.14123192226183215,0.14123192226183215,0.14123192226183215,0.14123192226183215,0.0,,,,,,,,0.0,,,,,,,,1.0,0.48508430609597925,0.48508430609597925,0.0,0.48508430609597925,0.48508430609597925,0.48508430609597925,0.48508430609597925,1.0,0.15492957746478872,0.15492957746478872,0.0,0.15492957746478872,0.15492957746478872,0.15492957746478872,0.15492957746478872,0.0,,,,,,,,1.0,0.0,0.0,0.0,0.0,0.0,0.0,0.0,1.0,0.7062937062937062,0.7062937062937062,0.0,0.7062937062937062,0.7062937062937062,0.7062937062937062,0.7062937062937062,1.0,0.44642857142857145,0.44642857142857145,0.0,0.44642857142857145,0.44642857142857145,0.44642857142857145,0.44642857142857145,0.0,,,,,,,,1.0,0.0,0.0,0.0,0.0,0.0,0.0,0.0,1.0,0.0,0.0,0.0,0.0,0.0,0.0,0.0,1.0,0.0,0.0,0.0,0.0,0.0,0.0,0.0,1.0,0.0,0.0,0.0,0.0,0.0,0.0,0.0
SpatialSSRL_coldstart,190,1,1,0.0,0.0,0.0,0.0,0.0,0.0,0.0,0.0,0.0,0.0,0.0,0.0,0.0,0.0,0.0,0.0,0.0,0.0,0.0,0.0,0.0,0.0,1.0,1.0,0.0,0.0,0.0,0.0,0.0,0.0,0.0,0.0,0.0,0.0,0.0,0.0,0.0,0.0,1.0,1.0,0.0,0.0,0.0,0.0,0.0,0.0,0.0,0.0,1.0,0.0,0.0,0.0,0.0,0.0,0.0,0.0,1.0,0.0,0.0,0.0,0.0,0.0,0.0,0.0,1.0,102.0,102.0,0.0,102.0,102.0,102.0,102.0,1.0,0.0,0.0,0.0,0.0,0.0,0.0,0.0,1.0,0.0,0.0,0.0,0.0,0.0,0.0,0.0,1.0,553.0,553.0,0.0,553.0,553.0,553.0,553.0,1.0,103.0,103.0,0.0,103.0,103.0,103.0,103.0,1.0,0.0,0.0,0.0,0.0,0.0,0.0,0.0,1.0,0.0,0.0,0.0,0.0,0.0,0.0,0.0,1.0,0.0,0.0,0.0,0.0,0.0,0.0,0.0,1.0,0.0,0.0,0.0,0.0,0.0,0.0,0.0,1.0,0.0,0.0,0.0,0.0,0.0,0.0,0.0,1.0,0.0,0.0,0.0,0.0,0.0,0.0,0.0,1.0,0.0,0.0,0.0,0.0,0.0,0.0,0.0,1.0,0.039603960396039604,0.039603960396039604,0.0,0.039603960396039604,0.039603960396039604,0.039603960396039604,0.039603960396039604,1.0,3.0,3.0,0.0,3.0,3.0,3.0,3.0,1.0,0.06999999999999995,0.06999999999999995,0.0,0.06999999999999995,0.06999999999999995,0.06999999999999995,0.06999999999999995,1.0,0.5196078431372549,0.5196078431372549,0.0,0.5196078431372549,0.5196078431372549,0.5196078431372549,0.5196078431372549,1.0,0.8217821782178217,0.8217821782178217,0.0,0.8217821782178217,0.8217821782178217,0.8217821782178217,0.8217821782178217,1.0,0.93,0.93,0.0,0.93,0.93,0.93,0.93,1.0,0.9696969696969697,0.9696969696969697,0.0,0.9696969696969697,0.9696969696969697,0.9696969696969697,0.9696969696969697,1.0,0.149919980073744,0.149919980073744,0.0,0.149919980073744,0.149919980073744,0.149919980073744,0.149919980073744,0.0,,,,,,,,0.0,,,,,,,,1.0,0.5081374321880651,0.5081374321880651,0.0,0.5081374321880651,0.5081374321880651,0.5081374321880651,0.5081374321880651,1.0,0.14705882352941177,0.14705882352941177,0.0,0.14705882352941177,0.14705882352941177,0.14705882352941177,0.14705882352941177,0.0,,,,,,,,1.0,0.0,0.0,0.0,0.0,0.0,0.0,0.0,1.0,0.5024154589371981,0.5024154589371981,0.0,0.5024154589371981,0.5024154589371981,0.5024154589371981,0.5024154589371981,1.0,0.26595744680851063,0.26595744680851063,0.0,0.26595744680851063,0.26595744680851063,0.26595744680851063,0.26595744680851063,1.0,0.5463743676222597,0.5463743676222597,0.0,0.5463743676222597,0.5463743676222597,0.5463743676222597,0.5463743676222597,1.0,0.0,0.0,0.0,0.0,0.0,0.0,0.0,1.0,0.0,0.0,0.0,0.0,0.0,0.0,0.0,1.0,0.0,0.0,0.0,0.0,0.0,0.0,0.0,1.0,0.0,0.0,0.0,0.0,0.0,0.0,0.0
SpatialSSRL_coldstart,200,1,1,0.0,0.0,0.0,0.0,0.0,0.0,0.0,0.0,0.0,0.0,0.0,0.0,0.0,0.0,0.0,0.0,0.0,0.0,0.0,0.0,0.0,0.0,1.0,1.0,0.0,0.0,0.0,0.0,0.0,0.0,0.0,0.0,0.0,0.0,0.0,0.0,0.0,0.0,1.0,1.0,0.0,0.0,0.0,0.0,0.0,0.0,0.0,0.0,1.0,0.0,0.0,0.0,0.0,0.0,0.0,0.0,1.0,0.0,0.0,0.0,0.0,0.0,0.0,0.0,1.0,162.0,162.0,0.0,162.0,162.0,162.0,162.0,1.0,0.0,0.0,0.0,0.0,0.0,0.0,0.0,1.0,0.0,0.0,0.0,0.0,0.0,0.0,0.0,1.0,833.0,833.0,0.0,833.0,833.0,833.0,833.0,1.0,156.0,156.0,0.0,156.0,156.0,156.0,156.0,1.0,0.0,0.0,0.0,0.0,0.0,0.0,0.0,1.0,0.0,0.0,0.0,0.0,0.0,0.0,0.0,1.0,0.0,0.0,0.0,0.0,0.0,0.0,0.0,1.0,0.0,0.0,0.0,0.0,0.0,0.0,0.0,1.0,0.0,0.0,0.0,0.0,0.0,0.0,0.0,1.0,0.0,0.0,0.0,0.0,0.0,0.0,0.0,1.0,0.0,0.0,0.0,0.0,0.0,0.0,0.0,1.0,0.018633540372670808,0.018633540372670808,0.0,0.018633540372670808,0.018633540372670808,0.018633540372670808,0.018633540372670808,1.0,2.0,2.0,0.0,2.0,2.0,2.0,2.0,1.0,0.05625000000000002,0.05625000000000002,0.0,0.05625000000000002,0.05625000000000002,0.05625000000000002,0.05625000000000002,1.0,0.4876543209876543,0.4876543209876543,0.0,0.4876543209876543,0.4876543209876543,0.4876543209876543,0.4876543209876543,1.0,0.8385093167701864,0.8385093167701864,0.0,0.8385093167701864,0.8385093167701864,0.8385093167701864,0.8385093167701864,1.0,0.94375,0.94375,0.0,0.94375,0.94375,0.94375,0.94375,1.0,0.9811320754716981,0.9811320754716981,0.0,0.9811320754716981,0.9811320754716981,0.9811320754716981,0.9811320754716981,1.0,0.13974421209707716,0.13974421209707716,0.0,0.13974421209707716,0.13974421209707716,0.13974421209707716,0.13974421209707716,0.0,,,,,,,,0.0,,,,,,,,1.0,0.47539015606242496,0.47539015606242496,0.0,0.47539015606242496,0.47539015606242496,0.47539015606242496,0.47539015606242496,1.0,0.10493827160493827,0.10493827160493827,0.0,0.10493827160493827,0.10493827160493827,0.10493827160493827,0.10493827160493827,0.0,,,,,,,,1.0,0.0,0.0,0.0,0.0,0.0,0.0,0.0,1.0,0.6787878787878788,0.6787878787878788,0.0,0.6787878787878788,0.6787878787878788,0.6787878787878788,0.6787878787878788,1.0,0.4,0.4,0.0,0.4,0.4,0.4,0.4,0.0,,,,,,,,1.0,0.0,0.0,0.0,0.0,0.0,0.0,0.0,1.0,0.0,0.0,0.0,0.0,0.0,0.0,0.0,1.0,0.0,0.0,0.0,0.0,0.0,0.0,0.0,1.0,0.0,0.0,0.0,0.0,0.0,0.0,0.0
SpatialSSRL_coldstart,210,1,1,0.0,0.0,0.0,0.0,0.0,0.0,0.0,0.0,0.0,0.0,0.0,0.0,0.0,0.0,0.0,0.0,0.0,0.0,0.0,0.0,0.0,0.0,1.0,1.0,0.0,0.0,0.0,0.0,0.0,0.0,0.0,0.0,0.0,0.0,0.0,0.0,0.0,0.0,1.0,1.0,0.0,0.0,0.0,0.0,0.0,0.0,0.0,0.0,1.0,0.0,0.0,0.0,0.0,0.0,0.0,0.0,1.0,0.0,0.0,0.0,0.0,0.0,0.0,0.0,1.0,106.0,106.0,0.0,106.0,106.0,106.0,106.0,1.0,0.0,0.0,0.0,0.0,0.0,0.0,0.0,1.0,0.0,0.0,0.0,0.0,0.0,0.0,0.0,1.0,569.0,569.0,0.0,569.0,569.0,569.0,569.0,1.0,107.0,107.0,0.0,107.0,107.0,107.0,107.0,1.0,0.0,0.0,0.0,0.0,0.0,0.0,0.0,1.0,0.0,0.0,0.0,0.0,0.0,0.0,0.0,1.0,0.0,0.0,0.0,0.0,0.0,0.0,0.0,1.0,0.0,0.0,0.0,0.0,0.0,0.0,0.0,1.0,0.0,0.0,0.0,0.0,0.0,0.0,0.0,1.0,0.0,0.0,0.0,0.0,0.0,0.0,0.0,1.0,0.0,0.0,0.0,0.0,0.0,0.0,0.0,1.0,0.02857142857142857,0.02857142857142857,0.0,0.02857142857142857,0.02857142857142857,0.02857142857142857,0.02857142857142857,1.0,2.0,2.0,0.0,2.0,2.0,2.0,2.0,1.0,0.019230769230769273,0.019230769230769273,0.0,0.019230769230769273,0.019230769230769273,0.019230769230769273,0.019230769230769273,1.0,0.5754716981132075,0.5754716981132075,0.0,0.5754716981132075,0.5754716981132075,0.5754716981132075,0.5754716981132075,1.0,0.9238095238095239,0.9238095238095239,0.0,0.9238095238095239,0.9238095238095239,0.9238095238095239,0.9238095238095239,1.0,0.9807692307692307,0.9807692307692307,0.0,0.9807692307692307,0.9807692307692307,0.9807692307692307,0.9807692307692307,1.0,1.0,1.0,0.0,1.0,1.0,1.0,1.0,1.0,0.12014653281125671,0.12014653281125671,0.0,0.12014653281125671,0.12014653281125671,0.12014653281125671,0.12014653281125671,0.0,,,,,,,,0.0,,,,,,,,1.0,0.5654450261780105,0.5654450261780105,0.0,0.5654450261780105,0.5654450261780105,0.5654450261780105,0.5654450261780105,1.0,0.16037735849056603,0.16037735849056603,0.0,0.16037735849056603,0.16037735849056603,0.16037735849056603,0.16037735849056603,0.0,,,,,,,,1.0,0.0,0.0,0.0,0.0,0.0,0.0,0.0,1.0,0.6126126126126126,0.6126126126126126,0.0,0.6126126126126126,0.6126126126126126,0.6126126126126126,0.6126126126126126,1.0,0.36666666666666664,0.36666666666666664,0.0,0.36666666666666664,0.36666666666666664,0.36666666666666664,0.36666666666666664,1.0,0.5783699059561129,0.5783699059561129,0.0,0.5783699059561129,0.5783699059561129,0.5783699059561129,0.5783699059561129,1.0,0.0,0.0,0.0,0.0,0.0,0.0,0.0,1.0,0.0,0.0,0.0,0.0,0.0,0.0,0.0,1.0,0.0,0.0,0.0,0.0,0.0,0.0,0.0,1.0,0.0,0.0,0.0,0.0,0.0,0.0,0.0
SpatialSSRL_coldstart,270,1,1,0.0,0.0,0.0,0.0,0.0,0.0,0.0,0.0,0.0,0.0,0.0,0.0,0.0,0.0,0.0,0.0,0.0,0.0,0.0,0.0,0.0,0.0,1.0,1.0,0.0,0.0,0.0,0.0,0.0,0.0,0.0,0.0,0.0,0.0,0.0,0.0,0.0,0.0,1.0,1.0,0.0,0.0,0.0,0.0,0.0,0.0,0.0,0.0,1.0,0.0,0.0,0.0,0.0,0.0,0.0,0.0,1.0,0.0,0.0,0.0,0.0,0.0,0.0,0.0,1.0,157.0,157.0,0.0,157.0,157.0,157.0,157.0,1.0,0.0,0.0,0.0,0.0,0.0,0.0,0.0,1.0,0.0,0.0,0.0,0.0,0.0,0.0,0.0,1.0,864.0,864.0,0.0,864.0,864.0,864.0,864.0,1.0,158.0,158.0,0.0,158.0,158.0,158.0,158.0,1.0,0.0,0.0,0.0,0.0,0.0,0.0,0.0,1.0,0.0,0.0,0.0,0.0,0.0,0.0,0.0,1.0,0.0,0.0,0.0,0.0,0.0,0.0,0.0,1.0,0.0,0.0,0.0,0.0,0.0,0.0,0.0,1.0,0.0,0.0,0.0,0.0,0.0,0.0,0.0,1.0,0.0,0.0,0.0,0.0,0.0,0.0,0.0,1.0,0.0,0.0,0.0,0.0,0.0,0.0,0.0,1.0,0.02564102564102564,0.02564102564102564,0.0,0.02564102564102564,0.02564102564102564,0.02564102564102564,0.02564102564102564,1.0,2.0,2.0,0.0,2.0,2.0,2.0,2.0,1.0,0.0,0.0,0.0,0.0,0.0,0.0,0.0,1.0,0.6496815286624203,0.6496815286624203,0.0,0.6496815286624203,0.6496815286624203,0.6496815286624203,0.6496815286624203,1.0,0.9551282051282052,0.9551282051282052,0.0,0.9551282051282052,0.9551282051282052,0.9551282051282052,0.9551282051282052,1.0,1.0,1.0,0.0,1.0,1.0,1.0,1.0,1.0,1.0,1.0,0.0,1.0,1.0,1.0,1.0,1.0,0.1110717558567877,0.1110717558567877,0.0,0.1110717558567877,0.1110717558567877,0.1110717558567877,0.1110717558567877,0.0,,,,,,,,0.0,,,,,,,,1.0,0.5405092592592593,0.5405092592592593,0.0,0.5405092592592593,0.5405092592592593,0.5405092592592593,0.5405092592592593,1.0,0.08917197452229299,0.08917197452229299,0.0,0.08917197452229299,0.08917197452229299,0.08917197452229299,0.08917197452229299,0.0,,,,,,,,1.0,0.0,0.0,0.0,0.0,0.0,0.0,0.0,1.0,0.5904761904761905,0.5904761904761905,0.0,0.5904761904761905,0.5904761904761905,0.5904761904761905,0.5904761904761905,1.0,0.3783783783783784,0.3783783783783784,0.0,0.3783783783783784,0.3783783783783784,0.3783783783783784,0.3783783783783784,0.0,,,,,,,,1.0,0.0,0.0,0.0,0.0,0.0,0.0,0.0,1.0,0.0,0.0,0.0,0.0,0.0,0.0,0.0,1.0,0.0,0.0,0.0,0.0,0.0,0.0,0.0,1.0,0.0,0.0,0.0,0.0,0.0,0.0,0.0
SpatialSSRL_coldstart,280,2,2,0.0,0.0,0.0,0.0,0.0,0.0,0.0,0.0,0.0,0.0,0.0,0.0,0.0,0.0,0.0,0.0,0.0,0.0,0.0,0.0,0.0,0.0,2.0,1.0,0.0,0.0,0.0,0.0,0.0,0.0,0.0,0.0,0.0,0.0,0.0,0.0,0.0,0.0,2.0,1.0,0.0,0.0,0.0,0.0,0.0,0.0,0.0,0.0,2.0,0.0,0.0,0.0,0.0,0.0,0.0,0.0,2.0,0.0,0.0,0.0,0.0,0.0,0.0,0.0,2.0,143.0,143.0,100.40916292848975,72.0,214.0,107.5,178.5,2.0,0.0,0.0,0.0,0.0,0.0,0.0,0.0,2.0,0.0,0.0,0.0,0.0,0.0,0.0,0.0,2.0,792.5,792.5,573.46359954229,387.0,1198.0,589.75,995.25,2.0,143.5,143.5,98.2878425849301,74.0,213.0,108.75,178.25,2.0,0.0,0.0,0.0,0.0,0.0,0.0,0.0,2.0,0.0,0.0,0.0,0.0,0.0,0.0,0.0,2.0,0.0,0.0,0.0,0.0,0.0,0.0,0.0,2.0,0.0,0.0,0.0,0.0,0.0,0.0,0.0,2.0,0.0,0.0,0.0,0.0,0.0,0.0,0.0,2.0,0.0,0.0,0.0,0.0,0.0,0.0,0.0,2.0,0.0,0.0,0.0,0.0,0.0,0.0,0.0,2.0,0.011737089201877934,0.011737089201877934,0.003319750146415716,0.009389671361502348,0.014084507042253521,0.01056338028169014,0.012910798122065728,2.0,2.0,2.0,0.0,2.0,2.0,2.0,2.0,2.0,0.03322102425876011,0.03322102425876011,0.013627529610468439,0.02358490566037741,0.042857142857142816,0.02840296495956876,0.038039083557951464,2.0,0.5441329179646937,0.5441329179646937,0.016154048999069675,0.5327102803738317,0.5555555555555556,0.5384215991692627,0.5498442367601246,2.0,0.8403755868544601,0.8403755868544601,0.0132790005856629,0.8309859154929577,0.8497652582159625,0.835680751173709,0.8450704225352113,2.0,0.9667789757412399,0.9667789757412399,0.013627529610468439,0.9571428571428572,0.9764150943396226,0.9619609164420485,0.9715970350404313,2.0,0.9855072463768115,0.9855072463768115,0.02049584873004487,0.9710144927536232,1.0,0.9782608695652174,0.9927536231884058,2.0,0.1246153124809371,0.1246153124809371,0.004961185255837485,0.1211072247438117,0.1281234002180625,0.12286126861237441,0.1263693563494998,0.0,,,,,,,,0.0,,,,,,,,2.0,0.5141245314110943,0.5141245314110943,0.0695552120804539,0.46494156928213687,0.5633074935400517,0.4895330503466156,0.538716012475573,2.0,0.1277907580477674,0.1277907580477674,0.035336982185464806,0.102803738317757,0.1527777777777778,0.1152972481827622,0.1402842679127726,0.0,,,,,,,,2.0,0.0,0.0,0.0,0.0,0.0,0.0,0.0,2.0,0.689544953550622,0.689544953550622,0.012848389631385326,0.6804597701149424,0.6986301369863014,0.6850023618327822,0.6940875452684616,2.0,0.44783197831978316,0.44783197831978316,0.004790696349502381,0.4444444444444444,0.45121951219512196,0.4461382113821138,0.4495257452574526,1.0,0.7256410256410256,0.7256410256410256,0.0,0.7256410256410256,0.7256410256410256,0.7256410256410256,0.7256410256410256,2.0,0.0,0.0,0.0,0.0,0.0,0.0,0.0,2.0,0.0,0.0,0.0,0.0,0.0,0.0,0.0,2.0,0.0,0.0,0.0,0.0,0.0,0.0,0.0,2.0,0.0,0.0,0.0,0.0,0.0,0.0,0.0
SpatialSSRL_coldstart,290,1,1,0.0,0.0,0.0,0.0,0.0,0.0,0.0,0.0,0.0,0.0,0.0,0.0,0.0,0.0,0.0,0.0,0.0,0.0,0.0,0.0,0.0,0.0,1.0,1.0,0.0,0.0,0.0,0.0,0.0,0.0,0.0,0.0,0.0,0.0,0.0,0.0,0.0,0.0,1.0,1.0,0.0,0.0,0.0,0.0,0.0,0.0,0.0,0.0,1.0,0.0,0.0,0.0,0.0,0.0,0.0,0.0,1.0,0.0,0.0,0.0,0.0,0.0,0.0,0.0,1.0,119.0,119.0,0.0,119.0,119.0,119.0,119.0,1.0,0.0,0.0,0.0,0.0,0.0,0.0,0.0,1.0,0.0,0.0,0.0,0.0,0.0,0.0,0.0,1.0,651.0,651.0,0.0,651.0,651.0,651.0,651.0,1.0,118.0,118.0,0.0,118.0,118.0,118.0,118.0,1.0,0.0,0.0,0.0,0.0,0.0,0.0,0.0,1.0,0.0,0.0,0.0,0.0,0.0,0.0,0.0,1.0,0.0,0.0,0.0,0.0,0.0,0.0,0.0,1.0,0.0,0.0,0.0,0.0,0.0,0.0,0.0,1.0,0.0,0.0,0.0,0.0,0.0,0.0,0.0,1.0,0.0,0.0,0.0,0.0,0.0,0.0,0.0,1.0,0.0,0.0,0.0,0.0,0.0,0.0,0.0,1.0,0.025423728813559324,0.025423728813559324,0.0,0.025423728813559324,0.025423728813559324,0.025423728813559324,0.025423728813559324,1.0,2.0,2.0,0.0,2.0,2.0,2.0,2.0,1.0,0.042735042735042694,0.042735042735042694,0.0,0.042735042735042694,0.042735042735042694,0.042735042735042694,0.042735042735042694,1.0,0.46218487394957986,0.46218487394957986,0.0,0.46218487394957986,0.46218487394957986,0.46218487394957986,0.46218487394957986,1.0,0.8050847457627118,0.8050847457627118,0.0,0.8050847457627118,0.8050847457627118,0.8050847457627118,0.8050847457627118,1.0,0.9572649572649573,0.9572649572649573,0.0,0.9572649572649573,0.9572649572649573,0.9572649572649573,0.9572649572649573,1.0,1.0,1.0,0.0,1.0,1.0,1.0,1.0,1.0,0.14763082841750066,0.14763082841750066,0.0,0.14763082841750066,0.14763082841750066,0.14763082841750066,0.14763082841750066,0.0,,,,,,,,0.0,,,,,,,,1.0,0.4608294930875576,0.4608294930875576,0.0,0.4608294930875576,0.4608294930875576,0.4608294930875576,0.4608294930875576,1.0,0.16806722689075632,0.16806722689075632,0.0,0.16806722689075632,0.16806722689075632,0.16806722689075632,0.16806722689075632,0.0,,,,,,,,1.0,0.0,0.0,0.0,0.0,0.0,0.0,0.0,1.0,0.7768595041322314,0.7768595041322314,0.0,0.7768595041322314,0.7768595041322314,0.7768595041322314,0.7768595041322314,1.0,0.5797101449275363,0.5797101449275363,0.0,0.5797101449275363,0.5797101449275363,0.5797101449275363,0.5797101449275363,0.0,,,,,,,,1.0,0.0,0.0,0.0,0.0,0.0,0.0,0.0,1.0,0.0,0.0,0.0,0.0,0.0,0.0,0.0,1.0,0.0,0.0,0.0,0.0,0.0,0.0,0.0,1.0,0.0,0.0,0.0,0.0,0.0,0.0,0.0
SpatialSSRL_coldstart,300,1,1,0.0,0.0,0.0,0.0,0.0,0.0,0.0,0.0,0.0,0.0,0.0,0.0,0.0,0.0,0.0,0.0,0.0,0.0,0.0,0.0,0.0,0.0,1.0,1.0,0.0,0.0,0.0,0.0,0.0,0.0,0.0,0.0,0.0,0.0,0.0,0.0,0.0,0.0,1.0,1.0,0.0,0.0,0.0,0.0,0.0,0.0,0.0,0.0,1.0,0.0,0.0,0.0,0.0,0.0,0.0,0.0,1.0,0.0,0.0,0.0,0.0,0.0,0.0,0.0,1.0,196.0,196.0,0.0,196.0,196.0,196.0,196.0,1.0,0.0,0.0,0.0,0.0,0.0,0.0,0.0,1.0,0.0,0.0,0.0,0.0,0.0,0.0,0.0,1.0,1063.0,1063.0,0.0,1063.0,1063.0,1063.0,1063.0,1.0,197.0,197.0,0.0,197.0,197.0,197.0,197.0,1.0,0.0,0.0,0.0,0.0,0.0,0.0,0.0,1.0,0.0,0.0,0.0,0.0,0.0,0.0,0.0,1.0,0.0,0.0,0.0,0.0,0.0,0.0,0.0,1.0,0.0,0.0,0.0,0.0,0.0,0.0,0.0,1.0,0.0,0.0,0.0,0.0,0.0,0.0,0.0,1.0,0.0,0.0,0.0,0.0,0.0,0.0,0.0,1.0,0.0,0.0,0.0,0.0,0.0,0.0,0.0,1.0,0.03076923076923077,0.03076923076923077,0.0,0.03076923076923077,0.03076923076923077,0.03076923076923077,0.03076923076923077,1.0,2.0,2.0,0.0,2.0,2.0,2.0,2.0,1.0,0.005154639175257714,0.005154639175257714,0.0,0.005154639175257714,0.005154639175257714,0.005154639175257714,0.005154639175257714,1.0,0.5255102040816326,0.5255102040816326,0.0,0.5255102040816326,0.5255102040816326,0.5255102040816326,0.5255102040816326,1.0,0.9333333333333333,0.9333333333333333,0.0,0.9333333333333333,0.9333333333333333,0.9333333333333333,0.9333333333333333,1.0,0.9948453608247423,0.9948453608247423,0.0,0.9948453608247423,0.9948453608247423,0.9948453608247423,0.9948453608247423,1.0,1.0,1.0,0.0,1.0,1.0,1.0,1.0,1.0,0.12383018174299276,0.12383018174299276,0.0,0.12383018174299276,0.12383018174299276,0.12383018174299276,0.12383018174299276,0.0,,,,,,,,0.0,,,,,,,,1.0,0.49858889934148637,0.49858889934148637,0.0,0.49858889934148637,0.49858889934148637,0.49858889934148637,0.49858889934148637,1.0,0.09693877551020408,0.09693877551020408,0.0,0.09693877551020408,0.09693877551020408,0.09693877551020408,0.09693877551020408,0.0,,,,,,,,1.0,0.0,0.0,0.0,0.0,0.0,0.0,0.0,1.0,0.6246851385390428,0.6246851385390428,0.0,0.6246851385390428,0.6246851385390428,0.6246851385390428,0.6246851385390428,1.0,0.38181818181818183,0.38181818181818183,0.0,0.38181818181818183,0.38181818181818183,0.38181818181818183,0.38181818181818183,0.0,,,,,,,,1.0,0.0,0.0,0.0,0.0,0.0,0.0,0.0,1.0,0.0,0.0,0.0,0.0,0.0,0.0,0.0,1.0,0.0,0.0,0.0,0.0,0.0,0.0,0.0,1.0,0.0,0.0,0.0,0.0,0.0,0.0,0.0
SpatialSSRL_coldstart,320,2,2,0.0,0.0,0.0,0.0,0.0,0.0,0.0,0.0,0.0,0.0,0.0,0.0,0.0,0.0,0.0,0.0,0.0,0.0,0.0,0.0,0.0,0.0,2.0,1.0,0.0,0.0,0.0,0.0,0.0,0.0,0.0,0.0,0.0,0.0,0.0,0.0,0.0,0.0,2.0,1.0,0.0,0.0,0.0,0.0,0.0,0.0,0.0,0.0,2.0,0.0,0.0,0.0,0.0,0.0,0.0,0.0,2.0,0.0,0.0,0.0,0.0,0.0,0.0,0.0,2.0,126.5,126.5,0.7071067811865476,126.0,127.0,126.25,126.75,2.0,0.0,0.0,0.0,0.0,0.0,0.0,0.0,2.0,0.0,0.0,0.0,0.0,0.0,0.0,0.0,2.0,681.0,681.0,18.384776310850235,668.0,694.0,674.5,687.5,2.0,126.0,126.0,2.8284271247461903,124.0,128.0,125.0,127.0,2.0,0.0,0.0,0.0,0.0,0.0,0.0,0.0,2.0,0.0,0.0,0.0,0.0,0.0,0.0,0.0,2.0,0.0,0.0,0.0,0.0,0.0,0.0,0.0,2.0,0.0,0.0,0.0,0.0,0.0,0.0,0.0,2.0,0.0,0.0,0.0,0.0,0.0,0.0,0.0,2.0,0.0,0.0,0.0,0.0,0.0,0.0,0.0,2.0,0.0,0.0,0.0,0.0,0.0,0.0,0.0,2.0,0.015936507936507936,0.015936507936507936,8.97913372935307e-05,0.015873015873015872,0.016,0.015904761904761904,0.01596825396825397,2.0,2.0,2.0,0.0,2.0,2.0,2.0,2.0,2.0,0.008000000000000007,0.008000000000000007,0.01131370849898477,0.0,0.016000000000000014,0.0040000000000000036,0.01200000000000001,2.0,0.6009873765779278,0.6009873765779278,0.0704367084871489,0.5511811023622047,0.6507936507936508,0.5760842394700663,0.6258905136857893,2.0,0.9324126984126984,0.9324126984126984,0.050328044553023435,0.8968253968253969,0.968,0.9146190476190477,0.9502063492063492,2.0,0.992,0.992,0.01131370849898477,0.984,1.0,0.988,0.996,2.0,1.0,1.0,0.0,1.0,1.0,1.0,1.0,2.0,0.1153160286757629,0.1153160286757629,0.006262965369938984,0.11088744339234254,0.11974461395918327,0.11310173603405271,0.1175303213174731,0.0,,,,,,,,0.0,,,,,,,,2.0,0.536471725137621,0.536471725137621,0.017705429593292046,0.5239520958083832,0.5489913544668588,0.5302119104730021,0.5427315398022399,2.0,0.13835770528683916,0.13835770528683916,0.006363165634974541,0.13385826771653545,0.14285714285714285,0.1361079865016873,0.140607424071991,0.0,,,,,,,,2.0,0.0,0.0,0.0,0.0,0.0,0.0,0.0,2.0,0.61509682439915,0.61509682439915,0.007153395350066009,0.61003861003861,0.62015503875969,0.61256771721888,0.61762593157942,2.0,0.3631366656121481,0.3631366656121481,0.05944752518200725,0.3211009174311927,0.4051724137931034,0.34211879152167035,0.38415453970262575,0.0,,,,,,,,2.0,0.0,0.0,0.0,0.0,0.0,0.0,0.0,2.0,0.0,0.0,0.0,0.0,0.0,0.0,0.0,2.0,0.0,0.0,0.0,0.0,0.0,0.0,0.0,2.0,0.0,0.0,0.0,0.0,0.0,0.0,0.0
SpatialSSRL_coldstart,330,1,1,0.0,0.0,0.0,0.0,0.0,0.0,0.0,0.0,0.0,0.0,0.0,0.0,0.0,0.0,0.0,0.0,0.0,0.0,0.0,0.0,0.0,0.0,1.0,1.0,0.0,0.0,0.0,0.0,0.0,0.0,0.0,0.0,0.0,0.0,0.0,0.0,0.0,0.0,1.0,1.0,0.0,0.0,0.0,0.0,0.0,0.0,0.0,0.0,1.0,0.0,0.0,0.0,0.0,0.0,0.0,0.0,1.0,0.0,0.0,0.0,0.0,0.0,0.0,0.0,1.0,190.0,190.0,0.0,190.0,190.0,190.0,190.0,1.0,0.0,0.0,0.0,0.0,0.0,0.0,0.0,1.0,0.0,0.0,0.0,0.0,0.0,0.0,0.0,1.0,1023.0,1023.0,0.0,1023.0,1023.0,1023.0,1023.0,1.0,185.0,185.0,0.0,185.0,185.0,185.0,185.0,1.0,0.0,0.0,0.0,0.0,0.0,0.0,0.0,1.0,0.0,0.0,0.0,0.0,0.0,0.0,0.0,1.0,0.0,0.0,0.0,0.0,0.0,0.0,0.0,1.0,0.0,0.0,0.0,0.0,0.0,0.0,0.0,1.0,0.0,0.0,0.0,0.0,0.0,0.0,0.0,1.0,0.0,0.0,0.0,0.0,0.0,0.0,0.0,1.0,0.0,0.0,0.0,0.0,0.0,0.0,0.0,1.0,0.015873015873015872,0.015873015873015872,0.0,0.015873015873015872,0.015873015873015872,0.015873015873015872,0.015873015873015872,1.0,2.0,2.0,0.0,2.0,2.0,2.0,2.0,1.0,0.021276595744680882,0.021276595744680882,0.0,0.021276595744680882,0.021276595744680882,0.021276595744680882,0.021276595744680882,1.0,0.5736842105263158,0.5736842105263158,0.0,0.5736842105263158,0.5736842105263158,0.5736842105263158,0.5736842105263158,1.0,0.8835978835978836,0.8835978835978836,0.0,0.8835978835978836,0.8835978835978836,0.8835978835978836,0.8835978835978836,1.0,0.9787234042553191,0.9787234042553191,0.0,0.9787234042553191,0.9787234042553191,0.9787234042553191,0.9787234042553191,1.0,1.0,1.0,0.0,1.0,1.0,1.0,1.0,1.0,0.11818312914834248,0.11818312914834248,0.0,0.11818312914834248,0.11818312914834248,0.11818312914834248,0.11818312914834248,0.0,,,,,,,,0.0,,,,,,,,1.0,0.512218963831867,0.512218963831867,0.0,0.512218963831867,0.512218963831867,0.512218963831867,0.512218963831867,1.0,0.07894736842105263,0.07894736842105263,0.0,0.07894736842105263,0.07894736842105263,0.07894736842105263,0.07894736842105263,0.0,,,,,,,,1.0,0.0,0.0,0.0,0.0,0.0,0.0,0.0,1.0,0.6649350649350649,0.6649350649350649,0.0,0.6649350649350649,0.6649350649350649,0.6649350649350649,0.6649350649350649,1.0,0.4258064516129032,0.4258064516129032,0.0,0.4258064516129032,0.4258064516129032,0.4258064516129032,0.4258064516129032,0.0,,,,,,,,1.0,0.0,0.0,0.0,0.0,0.0,0.0,0.0,1.0,0.0,0.0,0.0,0.0,0.0,0.0,0.0,1.0,0.0,0.0,0.0,0.0,0.0,0.0,0.0,1.0,0.0,0.0,0.0,0.0,0.0,0.0,0.0
SpatialSSRL_coldstart,340,2,2,0.0,0.0,0.0,0.0,0.0,0.0,0.0,0.0,0.0,0.0,0.0,0.0,0.0,0.0,0.0,0.0,0.0,0.0,0.0,0.0,0.0,0.0,2.0,1.0,0.0,0.0,0.0,0.0,0.0,0.0,0.0,0.0,0.0,0.0,0.0,0.0,0.0,0.0,2.0,1.0,0.0,0.0,0.0,0.0,0.0,0.0,0.0,0.0,2.0,0.0,0.0,0.0,0.0,0.0,0.0,0.0,2.0,0.0,0.0,0.0,0.0,0.0,0.0,0.0,2.0,108.5,108.5,20.506096654409877,94.0,123.0,101.25,115.75,2.0,0.0,0.0,0.0,0.0,0.0,0.0,0.0,2.0,0.0,0.0,0.0,0.0,0.0,0.0,0.0,2.0,570.0,570.0,53.74011537017761,532.0,608.0,551.0,589.0,2.0,104.5,104.5,16.263455967290593,93.0,116.0,98.75,110.25,2.0,0.0,0.0,0.0,0.0,0.0,0.0,0.0,2.0,0.0,0.0,0.0,0.0,0.0,0.0,0.0,2.0,0.0,0.0,0.0,0.0,0.0,0.0,0.0,2.0,0.0,0.0,0.0,0.0,0.0,0.0,0.0,2.0,0.0,0.0,0.0,0.0,0.0,0.0,0.0,2.0,0.0,0.0,0.0,0.0,0.0,0.0,0.0,2.0,0.0,0.0,0.0,0.0,0.0,0.0,0.0,2.0,0.036620835536753035,0.036620835536753035,0.006169889946894781,0.03225806451612903,0.040983606557377046,0.03443945002644103,0.038802221047065044,2.0,2.0,2.0,0.0,2.0,2.0,2.0,2.0,2.0,0.10721343873517786,0.10721343873517786,0.10550703948534448,0.03260869565217395,0.18181818181818177,0.0699110671936759,0.1445158102766798,2.0,0.4438678429337485,0.4438678429337485,0.06433803267672097,0.3983739837398374,0.48936170212765956,0.4211209133367929,0.46661477253070405,2.0,0.7500440683941477,0.7500440683941477,0.11018550935464627,0.6721311475409836,0.8279569892473119,0.7110876079675656,0.7890005288207298,2.0,0.8927865612648221,0.8927865612648221,0.10550703948534448,0.8181818181818182,0.967391304347826,0.8554841897233202,0.9300889328063241,2.0,0.9583333333333333,0.9583333333333333,0.05892556509887899,0.9166666666666666,1.0,0.9375,0.9791666666666666,2.0,0.1630778254459741,0.1630778254459741,0.039159606434879826,0.1353878021872742,0.19076784870467398,0.14923281381662415,0.17692283707532402,0.0,,,,,,,,0.0,,,,,,,,2.0,0.48983253588516745,0.48983253588516745,0.02235385415576064,0.474025974025974,0.5056390977443609,0.4819292549555707,0.4977358168147642,2.0,0.14231966787752984,0.14231966787752984,0.005687677793664487,0.13829787234042554,0.14634146341463414,0.1403087701089777,0.144330565646082,0.0,,,,,,,,2.0,0.0,0.0,0.0,0.0,0.0,0.0,0.0,2.0,0.6776767330130405,0.6776767330130405,0.03457883195575939,0.653225806451613,0.7021276595744681,0.6654512697323267,0.6899021962937544,2.0,0.403125,0.403125,0.09280776503073435,0.3375,0.46875,0.37031250000000004,0.4359375,2.0,0.6638083286856293,0.6638083286856293,0.014756039447516306,0.6533742331288344,0.6742424242424243,0.6585912809072318,0.6690253764640268,2.0,0.0,0.0,0.0,0.0,0.0,0.0,0.0,2.0,0.0,0.0,0.0,0.0,0.0,0.0,0.0,2.0,0.0,0.0,0.0,0.0,0.0,0.0,0.0,2.0,0.0,0.0,0.0,0.0,0.0,0.0,0.0
SpatialSSRL_coldstart,360,1,1,0.0,0.0,0.0,0.0,0.0,0.0,0.0,0.0,0.0,0.0,0.0,0.0,0.0,0.0,0.0,0.0,0.0,0.0,0.0,0.0,0.0,0.0,1.0,1.0,0.0,0.0,0.0,0.0,0.0,0.0,0.0,0.0,0.0,0.0,0.0,0.0,0.0,0.0,1.0,1.0,0.0,0.0,0.0,0.0,0.0,0.0,0.0,0.0,1.0,0.0,0.0,0.0,0.0,0.0,0.0,0.0,1.0,0.0,0.0,0.0,0.0,0.0,0.0,0.0,1.0,125.0,125.0,0.0,125.0,125.0,125.0,125.0,1.0,0.0,0.0,0.0,0.0,0.0,0.0,0.0,1.0,0.0,0.0,0.0,0.0,0.0,0.0,0.0,1.0,732.0,732.0,0.0,732.0,732.0,732.0,732.0,1.0,122.0,122.0,0.0,122.0,122.0,122.0,122.0,1.0,0.0,0.0,0.0,0.0,0.0,0.0,0.0,1.0,0.0,0.0,0.0,0.0,0.0,0.0,0.0,1.0,0.0,0.0,0.0,0.0,0.0,0.0,0.0,1.0,0.0,0.0,0.0,0.0,0.0,0.0,0.0,1.0,0.0,0.0,0.0,0.0,0.0,0.0,0.0,1.0,0.0,0.0,0.0,0.0,0.0,0.0,0.0,1.0,0.0,0.0,0.0,0.0,0.0,0.0,0.0,1.0,0.024193548387096774,0.024193548387096774,0.0,0.024193548387096774,0.024193548387096774,0.024193548387096774,0.024193548387096774,1.0,2.0,2.0,0.0,2.0,2.0,2.0,2.0,1.0,0.03252032520325199,0.03252032520325199,0.0,0.03252032520325199,0.03252032520325199,0.03252032520325199,0.03252032520325199,1.0,0.536,0.536,0.0,0.536,0.536,0.536,0.536,1.0,0.8548387096774194,0.8548387096774194,0.0,0.8548387096774194,0.8548387096774194,0.8548387096774194,0.8548387096774194,1.0,0.967479674796748,0.967479674796748,0.0,0.967479674796748,0.967479674796748,0.967479674796748,0.967479674796748,1.0,0.9918032786885246,0.9918032786885246,0.0,0.9918032786885246,0.9918032786885246,0.9918032786885246,0.9918032786885246,1.0,0.1357264130906777,0.1357264130906777,0.0,0.1357264130906777,0.1357264130906777,0.1357264130906777,0.1357264130906777,0.0,,,,,,,,0.0,,,,,,,,1.0,0.49453551912568305,0.49453551912568305,0.0,0.49453551912568305,0.49453551912568305,0.49453551912568305,0.49453551912568305,1.0,0.152,0.152,0.0,0.152,0.152,0.152,0.152,0.0,,,,,,,,1.0,0.0,0.0,0.0,0.0,0.0,0.0,0.0,1.0,0.6904761904761905,0.6904761904761905,0.0,0.6904761904761905,0.6904761904761905,0.6904761904761905,0.6904761904761905,1.0,0.4166666666666667,0.4166666666666667,0.0,0.4166666666666667,0.4166666666666667,0.4166666666666667,0.4166666666666667,0.0,,,,,,,,1.0,0.0,0.0,0.0,0.0,0.0,0.0,0.0,1.0,0.0,0.0,0.0,0.0,0.0,0.0,0.0,1.0,0.0,0.0,0.0,0.0,0.0,0.0,0.0,1.0,0.0,0.0,0.0,0.0,0.0,0.0,0.0
SpatialSSRL_coldstart,370,1,1,0.0,0.0,0.0,0.0,0.0,0.0,0.0,0.0,0.0,0.0,0.0,0.0,0.0,0.0,0.0,0.0,0.0,0.0,0.0,0.0,0.0,0.0,1.0,1.0,0.0,0.0,0.0,0.0,0.0,0.0,0.0,0.0,0.0,0.0,0.0,0.0,0.0,0.0,1.0,1.0,0.0,0.0,0.0,0.0,0.0,0.0,0.0,0.0,1.0,0.0,0.0,0.0,0.0,0.0,0.0,0.0,1.0,0.0,0.0,0.0,0.0,0.0,0.0,0.0,1.0,178.0,178.0,0.0,178.0,178.0,178.0,178.0,1.0,0.0,0.0,0.0,0.0,0.0,0.0,0.0,1.0,0.0,0.0,0.0,0.0,0.0,0.0,0.0,1.0,962.0,962.0,0.0,962.0,962.0,962.0,962.0,1.0,169.0,169.0,0.0,169.0,169.0,169.0,169.0,1.0,0.0,0.0,0.0,0.0,0.0,0.0,0.0,1.0,0.0,0.0,0.0,0.0,0.0,0.0,0.0,1.0,0.0,0.0,0.0,0.0,0.0,0.0,0.0,1.0,0.0,0.0,0.0,0.0,0.0,0.0,0.0,1.0,0.0,0.0,0.0,0.0,0.0,0.0,0.0,1.0,0.0,0.0,0.0,0.0,0.0,0.0,0.0,1.0,0.0,0.0,0.0,0.0,0.0,0.0,0.0,1.0,0.03954802259887006,0.03954802259887006,0.0,0.03954802259887006,0.03954802259887006,0.03954802259887006,0.03954802259887006,1.0,2.0,2.0,0.0,2.0,2.0,2.0,2.0,1.0,0.017045454545454586,0.017045454545454586,0.0,0.017045454545454586,0.017045454545454586,0.017045454545454586,0.017045454545454586,1.0,0.5056179775280899,0.5056179775280899,0.0,0.5056179775280899,0.5056179775280899,0.5056179775280899,0.5056179775280899,1.0,0.903954802259887,0.903954802259887,0.0,0.903954802259887,0.903954802259887,0.903954802259887,0.903954802259887,1.0,0.9829545454545454,0.9829545454545454,0.0,0.9829545454545454,0.9829545454545454,0.9829545454545454,0.9829545454545454,1.0,0.9942857142857143,0.9942857142857143,0.0,0.9942857142857143,0.9942857142857143,0.9942857142857143,0.9942857142857143,1.0,0.1337479076564489,0.1337479076564489,0.0,0.1337479076564489,0.1337479076564489,0.1337479076564489,0.1337479076564489,0.0,,,,,,,,0.0,,,,,,,,1.0,0.4864864864864865,0.4864864864864865,0.0,0.4864864864864865,0.4864864864864865,0.4864864864864865,0.4864864864864865,1.0,0.10112359550561797,0.10112359550561797,0.0,0.10112359550561797,0.10112359550561797,0.10112359550561797,0.10112359550561797,0.0,,,,,,,,1.0,0.0,0.0,0.0,0.0,0.0,0.0,0.0,1.0,0.672316384180791,0.672316384180791,0.0,0.672316384180791,0.672316384180791,0.672316384180791,0.672316384180791,1.0,0.4609375,0.4609375,0.0,0.4609375,0.4609375,0.4609375,0.4609375,0.0,,,,,,,,1.0,0.0,0.0,0.0,0.0,0.0,0.0,0.0,1.0,0.0,0.0,0.0,0.0,0.0,0.0,0.0,1.0,0.0,0.0,0.0,0.0,0.0,0.0,0.0,1.0,0.0,0.0,0.0,0.0,0.0,0.0,0.0
SpatialSSRL_coldstart,380,1,1,0.0,0.0,0.0,0.0,0.0,0.0,0.0,0.0,0.0,0.0,0.0,0.0,0.0,0.0,0.0,0.0,0.0,0.0,0.0,0.0,0.0,0.0,1.0,1.0,0.0,0.0,0.0,0.0,0.0,0.0,0.0,0.0,0.0,0.0,0.0,0.0,0.0,0.0,1.0,1.0,0.0,0.0,0.0,0.0,0.0,0.0,0.0,0.0,1.0,0.0,0.0,0.0,0.0,0.0,0.0,0.0,1.0,0.0,0.0,0.0,0.0,0.0,0.0,0.0,1.0,204.0,204.0,0.0,204.0,204.0,204.0,204.0,1.0,0.0,0.0,0.0,0.0,0.0,0.0,0.0,1.0,0.0,0.0,0.0,0.0,0.0,0.0,0.0,1.0,1086.0,1086.0,0.0,1086.0,1086.0,1086.0,1086.0,1.0,199.0,199.0,0.0,199.0,199.0,199.0,199.0,1.0,0.0,0.0,0.0,0.0,0.0,0.0,0.0,1.0,0.0,0.0,0.0,0.0,0.0,0.0,0.0,1.0,0.0,0.0,0.0,0.0,0.0,0.0,0.0,1.0,0.0,0.0,0.0,0.0,0.0,0.0,0.0,1.0,0.0,0.0,0.0,0.0,0.0,0.0,0.0,1.0,0.0,0.0,0.0,0.0,0.0,0.0,0.0,1.0,0.0,0.0,0.0,0.0,0.0,0.0,0.0,1.0,0.014778325123152709,0.014778325123152709,0.0,0.014778325123152709,0.014778325123152709,0.014778325123152709,0.014778325123152709,1.0,2.0,2.0,0.0,2.0,2.0,2.0,2.0,1.0,0.0643564356435643,0.0643564356435643,0.0,0.0643564356435643,0.0643564356435643,0.0643564356435643,0.0643564356435643,1.0,0.47058823529411764,0.47058823529411764,0.0,0.47058823529411764,0.47058823529411764,0.47058823529411764,0.47058823529411764,1.0,0.7881773399014779,0.7881773399014779,0.0,0.7881773399014779,0.7881773399014779,0.7881773399014779,0.7881773399014779,1.0,0.9356435643564357,0.9356435643564357,0.0,0.9356435643564357,0.9356435643564357,0.9356435643564357,0.9356435643564357,1.0,0.9751243781094527,0.9751243781094527,0.0,0.9751243781094527,0.9751243781094527,0.9751243781094527,0.9751243781094527,1.0,0.148027273850336,0.148027273850336,0.0,0.148027273850336,0.148027273850336,0.148027273850336,0.148027273850336,0.0,,,,,,,,0.0,,,,,,,,1.0,0.4594843462246777,0.4594843462246777,0.0,0.4594843462246777,0.4594843462246777,0.4594843462246777,0.4594843462246777,1.0,0.14705882352941177,0.14705882352941177,0.0,0.14705882352941177,0.14705882352941177,0.14705882352941177,0.14705882352941177,0.0,,,,,,,,1.0,0.0,0.0,0.0,0.0,0.0,0.0,0.0,1.0,0.6987951807228916,0.6987951807228916,0.0,0.6987951807228916,0.6987951807228916,0.6987951807228916,0.6987951807228916,1.0,0.42028985507246375,0.42028985507246375,0.0,0.42028985507246375,0.42028985507246375,0.42028985507246375,0.42028985507246375,0.0,,,,,,,,1.0,0.0,0.0,0.0,0.0,0.0,0.0,0.0,1.0,0.0,0.0,0.0,0.0,0.0,0.0,0.0,1.0,0.0,0.0,0.0,0.0,0.0,0.0,0.0,1.0,0.0,0.0,0.0,0.0,0.0,0.0,0.0
SpatialSSRL_coldstart,400,2,2,0.0,0.0,0.0,0.0,0.0,0.0,0.0,0.0,0.0,0.0,0.0,0.0,0.0,0.0,0.0,0.0,0.0,0.0,0.0,0.0,0.0,0.0,2.0,1.0,0.0,0.0,0.0,0.0,0.0,0.0,0.0,0.0,0.0,0.0,0.0,0.0,0.0,0.0,2.0,1.0,0.0,0.0,0.0,0.0,0.0,0.0,0.0,0.0,2.0,0.0,0.0,0.0,0.0,0.0,0.0,0.0,2.0,0.0,0.0,0.0,0.0,0.0,0.0,0.0,2.0,96.5,96.5,10.606601717798213,89.0,104.0,92.75,100.25,2.0,0.0,0.0,0.0,0.0,0.0,0.0,0.0,2.0,0.0,0.0,0.0,0.0,0.0,0.0,0.0,2.0,569.5,569.5,45.96194077712559,537.0,602.0,553.25,585.75,2.0,98.0,98.0,11.313708498984761,90.0,106.0,94.0,102.0,2.0,0.0,0.0,0.0,0.0,0.0,0.0,0.0,2.0,0.0,0.0,0.0,0.0,0.0,0.0,0.0,2.0,0.0,0.0,0.0,0.0,0.0,0.0,0.0,2.0,0.0,0.0,0.0,0.0,0.0,0.0,0.0,2.0,0.0,0.0,0.0,0.0,0.0,0.0,0.0,2.0,0.0,0.0,0.0,0.0,0.0,0.0,0.0,2.0,0.0,0.0,0.0,0.0,0.0,0.0,0.0,2.0,0.025099293909973522,0.025099293909973522,0.019425153190142357,0.011363636363636364,0.038834951456310676,0.01823146513680494,0.0319671226831421,2.0,2.0,2.0,0.0,2.0,2.0,2.0,2.0,2.0,0.020453008789722782,0.020453008789722782,0.012669594118623078,0.011494252873563204,0.02941176470588236,0.015973630831642993,0.02493238674780257,2.0,0.5830812445980985,0.5830812445980985,0.14469103755048843,0.4807692307692308,0.6853932584269663,0.5319252376836646,0.6342372515125324,2.0,0.9036297440423654,0.9036297440423654,0.055935079668000355,0.8640776699029126,0.9431818181818182,0.883853706972639,0.9234057811120918,2.0,0.9795469912102772,0.9795469912102772,0.012669594118623078,0.9705882352941176,0.9885057471264368,0.9750676132521974,0.9840263691683571,2.0,0.995049504950495,0.995049504950495,0.007001057239470774,0.9900990099009901,1.0,0.9925742574257426,0.9975247524752475,2.0,0.12042670635164496,0.12042670635164496,0.023706503744931436,0.10366367679537965,0.13718973590791025,0.1120451915735123,0.1288082211297776,0.0,,,,,,,,0.0,,,,,,,,2.0,0.535275468122711,0.535275468122711,0.052236237402272616,0.4983388704318937,0.5722120658135283,0.5168071692773023,0.5537437669681197,2.0,0.11306179775280899,0.11306179775280899,0.01688316752833049,0.10112359550561797,0.125,0.10709269662921347,0.1190308988764045,0.0,,,,,,,,2.0,0.0,0.0,0.0,0.0,0.0,0.0,0.0,2.0,0.6637271568210794,0.6637271568210794,0.09481181022709538,0.5966850828729282,0.7307692307692306,0.6302061198470038,0.697248193795155,2.0,0.45036055676672815,0.45036055676672815,0.0807546064041655,0.39325842696629215,0.5074626865671642,0.4218094918665102,0.4789116216669462,2.0,0.6264209051891846,0.6264209051891846,0.08888833261487315,0.5635673624288424,0.6892744479495267,0.5949941338090134,0.6578476765693557,2.0,0.0,0.0,0.0,0.0,0.0,0.0,0.0,2.0,0.0,0.0,0.0,0.0,0.0,0.0,0.0,2.0,0.0,0.0,0.0,0.0,0.0,0.0,0.0,2.0,0.0,0.0,0.0,0.0,0.0,0.0,0.0
SpatialSSRL_coldstart,410,1,1,0.0,0.0,0.0,0.0,0.0,0.0,0.0,0.0,0.0,0.0,0.0,0.0,0.0,0.0,0.0,0.0,0.0,0.0,0.0,0.0,0.0,0.0,1.0,1.0,0.0,0.0,0.0,0.0,0.0,0.0,0.0,0.0,0.0,0.0,0.0,0.0,0.0,0.0,1.0,1.0,0.0,0.0,0.0,0.0,0.0,0.0,0.0,0.0,1.0,0.0,0.0,0.0,0.0,0.0,0.0,0.0,1.0,0.0,0.0,0.0,0.0,0.0,0.0,0.0,1.0,177.0,177.0,0.0,177.0,177.0,177.0,177.0,1.0,0.0,0.0,0.0,0.0,0.0,0.0,0.0,1.0,0.0,0.0,0.0,0.0,0.0,0.0,0.0,1.0,950.0,950.0,0.0,950.0,950.0,950.0,950.0,1.0,177.0,177.0,0.0,177.0,177.0,177.0,177.0,1.0,0.0,0.0,0.0,0.0,0.0,0.0,0.0,1.0,0.0,0.0,0.0,0.0,0.0,0.0,0.0,1.0,0.0,0.0,0.0,0.0,0.0,0.0,0.0,1.0,0.0,0.0,0.0,0.0,0.0,0.0,0.0,1.0,0.0,0.0,0.0,0.0,0.0,0.0,0.0,1.0,0.0,0.0,0.0,0.0,0.0,0.0,0.0,1.0,0.0,0.0,0.0,0.0,0.0,0.0,0.0,1.0,0.045454545454545456,0.045454545454545456,0.0,0.045454545454545456,0.045454545454545456,0.045454545454545456,0.045454545454545456,1.0,2.0,2.0,0.0,2.0,2.0,2.0,2.0,1.0,0.040000000000000036,0.040000000000000036,0.0,0.040000000000000036,0.040000000000000036,0.040000000000000036,0.040000000000000036,1.0,0.4915254237288136,0.4915254237288136,0.0,0.4915254237288136,0.4915254237288136,0.4915254237288136,0.4915254237288136,1.0,0.8352272727272727,0.8352272727272727,0.0,0.8352272727272727,0.8352272727272727,0.8352272727272727,0.8352272727272727,1.0,0.96,0.96,0.0,0.96,0.96,0.96,0.96,1.0,0.9942528735632183,0.9942528735632183,0.0,0.9942528735632183,0.9942528735632183,0.9942528735632183,0.9942528735632183,1.0,0.15371318898169928,0.15371318898169928,0.0,0.15371318898169928,0.15371318898169928,0.15371318898169928,0.15371318898169928,0.0,,,,,,,,0.0,,,,,,,,1.0,0.4557894736842105,0.4557894736842105,0.0,0.4557894736842105,0.4557894736842105,0.4557894736842105,0.4557894736842105,1.0,0.14689265536723164,0.14689265536723164,0.0,0.14689265536723164,0.14689265536723164,0.14689265536723164,0.14689265536723164,0.0,,,,,,,,1.0,0.0,0.0,0.0,0.0,0.0,0.0,0.0,1.0,0.6666666666666667,0.6666666666666667,0.0,0.6666666666666667,0.6666666666666667,0.6666666666666667,0.6666666666666667,1.0,0.40310077519379844,0.40310077519379844,0.0,0.40310077519379844,0.40310077519379844,0.40310077519379844,0.40310077519379844,0.0,,,,,,,,1.0,0.0,0.0,0.0,0.0,0.0,0.0,0.0,1.0,0.0,0.0,0.0,0.0,0.0,0.0,0.0,1.0,0.0,0.0,0.0,0.0,0.0,0.0,0.0,1.0,0.0,0.0,0.0,0.0,0.0,0.0,0.0
SpatialSSRL_coldstart,440,1,1,0.0,0.0,0.0,0.0,0.0,0.0,0.0,0.0,0.0,0.0,0.0,0.0,0.0,0.0,0.0,0.0,0.0,0.0,0.0,0.0,0.0,0.0,1.0,1.0,0.0,0.0,0.0,0.0,0.0,0.0,0.0,0.0,0.0,0.0,0.0,0.0,0.0,0.0,1.0,1.0,0.0,0.0,0.0,0.0,0.0,0.0,0.0,0.0,1.0,0.0,0.0,0.0,0.0,0.0,0.0,0.0,1.0,0.0,0.0,0.0,0.0,0.0,0.0,0.0,1.0,137.0,137.0,0.0,137.0,137.0,137.0,137.0,1.0,0.0,0.0,0.0,0.0,0.0,0.0,0.0,1.0,0.0,0.0,0.0,0.0,0.0,0.0,0.0,1.0,768.0,768.0,0.0,768.0,768.0,768.0,768.0,1.0,134.0,134.0,0.0,134.0,134.0,134.0,134.0,1.0,0.0,0.0,0.0,0.0,0.0,0.0,0.0,1.0,0.0,0.0,0.0,0.0,0.0,0.0,0.0,1.0,0.0,0.0,0.0,0.0,0.0,0.0,0.0,1.0,0.0,0.0,0.0,0.0,0.0,0.0,0.0,1.0,0.0,0.0,0.0,0.0,0.0,0.0,0.0,1.0,0.0,0.0,0.0,0.0,0.0,0.0,0.0,1.0,0.0,0.0,0.0,0.0,0.0,0.0,0.0,1.0,0.007352941176470588,0.007352941176470588,0.0,0.007352941176470588,0.007352941176470588,0.007352941176470588,0.007352941176470588,1.0,2.0,2.0,0.0,2.0,2.0,2.0,2.0,1.0,0.059259259259259234,0.059259259259259234,0.0,0.059259259259259234,0.059259259259259234,0.059259259259259234,0.059259259259259234,1.0,0.5109489051094891,0.5109489051094891,0.0,0.5109489051094891,0.5109489051094891,0.5109489051094891,0.5109489051094891,1.0,0.8235294117647058,0.8235294117647058,0.0,0.8235294117647058,0.8235294117647058,0.8235294117647058,0.8235294117647058,1.0,0.9407407407407408,0.9407407407407408,0.0,0.9407407407407408,0.9407407407407408,0.9407407407407408,0.9407407407407408,1.0,0.9925373134328358,0.9925373134328358,0.0,0.9925373134328358,0.9925373134328358,0.9925373134328358,0.9925373134328358,1.0,0.14054028000383118,0.14054028000383118,0.0,0.14054028000383118,0.14054028000383118,0.14054028000383118,0.14054028000383118,0.0,,,,,,,,0.0,,,,,,,,1.0,0.4592875318066158,0.4592875318066158,0.0,0.4592875318066158,0.4592875318066158,0.4592875318066158,0.4592875318066158,1.0,0.11678832116788321,0.11678832116788321,0.0,0.11678832116788321,0.11678832116788321,0.11678832116788321,0.11678832116788321,0.0,,,,,,,,1.0,0.0,0.0,0.0,0.0,0.0,0.0,0.0,1.0,0.6810035842293908,0.6810035842293908,0.0,0.6810035842293908,0.6810035842293908,0.6810035842293908,0.6810035842293908,1.0,0.4056603773584906,0.4056603773584906,0.0,0.4056603773584906,0.4056603773584906,0.4056603773584906,0.4056603773584906,0.0,,,,,,,,1.0,0.0,0.0,0.0,0.0,0.0,0.0,0.0,1.0,0.0,0.0,0.0,0.0,0.0,0.0,0.0,1.0,0.0,0.0,0.0,0.0,0.0,0.0,0.0,1.0,0.0,0.0,0.0,0.0,0.0,0.0,0.0
SpatialSSRL_coldstart,450,2,2,0.0,0.0,0.0,0.0,0.0,0.0,0.0,0.0,0.0,0.0,0.0,0.0,0.0,0.0,0.0,0.0,0.0,0.0,0.0,0.0,0.0,0.0,2.0,1.0,0.0,0.0,0.0,0.0,0.0,0.0,0.0,0.0,0.0,0.0,0.0,0.0,0.0,0.0,2.0,1.0,0.0,0.0,0.0,0.0,0.0,0.0,0.0,0.0,2.0,0.0,0.0,0.0,0.0,0.0,0.0,0.0,2.0,0.0,0.0,0.0,0.0,0.0,0.0,0.0,2.0,165.0,165.0,56.568542494923804,125.0,205.0,145.0,185.0,2.0,0.0,0.0,0.0,0.0,0.0,0.0,0.0,2.0,0.0,0.0,0.0,0.0,0.0,0.0,0.0,2.0,914.5,914.5,300.5203820042827,702.0,1127.0,808.25,1020.75,2.0,164.5,164.5,54.44722215136416,126.0,203.0,145.25,183.75,2.0,0.0,0.0,0.0,0.0,0.0,0.0,0.0,2.0,0.0,0.0,0.0,0.0,0.0,0.0,0.0,2.0,0.0,0.0,0.0,0.0,0.0,0.0,0.0,2.0,0.0,0.0,0.0,0.0,0.0,0.0,0.0,2.0,0.0,0.0,0.0,0.0,0.0,0.0,0.0,2.0,0.0,0.0,0.0,0.0,0.0,0.0,0.0,2.0,0.0,0.0,0.0,0.0,0.0,0.0,0.0,2.0,0.016998734977862112,0.016998734977862112,0.010175002702083463,0.00980392156862745,0.024193548387096774,0.013401328273244782,0.020596141682479443,2.0,2.0,2.0,0.0,2.0,2.0,2.0,2.0,2.0,0.015519243862389343,0.015519243862389343,0.0010478173296448467,0.014778325123152691,0.016260162601625994,0.015148784492771017,0.015889703232007668,2.0,0.5378536585365854,0.5378536585365854,0.00869223945653708,0.5317073170731708,0.544,0.5347804878048781,0.5409268292682927,2.0,0.8962681846932321,0.8962681846932321,0.0357802292820517,0.8709677419354839,0.9215686274509803,0.8836179633143579,0.9089184060721063,2.0,0.9844807561376107,0.9844807561376107,0.0010478173296448467,0.983739837398374,0.9852216748768473,0.9841102967679923,0.984851215507229,2.0,0.9975247524752475,0.9975247524752475,0.003500528619735387,0.995049504950495,1.0,0.9962871287128713,0.9987623762376238,2.0,0.12591742778375384,0.12591742778375384,0.009721216045949131,0.11904348999628374,0.13279136557122395,0.1224804588900188,0.1293543966774889,0.0,,,,,,,,0.0,,,,,,,,2.0,0.5004209041476122,0.5004209041476122,0.017535694753335048,0.4880212954747116,0.5128205128205128,0.4942210998111619,0.5066207084840625,2.0,0.14546341463414633,0.14546341463414633,0.08844008716889307,0.08292682926829269,0.208,0.11419512195121952,0.17673170731707316,0.0,,,,,,,,2.0,0.0,0.0,0.0,0.0,0.0,0.0,0.0,2.0,0.5885547201336676,0.5885547201336676,0.08801913984694698,0.5263157894736843,0.6507936507936508,0.557435254803676,0.6196741854636592,2.0,0.3527596032081047,0.3527596032081047,0.09152242160461169,0.28804347826086957,0.4174757281553398,0.3204015407344871,0.38511766568172223,0.0,,,,,,,,2.0,0.0,0.0,0.0,0.0,0.0,0.0,0.0,2.0,0.0,0.0,0.0,0.0,0.0,0.0,0.0,2.0,0.0,0.0,0.0,0.0,0.0,0.0,0.0,2.0,0.0,0.0,0.0,0.0,0.0,0.0,0.0
SpatialSSRL_coldstart,490,3,3,0.0,0.0,0.0,0.0,0.0,0.0,0.0,0.0,0.0,0.0,0.0,0.0,0.0,0.0,0.0,0.0,0.0,0.0,0.0,0.0,0.0,0.0,3.0,1.0,0.0,0.0,0.0,0.0,0.0,0.0,0.0,0.0,0.0,0.0,0.0,0.0,0.0,0.0,3.0,1.0,0.0,0.0,0.0,0.0,0.0,0.0,0.0,0.0,3.0,0.0,0.0,0.0,0.0,0.0,0.0,0.0,3.0,0.0,0.0,0.0,0.0,0.0,0.0,0.0,3.0,130.66666666666666,129.0,42.524502740576914,89.0,174.0,109.0,151.5,3.0,0.0,0.0,0.0,0.0,0.0,0.0,0.0,3.0,0.0,0.0,0.0,0.0,0.0,0.0,0.0,3.0,722.0,726.0,234.0256396209612,486.0,954.0,606.0,840.0,3.0,131.66666666666666,129.0,42.06344414492629,91.0,175.0,110.0,152.0,3.0,0.0,0.0,0.0,0.0,0.0,0.0,0.0,3.0,0.0,0.0,0.0,0.0,0.0,0.0,0.0,3.0,0.0,0.0,0.0,0.0,0.0,0.0,0.0,3.0,0.0,0.0,0.0,0.0,0.0,0.0,0.0,3.0,0.0,0.0,0.0,0.0,0.0,0.0,0.0,3.0,0.0,0.0,0.0,0.0,0.0,0.0,0.0,3.0,0.0,0.0,0.0,0.0,0.0,0.0,0.0,3.0,0.016703341215624456,0.015625,0.005952586959031189,0.011363636363636364,0.023121387283236993,0.013494318181818182,0.0193731936416185,3.0,2.0,2.0,0.0,2.0,2.0,2.0,2.0,3.0,0.02349996948055914,0.023255813953488413,0.023622993564391497,0.0,0.047244094488189003,0.011627906976744207,0.03524995422083871,3.0,0.5425305377099797,0.5402298850574713,0.06309217678313794,0.4806201550387597,0.6067415730337079,0.5104250200481155,0.5734857290455896,3.0,0.8858053074093536,0.9017341040462428,0.0667812048599827,0.8125,0.9431818181818182,0.8571170520231214,0.9224579611140304,3.0,0.9765000305194409,0.9767441860465116,0.023622993564391494,0.952755905511811,1.0,0.9647500457791613,0.9883720930232558,3.0,0.9973544973544973,1.0,0.004582144993568442,0.9920634920634921,1.0,0.996031746031746,1.0,3.0,0.12508648112069432,0.13247267855426795,0.019660789632583605,0.1028022631643106,0.13998450164350437,0.11763747085928927,0.13622859009888616,0.0,,,,,,,,0.0,,,,,,,,3.0,0.515437743228159,0.5020964360587002,0.05524498861088468,0.46808510638297873,0.5761316872427984,0.4850907712208395,0.5391140616507493,3.0,0.14442702435908603,0.1348314606741573,0.01932031646501237,0.13178294573643412,0.16666666666666666,0.1333072032052957,0.15074906367041196,0.0,,,,,,,,3.0,0.0,0.0,0.0,0.0,0.0,0.0,0.0,3.0,0.6626379375373594,0.6821705426356589,0.041911760879644724,0.6145251396648045,0.6912181303116147,0.6483478411502317,0.6866943364736369,3.0,0.4170309025381489,0.4074074074074074,0.03165512043708578,0.391304347826087,0.4523809523809524,0.3993558776167472,0.4298941798941799,1.0,0.6566265060240963,0.6566265060240963,0.0,0.6566265060240963,0.6566265060240963,0.6566265060240963,0.6566265060240963,3.0,0.0,0.0,0.0,0.0,0.0,0.0,0.0,3.0,0.0,0.0,0.0,0.0,0.0,0.0,0.0,3.0,0.0,0.0,0.0,0.0,0.0,0.0,0.0,3.0,0.0,0.0,0.0,0.0,0.0,0.0,0.0
SpatialSSRL_coldstart,500,1,1,0.0,0.0,0.0,0.0,0.0,0.0,0.0,0.0,0.0,0.0,0.0,0.0,0.0,0.0,0.0,0.0,0.0,0.0,0.0,0.0,0.0,0.0,1.0,1.0,0.0,0.0,0.0,0.0,0.0,0.0,0.0,0.0,0.0,0.0,0.0,0.0,0.0,0.0,1.0,1.0,0.0,0.0,0.0,0.0,0.0,0.0,0.0,0.0,1.0,0.0,0.0,0.0,0.0,0.0,0.0,0.0,1.0,0.0,0.0,0.0,0.0,0.0,0.0,0.0,1.0,117.0,117.0,0.0,117.0,117.0,117.0,117.0,1.0,0.0,0.0,0.0,0.0,0.0,0.0,0.0,1.0,0.0,0.0,0.0,0.0,0.0,0.0,0.0,1.0,605.0,605.0,0.0,605.0,605.0,605.0,605.0,1.0,114.0,114.0,0.0,114.0,114.0,114.0,114.0,1.0,0.0,0.0,0.0,0.0,0.0,0.0,0.0,1.0,0.0,0.0,0.0,0.0,0.0,0.0,0.0,1.0,0.0,0.0,0.0,0.0,0.0,0.0,0.0,1.0,0.0,0.0,0.0,0.0,0.0,0.0,0.0,1.0,0.0,0.0,0.0,0.0,0.0,0.0,0.0,1.0,0.0,0.0,0.0,0.0,0.0,0.0,0.0,1.0,0.0,0.0,0.0,0.0,0.0,0.0,0.0,1.0,0.05172413793103448,0.05172413793103448,0.0,0.05172413793103448,0.05172413793103448,0.05172413793103448,0.05172413793103448,1.0,2.0,2.0,0.0,2.0,2.0,2.0,2.0,1.0,0.02608695652173909,0.02608695652173909,0.0,0.02608695652173909,0.02608695652173909,0.02608695652173909,0.02608695652173909,1.0,0.5042735042735043,0.5042735042735043,0.0,0.5042735042735043,0.5042735042735043,0.5042735042735043,0.5042735042735043,1.0,0.8706896551724138,0.8706896551724138,0.0,0.8706896551724138,0.8706896551724138,0.8706896551724138,0.8706896551724138,1.0,0.9739130434782609,0.9739130434782609,0.0,0.9739130434782609,0.9739130434782609,0.9739130434782609,0.9739130434782609,1.0,0.9912280701754386,0.9912280701754386,0.0,0.9912280701754386,0.9912280701754386,0.9912280701754386,0.9912280701754386,1.0,0.13389823842052273,0.13389823842052273,0.0,0.13389823842052273,0.13389823842052273,0.13389823842052273,0.13389823842052273,0.0,,,,,,,,0.0,,,,,,,,1.0,0.5371900826446281,0.5371900826446281,0.0,0.5371900826446281,0.5371900826446281,0.5371900826446281,0.5371900826446281,1.0,0.1282051282051282,0.1282051282051282,0.0,0.1282051282051282,0.1282051282051282,0.1282051282051282,0.1282051282051282,0.0,,,,,,,,1.0,0.0,0.0,0.0,0.0,0.0,0.0,0.0,1.0,0.5982905982905983,0.5982905982905983,0.0,0.5982905982905983,0.5982905982905983,0.5982905982905983,0.5982905982905983,1.0,0.391304347826087,0.391304347826087,0.0,0.391304347826087,0.391304347826087,0.391304347826087,0.391304347826087,1.0,0.6359300476947536,0.6359300476947536,0.0,0.6359300476947536,0.6359300476947536,0.6359300476947536,0.6359300476947536,1.0,0.0,0.0,0.0,0.0,0.0,0.0,0.0,1.0,0.0,0.0,0.0,0.0,0.0,0.0,0.0,1.0,0.0,0.0,0.0,0.0,0.0,0.0,0.0,1.0,0.0,0.0,0.0,0.0,0.0,0.0,0.0
