step,n,n_unique_questions,canonical_format_count,canonical_format_fraction,usable_format_count,usable_format_fraction,has_complete_think_pair_count,has_complete_think_pair_fraction,has_complete_answer_pair_count,has_complete_answer_pair_fraction,has_both_tag_pairs_count,has_both_tag_pairs_fraction,think_is_empty_count,think_is_empty_fraction,answer_is_empty_count,answer_is_empty_fraction,malformed_tags_count,malformed_tags_fraction,prediction_empty_count,prediction_empty_fraction,extremely_short_reasoning_count,extremely_short_reasoning_fraction,extremely_long_reasoning_count,extremely_long_reasoning_fraction,empty_final_answer_count,empty_final_answer_fraction,length_explosion_count,length_explosion_fraction,length_collapse_count,length_collapse_fraction,very_high_token_repetition_count,very_high_token_repetition_fraction,very_high_ngram_repetition_count,very_high_ngram_repetition_fraction,exact_match_count,exact_match_fraction,case_insensitive_exact_match_count,case_insensitive_exact_match_fraction,normalized_exact_match_count,normalized_exact_match_fraction,annotation_found_count,annotation_found_fraction,answer_inside_think_count,answer_inside_think_fraction,think_after_answer_count,think_after_answer_fraction,text_after_answer_nonempty_count,text_after_answer_nonempty_fraction,same_as_previous_prediction_count,same_as_previous_prediction_fraction,tag_presence_score_n,tag_presence_score_mean,tag_presence_score_median,tag_presence_score_std,tag_presence_score_min,tag_presence_score_max,tag_presence_score_p25,tag_presence_score_p75,tag_pair_score_n,tag_pair_score_mean,tag_pair_score_median,tag_pair_score_std,tag_pair_score_min,tag_pair_score_max,tag_pair_score_p25,tag_pair_score_p75,token_count_n,token_count_mean,token_count_median,token_count_std,token_count_min,token_count_max,token_count_p25,token_count_p75,think_token_count_n,think_token_count_mean,think_token_count_median,think_token_count_std,think_token_count_min,think_token_count_max,think_token_count_p25,think_token_count_p75,answer_token_count_n,answer_token_count_mean,answer_token_count_median,answer_token_count_std,answer_token_count_min,answer_token_count_max,answer_token_count_p25,answer_token_count_p75,char_count_n,char_count_mean,char_count_median,char_count_std,char_count_min,char_count_max,char_count_p25,char_count_p75,word_count_n,word_count_mean,word_count_median,word_count_std,word_count_min,word_count_max,word_count_p25,word_count_p75,think_char_count_n,think_char_count_mean,think_char_count_median,think_char_count_std,think_char_count_min,think_char_count_max,think_char_count_p25,think_char_count_p75,answer_char_count_n,answer_char_count_mean,answer_char_count_median,answer_char_count_std,answer_char_count_min,answer_char_count_max,answer_char_count_p25,answer_char_count_p75,think_word_count_n,think_word_count_mean,think_word_count_median,think_word_count_std,think_word_count_min,think_word_count_max,think_word_count_p25,think_word_count_p75,answer_word_count_n,answer_word_count_mean,answer_word_count_median,answer_word_count_std,answer_word_count_min,answer_word_count_max,answer_word_count_p25,answer_word_count_p75,think_token_fraction_n,think_token_fraction_mean,think_token_fraction_median,think_token_fraction_std,think_token_fraction_min,think_token_fraction_max,think_token_fraction_p25,think_token_fraction_p75,answer_token_fraction_n,answer_token_fraction_mean,answer_token_fraction_median,answer_token_fraction_std,answer_token_fraction_min,answer_token_fraction_max,answer_token_fraction_p25,answer_token_fraction_p75,think_over_answer_tokens_n,think_over_answer_tokens_mean,think_over_answer_tokens_median,think_over_answer_tokens_std,think_over_answer_tokens_min,think_over_answer_tokens_max,think_over_answer_tokens_p25,think_over_answer_tokens_p75,adjacent_identical_fraction_n,adjacent_identical_fraction_mean,adjacent_identical_fraction_median,adjacent_identical_fraction_std,adjacent_identical_fraction_min,adjacent_identical_fraction_max,adjacent_identical_fraction_p25,adjacent_identical_fraction_p75,max_identical_token_run_n,max_identical_token_run_mean,max_identical_token_run_median,max_identical_token_run_std,max_identical_token_run_min,max_identical_token_run_max,max_identical_token_run_p25,max_identical_token_run_p75,ngram3_repeated_fraction_n,ngram3_repeated_fraction_mean,ngram3_repeated_fraction_median,ngram3_repeated_fraction_std,ngram3_repeated_fraction_min,ngram3_repeated_fraction_max,ngram3_repeated_fraction_p25,ngram3_repeated_fraction_p75,distinct_1_n,distinct_1_mean,distinct_1_median,distinct_1_std,distinct_1_min,distinct_1_max,distinct_1_p25,distinct_1_p75,distinct_2_n,distinct_2_mean,distinct_2_median,distinct_2_std,distinct_2_min,distinct_2_max,distinct_2_p25,distinct_2_p75,distinct_3_n,distinct_3_mean,distinct_3_median,distinct_3_std,distinct_3_min,distinct_3_max,distinct_3_p25,distinct_3_p75,distinct_4_n,distinct_4_mean,distinct_4_median,distinct_4_std,distinct_4_min,distinct_4_max,distinct_4_p25,distinct_4_p75,repetition_score_n,repetition_score_mean,repetition_score_median,repetition_score_std,repetition_score_min,repetition_score_max,repetition_score_p25,repetition_score_p75,think_repetition_score_n,think_repetition_score_mean,think_repetition_score_median,think_repetition_score_std,think_repetition_score_min,think_repetition_score_max,think_repetition_score_p25,think_repetition_score_p75,answer_repetition_score_n,answer_repetition_score_mean,answer_repetition_score_median,answer_repetition_score_std,answer_repetition_score_min,answer_repetition_score_max,answer_repetition_score_p25,answer_repetition_score_p75,compression_ratio_n,compression_ratio_mean,compression_ratio_median,compression_ratio_std,compression_ratio_min,compression_ratio_max,compression_ratio_p25,compression_ratio_p75,most_common_token_fraction_n,most_common_token_fraction_mean,most_common_token_fraction_median,most_common_token_fraction_std,most_common_token_fraction_min,most_common_token_fraction_max,most_common_token_fraction_p25,most_common_token_fraction_p75,think_type_token_ratio_n,think_type_token_ratio_mean,think_type_token_ratio_median,think_type_token_ratio_std,think_type_token_ratio_min,think_type_token_ratio_max,think_type_token_ratio_p25,think_type_token_ratio_p75,think_unique_token_count_n,think_unique_token_count_mean,think_unique_token_count_median,think_unique_token_count_std,think_unique_token_count_min,think_unique_token_count_max,think_unique_token_count_p25,think_unique_token_count_p75,token_f1_n,token_f1_mean,token_f1_median,token_f1_std,token_f1_min,token_f1_max,token_f1_p25,token_f1_p75,jaccard_n,jaccard_mean,jaccard_median,jaccard_std,jaccard_min,jaccard_max,jaccard_p25,jaccard_p75,normalized_levenshtein_n,normalized_levenshtein_mean,normalized_levenshtein_median,normalized_levenshtein_std,normalized_levenshtein_min,normalized_levenshtein_max,normalized_levenshtein_p25,normalized_levenshtein_p75,pred_minus_gt_think_tokens_n,pred_minus_gt_think_tokens_mean,pred_minus_gt_think_tokens_median,pred_minus_gt_think_tokens_std,pred_minus_gt_think_tokens_min,pred_minus_gt_think_tokens_max,pred_minus_gt_think_tokens_p25,pred_minus_gt_think_tokens_p75,pred_minus_gt_answer_tokens_n,pred_minus_gt_answer_tokens_mean,pred_minus_gt_answer_tokens_median,pred_minus_gt_answer_tokens_std,pred_minus_gt_answer_tokens_min,pred_minus_gt_answer_tokens_max,pred_minus_gt_answer_tokens_p25,pred_minus_gt_answer_tokens_p75,pred_over_gt_think_tokens_n,pred_over_gt_think_tokens_mean,pred_over_gt_think_tokens_median,pred_over_gt_think_tokens_std,pred_over_gt_think_tokens_min,pred_over_gt_think_tokens_max,pred_over_gt_think_tokens_p25,pred_over_gt_think_tokens_p75,pred_over_gt_answer_tokens_n,pred_over_gt_answer_tokens_mean,pred_over_gt_answer_tokens_median,pred_over_gt_answer_tokens_std,pred_over_gt_answer_tokens_min,pred_over_gt_answer_tokens_max,pred_over_gt_answer_tokens_p25,pred_over_gt_answer_tokens_p75
10,8,8,0.0,0.0,0.0,0.0,0.0,0.0,4.0,0.5,0.0,0.0,0.0,0.0,0.0,0.0,7.0,0.875,0.0,0.0,0.0,0.0,0.0,0.0,4.0,0.5,0.0,0.0,0.0,0.0,0.0,0.0,0.0,0.0,3.0,0.375,3.0,0.375,3.0,0.375,8.0,1.0,0.0,0.0,0.0,0.0,0.0,0.0,0.0,0.0,8.0,0.46875,0.5,0.31160586368955623,0.0,0.75,0.25,0.75,8.0,0.25,0.25,0.2672612419124244,0.0,0.5,0.0,0.5,8.0,373.75,277.5,234.4816471648535,226.0,923.0,252.25,358.75,8.0,0.0,0.0,0.0,0.0,0.0,0.0,0.0,8.0,41.5,1.0,113.7566324597007,0.0,323.0,0.0,2.75,8.0,2020.5,1548.0,1106.226145828368,1328.0,4581.0,1445.75,1963.5,8.0,376.5,282.5,233.86442959238462,229.0,925.0,254.25,361.5,8.0,0.0,0.0,0.0,0.0,0.0,0.0,0.0,8.0,223.875,3.0,616.3270090973275,0.0,1749.0,0.0,12.0,8.0,0.0,0.0,0.0,0.0,0.0,0.0,0.0,8.0,41.75,1.0,114.46365611594176,0.0,325.0,0.0,2.75,8.0,0.0,0.0,0.0,0.0,0.0,0.0,0.0,8.0,0.12907904188184563,0.0037593984962406013,0.35195894666391636,0.0,1.0,0.0,0.010184634515570935,8.0,0.0,0.0,0.0,0.0,0.0,0.0,0.0,8.0,0.02127337156459089,0.021527777777777778,0.009314502657511286,0.006211180124223602,0.034722222222222224,0.01676980987622815,0.026902008520998173,8.0,2.125,2.0,0.3535533905932738,2.0,3.0,2.0,2.0,8.0,0.07708489520512947,0.04810257606461299,0.08725160504738841,0.006230529595015577,0.250814332247557,0.022563230732522033,0.08609144088669951,8.0,0.4419192985416943,0.47214604660511994,0.10223358604386579,0.24160346695557963,0.55859375,0.4098854874852824,0.5016585581601061,8.0,0.7999963781067818,0.8378472222222222,0.11746476906521373,0.5704989154013015,0.8981132075471698,0.7749462365591397,0.8845907928388747,8.0,0.9229151047948706,0.951897423935387,0.08725160504738841,0.749185667752443,0.9937694704049844,0.9139085591133005,0.9774367692674779,8.0,0.9623921050133891,0.9867044719985897,0.054525397233632415,0.8510869565217392,1.0,0.9594257571501903,0.9940711462450593,8.0,0.16184546030695834,0.15061846656149872,0.04014819446287137,0.1275804638482136,0.23626129083993883,0.13107439059738493,0.17230828739948037,0.0,,,,,,,,4.0,-0.1309652533098712,-0.17142857142857146,0.21651087185499168,-0.3095238095238096,0.1285199391414677,-0.3095238095238096,0.007129984785366937,8.0,0.41674991114149806,0.4399351356057638,0.05794111445822896,0.3152150185549007,0.4718875502008032,0.37779692322327735,0.45989094518234663,8.0,0.1356062534788276,0.13190010662487314,0.03418449848738241,0.08984375,0.19313304721030042,0.11113513873178521,0.15589866052851578,0.0,,,,,,,,8.0,0.0,0.0,0.0,0.0,0.0,0.0,0.0,8.0,0.4236652184195507,0.1599411517444304,0.4812161168172922,0.01840490797546012,1.0,0.02755778830705923,1.0,8.0,0.4210023315547108,0.1369672131147541,0.4816917546829105,0.0196078431372549,1.0,0.03725263614040156,1.0,8.0,0.40612593147002796,0.10764090807425636,0.49351869018223943,0.009877085162423138,1.0,0.01266296536163214,1.0,8.0,-369.75,-274.5,244.80706689146047,-938.0,-206.0,-360.5,-242.75,8.0,31.625,-3.5,117.0444817763132,-32.0,320.0,-12.0,0.0,8.0,0.0,0.0,0.0,0.0,0.0,0.0,0.0,8.0,13.833333333333334,0.5,37.91762165202391,0.0,107.66666666666667,0.0,1.0
20,8,8,0.0,0.0,0.0,0.0,0.0,0.0,2.0,0.25,0.0,0.0,0.0,0.0,0.0,0.0,6.0,0.75,0.0,0.0,0.0,0.0,0.0,0.0,6.0,0.75,0.0,0.0,0.0,0.0,0.0,0.0,0.0,0.0,1.0,0.125,1.0,0.125,1.0,0.125,8.0,1.0,0.0,0.0,0.0,0.0,0.0,0.0,0.0,0.0,8.0,0.3125,0.25,0.2912411862553588,0.0,0.75,0.1875,0.375,8.0,0.125,0.0,0.23145502494313785,0.0,0.5,0.0,0.125,8.0,317.25,302.0,136.17609397918775,87.0,552.0,267.5,377.25,8.0,0.0,0.0,0.0,0.0,0.0,0.0,0.0,8.0,0.5,0.0,0.9258200997725514,0.0,2.0,0.0,0.5,8.0,1700.125,1582.5,725.5170446949246,467.0,2893.0,1423.25,2067.75,8.0,319.625,304.5,135.9211299667148,88.0,556.0,273.5,380.0,8.0,0.0,0.0,0.0,0.0,0.0,0.0,0.0,8.0,1.375,0.0,2.559994419636775,0.0,6.0,0.0,1.25,8.0,0.0,0.0,0.0,0.0,0.0,0.0,0.0,8.0,0.375,0.0,0.7440238091428449,0.0,2.0,0.0,0.25,8.0,0.0,0.0,0.0,0.0,0.0,0.0,0.0,8.0,0.0015220385674931131,0.0,0.002835181697597263,0.0,0.006666666666666667,0.0,0.0013774104683195593,8.0,0.0,0.0,0.0,0.0,0.0,0.0,0.0,8.0,0.01882519397275214,0.024409859847404233,0.011651138118486943,0.0,0.0297029702970297,0.008264078392458447,0.0278781365788051,8.0,2.125,2.0,0.6408699444616557,1.0,3.0,2.0,2.25,8.0,0.07336405380457621,0.08236869622644971,0.03712549805227583,0.0117647058823529,0.11913357400722024,0.05420105327381908,0.09733766233766233,8.0,0.42445944178410044,0.41751279024006294,0.07316440207537911,0.30978260869565216,0.5172413793103449,0.39194255800792305,0.48790057224606576,8.0,0.7920104110299016,0.80387454019865,0.07739874359069786,0.6726618705035972,0.9069767441860465,0.7520104079975134,0.8243138046361435,8.0,0.9266359461954239,0.9176313037735503,0.037125498052275836,0.8808664259927798,0.9882352941176471,0.9026623376623377,0.9457989467261809,8.0,0.9690452688079519,0.9669398907103826,0.019482061911149477,0.9434782608695652,1.0,0.9549328325870288,0.9812876971150353,8.0,0.1586240142924914,0.16534104271305303,0.025080046477628695,0.10840770067164426,0.18379227128753745,0.1508402970932216,0.17463930356360938,0.0,,,,,,,,2.0,-0.3476190476190477,-0.3476190476190477,0.053874802376117914,-0.3857142857142858,-0.3095238095238096,-0.36666666666666675,-0.3285714285714286,8.0,0.4205726476989917,0.40931022834411446,0.06134298806921553,0.34980988593155893,0.550321199143469,0.38495806396466486,0.4359779871224965,8.0,0.13199250101816032,0.13651315789473684,0.0292320749561608,0.09333333333333334,0.17204301075268819,0.11110515021459227,0.15132516386434883,0.0,,,,,,,,8.0,0.0,0.0,0.0,0.0,0.0,0.0,0.0,8.0,0.3163328916351112,0.0987793820185534,0.3651376107162779,0.03271028037383177,1.0,0.06600985221674877,0.5435714285714286,8.0,0.2746026886588582,0.11477968176254591,0.3280690815011495,0.03468208092485549,1.0,0.07707097341243684,0.36328125,7.0,0.36932929672487,0.03759398496240607,0.4351439428756915,0.01808006887645286,1.0,0.03498536299765809,0.7298301486199577,8.0,-301.0,-300.5,153.08541033404475,-522.0,0.0,-381.5,-262.25,8.0,-9.75,-9.0,12.475690647930364,-38.0,0.0,-11.0,0.0,8.0,0.0,0.0,0.0,0.0,0.0,0.0,0.0,8.0,0.25,0.0,0.4629100498862757,0.0,1.0,0.0,0.25
30,8,8,0.0,0.0,0.0,0.0,0.0,0.0,2.0,0.25,0.0,0.0,0.0,0.0,0.0,0.0,6.0,0.75,0.0,0.0,0.0,0.0,0.0,0.0,6.0,0.75,0.0,0.0,0.0,0.0,0.0,0.0,0.0,0.0,1.0,0.125,1.0,0.125,1.0,0.125,8.0,1.0,0.0,0.0,0.0,0.0,0.0,0.0,0.0,0.0,8.0,0.3125,0.25,0.22160131510697959,0.0,0.75,0.25,0.3125,8.0,0.125,0.0,0.23145502494313785,0.0,0.5,0.0,0.125,8.0,301.75,290.0,95.69258815901799,154.0,445.0,256.5,338.25,8.0,0.0,0.0,0.0,0.0,0.0,0.0,0.0,8.0,1.25,0.0,2.3145502494313788,0.0,5.0,0.0,1.25,8.0,1683.0,1674.0,516.6687250343023,810.0,2372.0,1491.0,1912.5,8.0,304.625,293.0,96.78833681212393,156.0,449.0,258.25,341.75,8.0,0.0,0.0,0.0,0.0,0.0,0.0,0.0,8.0,7.75,0.0,14.350211546474547,0.0,31.0,0.0,7.75,8.0,0.0,0.0,0.0,0.0,0.0,0.0,0.0,8.0,1.25,0.0,2.3145502494313788,0.0,5.0,0.0,1.25,8.0,0.0,0.0,0.0,0.0,0.0,0.0,0.0,8.0,0.004624627294362228,0.0,0.008567533323251449,0.0,0.019011406844106463,0.0,0.0044964028776978415,8.0,0.0,0.0,0.0,0.0,0.0,0.0,0.0,8.0,0.030427460672946296,0.02855808027181992,0.015085028451584798,0.012987012987012988,0.061068702290076333,0.021044715812157673,0.035227650382186775,8.0,2.125,2.0,0.3535533905932738,2.0,3.0,2.0,2.0,8.0,0.055977765344441696,0.03697822141560797,0.04200999273959503,0.007246376811594235,0.13769751693002252,0.033031914893617065,0.08131414787044439,8.0,0.446397011781118,0.46000197521110064,0.05189519438793215,0.3325842696629214,0.5,0.43999840466748713,0.472126749937128,8.0,0.8392981641607957,0.8509579404280796,0.06642447977540582,0.7027027027027027,0.9097472924187726,0.8173223834988541,0.886307646826961,8.0,0.9440222346555582,0.963021778584392,0.04200999273959503,0.8623024830699775,0.9927536231884058,0.9186858521295556,0.9669680851063829,8.0,0.9697485851356453,0.9866885202330062,0.029597155290219404,0.918552036199095,1.0,0.9497288277012933,0.9875,8.0,0.15661960720698187,0.15491031111533335,0.019114730379447536,0.13708612491312536,0.1948572629966329,0.1422244048129407,0.1643864240087588,0.0,,,,,,,,2.0,-0.03161290322580645,-0.03161290322580645,0.0,-0.03161290322580645,-0.03161290322580645,-0.03161290322580645,-0.03161290322580645,8.0,0.4234515662851742,0.4229894997622988,0.038053543854589776,0.36157466837826274,0.48641975308641977,0.4037610570177219,0.44468339003706897,8.0,0.12345606591505699,0.12407743707946264,0.03735292953288893,0.07511737089201878,0.17532467532467533,0.09348017436499287,0.14764813944546504,0.0,,,,,,,,8.0,0.0,0.0,0.0,0.0,0.0,0.0,0.0,8.0,0.3532789467523695,0.10358248562582928,0.39597657087358556,0.03964757709251101,1.0,0.06460459183673468,0.688709677419355,8.0,0.30900973184505476,0.10757914338919926,0.35567768014448514,0.0547945205479452,1.0,0.0627636777606643,0.47629969418960244,6.0,0.352832391191875,0.05085978959404025,0.4892347164300839,0.01674538428510086,1.0,0.030896831141645126,0.7434301014139266,8.0,-275.25,-281.5,133.7051660504239,-447.0,0.0,-324.75,-252.75,8.0,-9.75,-8.5,10.606601717798213,-29.0,0.0,-13.5,0.0,8.0,0.0,0.0,0.0,0.0,0.0,0.0,0.0,8.0,0.25,0.0,0.4629100498862757,0.0,1.0,0.0,0.25
40,8,8,0.0,0.0,0.0,0.0,0.0,0.0,4.0,0.5,0.0,0.0,0.0,0.0,0.0,0.0,5.0,0.625,0.0,0.0,0.0,0.0,0.0,0.0,4.0,0.5,0.0,0.0,0.0,0.0,0.0,0.0,0.0,0.0,1.0,0.125,1.0,0.125,1.0,0.125,8.0,1.0,0.0,0.0,0.0,0.0,0.0,0.0,0.0,0.0,8.0,0.375,0.375,0.2988071523335984,0.0,0.75,0.1875,0.5625,8.0,0.25,0.25,0.2672612419124244,0.0,0.5,0.0,0.5,8.0,300.0,283.0,159.74175587938356,88.0,556.0,191.5,372.0,8.0,0.0,0.0,0.0,0.0,0.0,0.0,0.0,8.0,37.0,1.0,100.2354371324975,0.0,285.0,0.0,3.25,8.0,1629.125,1551.0,817.1400365211059,514.0,2834.0,1081.75,2055.5,8.0,304.125,286.5,159.83870217905834,92.0,560.0,198.0,375.5,8.0,0.0,0.0,0.0,0.0,0.0,0.0,0.0,8.0,196.875,3.0,536.0067796746072,0.0,1523.0,0.0,14.5,8.0,0.0,0.0,0.0,0.0,0.0,0.0,0.0,8.0,37.625,0.5,102.40666482216868,0.0,291.0,0.0,3.25,8.0,0.0,0.0,0.0,0.0,0.0,0.0,0.0,8.0,0.13250155896933904,0.0035587188612099642,0.35082364615654515,0.0,1.0,0.0,0.018198882886182585,8.0,0.0,0.0,0.0,0.0,0.0,0.0,0.0,8.0,0.028887577105366144,0.02667004048582996,0.010024069361465146,0.01818181818181818,0.04929577464788732,0.022598522167487686,0.03088088088088088,8.0,2.125,2.0,0.3535533905932738,2.0,3.0,2.0,2.0,8.0,0.06446036517384389,0.06814467474148861,0.037957877098378646,0.018633540372670843,0.13176895306859204,0.03452828754891907,0.0828517854615784,8.0,0.45321787574754857,0.45770743584941,0.07664505544387776,0.329136690647482,0.5472636815920398,0.39743202416918433,0.5217861126603458,8.0,0.8114535549703257,0.8240043710539097,0.06653154654026429,0.6864864864864865,0.885,0.7754232609495767,0.8555004409171076,8.0,0.9355396348261562,0.9318553252585113,0.037957877098378646,0.868231046931408,0.9813664596273292,0.9171482145384215,0.965471712451081,8.0,0.9724259275443843,0.9690040650406504,0.02002295862053318,0.945750452079566,1.0,0.9579322638146167,0.9904587765957447,8.0,0.1568242126700713,0.15242655797116578,0.019377672291966762,0.13732259851560588,0.19253650450094573,0.14162452470503079,0.16713837279867522,0.0,,,,,,,,4.0,-0.12060595941620182,-0.16761904761904764,0.23125862870825722,-0.3095238095238096,0.16233806709709758,-0.3095238095238096,0.021298802488560115,8.0,0.4394301074227107,0.4425238723589374,0.05657215335464928,0.36097388849682427,0.5291828793774319,0.396091964889132,0.46632287555983754,8.0,0.13817093760313842,0.1355914891786993,0.014233213875778509,0.12269938650306748,0.16842105263157894,0.12933815769636664,0.139449803793329,0.0,,,,,,,,8.0,0.0,0.0,0.0,0.0,0.0,0.0,0.0,8.0,0.41583182231302657,0.29467353951890035,0.41689470110403026,0.020833333333333332,1.0,0.06027786767765501,0.7445065176908752,8.0,0.378536880949653,0.22191528545119704,0.41016349943758684,0.025423728813559324,1.0,0.07302084588504638,0.578125,8.0,0.44405393899335444,0.3754107271550197,0.45398151797069825,0.013227513227513255,1.0,0.028393662574004108,0.8517441860465117,8.0,-287.625,-286.0,175.358357575077,-540.0,0.0,-368.25,-195.0,8.0,29.25,-0.5,102.53187657643701,-26.0,282.0,-9.25,0.0,8.0,0.0,0.0,0.0,0.0,0.0,0.0,0.0,8.0,12.234375,0.4375,33.44574748086177,0.0,95.0,0.0,1.0
50,8,8,0.0,0.0,0.0,0.0,0.0,0.0,5.0,0.625,0.0,0.0,0.0,0.0,0.0,0.0,6.0,0.75,0.0,0.0,0.0,0.0,0.0,0.0,3.0,0.375,0.0,0.0,0.0,0.0,0.0,0.0,0.0,0.0,0.0,0.0,0.0,0.0,0.0,0.0,8.0,1.0,0.0,0.0,0.0,0.0,0.0,0.0,0.0,0.0,8.0,0.5,0.5,0.1889822365046136,0.25,0.75,0.4375,0.5625,8.0,0.3125,0.5,0.25877458475338283,0.0,0.5,0.0,0.5,8.0,419.5,364.5,185.75713791322875,218.0,774.0,291.75,508.5,8.0,0.0,0.0,0.0,0.0,0.0,0.0,0.0,8.0,106.125,15.5,187.72657738621575,0.0,486.0,0.0,91.0,8.0,2197.375,1947.5,909.3793703871418,1254.0,3951.0,1553.75,2648.0,8.0,423.75,366.0,186.2676645506215,223.0,778.0,295.25,518.0,8.0,0.0,0.0,0.0,0.0,0.0,0.0,0.0,8.0,562.25,75.5,991.2224415192729,0.0,2546.0,0.0,498.75,8.0,0.0,0.0,0.0,0.0,0.0,0.0,0.0,8.0,106.875,15.5,190.00709573216318,0.0,496.0,0.0,90.0,8.0,0.0,0.0,0.0,0.0,0.0,0.0,0.0,8.0,0.2664394075588671,0.029060382529046306,0.45345397089372613,0.0,1.0,0.0,0.30504587155963303,8.0,0.0,0.0,0.0,0.0,0.0,0.0,0.0,8.0,0.03228525478319671,0.03024140645499869,0.01124814808075867,0.019130434782608695,0.05454545454545454,0.02516528457562552,0.037358861070201276,8.0,2.25,2.0,0.4629100498862757,2.0,3.0,2.0,2.25,8.0,0.09489802377566046,0.08786341704812572,0.03561608763630929,0.03821656050955413,0.1480836236933798,0.08161157024793392,0.1067896448697099,8.0,0.399171089886328,0.3990156858616697,0.06626638705471576,0.2958656330749354,0.48417721518987344,0.3651138117283951,0.45507444475334385,8.0,0.7608627554649061,0.7592453662842013,0.06153390899245663,0.6701164294954722,0.8380952380952381,0.735979381443299,0.8067279549134387,8.0,0.9051019762243395,0.9121365829518743,0.03561608763630929,0.8519163763066202,0.9617834394904459,0.8932103551302901,0.9183884297520661,8.0,0.9544090410567863,0.9571185479296653,0.02350812299529665,0.9232111692844677,0.9936102236421726,0.9343550649831918,0.9656394330307374,8.0,0.17519257388488302,0.17377092241764078,0.016713755300378254,0.14896926842190872,0.1981602374015658,0.16692627854155642,0.18487702578120455,0.0,,,,,,,,5.0,0.0888005480561841,0.04755154639175259,0.07051694534855896,0.0213235294117647,0.1792021094081937,0.046506024096385545,0.14941953097282398,8.0,0.3984663959664091,0.40887127138852863,0.03632324169308962,0.3457352568969881,0.4535423925667828,0.37828585514043594,0.4155515680212014,8.0,0.13502344032188013,0.13171369549929676,0.030653767204056086,0.0871559633027523,0.1831275720164609,0.11743952845647762,0.14916161105493764,0.0,,,,,,,,8.0,0.0,0.0,0.0,0.0,0.0,0.0,0.0,8.0,0.37082444987134444,0.13683369766268708,0.41577612047788226,0.006289308176100628,0.9090909090909091,0.05666927872985589,0.8167155425219942,8.0,0.34158220316012067,0.13128451031676838,0.3713988869308437,0.006756756756756757,0.8333333333333334,0.07234848484848486,0.7325367647058824,8.0,0.3453736813967536,0.0741559577783118,0.42546226412190935,0.002951593860684776,0.9294117647058824,0.03081497113995127,0.7890625,8.0,-412.875,-361.0,188.83283423630087,-770.0,-205.0,-513.25,-278.75,8.0,90.75,-1.0,195.15836060565204,-28.0,482.0,-17.75,77.75,8.0,0.0,0.0,0.0,0.0,0.0,0.0,0.0,8.0,35.28998161764706,0.9393382352941176,65.20937499640965,0.0,158.0,0.0,31.080882352941178
60,8,8,0.0,0.0,0.0,0.0,0.0,0.0,7.0,0.875,0.0,0.0,0.0,0.0,0.0,0.0,5.0,0.625,0.0,0.0,0.0,0.0,0.0,0.0,1.0,0.125,0.0,0.0,0.0,0.0,0.0,0.0,0.0,0.0,2.0,0.25,2.0,0.25,2.0,0.25,8.0,1.0,0.0,0.0,0.0,0.0,0.0,0.0,0.0,0.0,8.0,0.59375,0.625,0.18600595228571123,0.25,0.75,0.5,0.75,8.0,0.4375,0.5,0.1767766952966369,0.0,0.5,0.5,0.5,8.0,600.125,333.5,790.7393353239559,177.0,2544.0,270.75,426.0,8.0,0.0,0.0,0.0,0.0,0.0,0.0,0.0,8.0,107.5,10.0,141.6071023238998,0.0,299.0,3.5,264.25,8.0,3192.625,1858.0,4064.339937185373,992.0,13186.0,1485.75,2303.0,8.0,605.125,338.5,794.684562308485,184.0,2559.0,270.25,426.5,8.0,0.0,0.0,0.0,0.0,0.0,0.0,0.0,8.0,592.125,48.5,786.4127301505598,0.0,1685.0,16.5,1461.25,8.0,0.0,0.0,0.0,0.0,0.0,0.0,0.0,8.0,107.625,10.0,141.76029818978634,0.0,300.0,3.5,266.75,8.0,0.0,0.0,0.0,0.0,0.0,0.0,0.0,8.0,0.38451752162260044,0.03368337017931712,0.5099746751437619,0.0,1.0,0.004614665661595627,1.0,8.0,0.0,0.0,0.0,0.0,0.0,0.0,0.0,8.0,0.02632598350805489,0.02635385327470493,0.0072837153984906915,0.014652014652014652,0.035422343324250684,0.02189982347749338,0.03195309900480958,8.0,2.5,2.0,0.9258200997725514,2.0,4.0,2.0,2.5,8.0,0.08992771615556809,0.041953423705248516,0.12131702897949166,0.01158301158301156,0.3682140047206923,0.021594622697563903,0.0834189002584711,8.0,0.41917030957067014,0.44738990472479656,0.131517456012853,0.14544025157232704,0.5547445255474452,0.37607380785413747,0.5025933903973698,8.0,0.7800501274452869,0.8254082082965578,0.15883806114800658,0.41722375147463625,0.9153846153846154,0.7761483486798835,0.8681503060697692,8.0,0.910072283844432,0.9580465762947514,0.12131702897949166,0.6317859952793077,0.9884169884169884,0.9165810997415289,0.9784053773024362,8.0,0.9500781190082045,0.9853510589900419,0.08328570118384584,0.7599370326643053,1.0,0.9540976265114196,0.997093023255814,8.0,0.1705156040391987,0.14648737517255017,0.05499796119997252,0.12991164185005885,0.2968140527919616,0.14174385194516306,0.17430476049608423,0.0,,,,,,,,7.0,0.020062151702448135,0.08262626262626263,0.1633343920511354,-0.3095238095238096,0.14486118229665898,-0.023160377358490553,0.13439609061750302,8.0,0.4082222574789327,0.4277638597404577,0.0783045969923729,0.23828302745335964,0.4803523035230352,0.38434227993836506,0.46029600439882695,8.0,0.14651347285092842,0.14383069011400007,0.03334018356676836,0.1016949152542373,0.21580188679245282,0.13184802443668678,0.15367881031235794,0.0,,,,,,,,8.0,0.0,0.0,0.0,0.0,0.0,0.0,0.0,8.0,0.447661193644035,0.3730607966457023,0.4557330044167775,0.026315789473684213,1.0,0.029750635581760155,0.8125,8.0,0.41231753117913833,0.3059027777777778,0.43330621197692926,0.027210884353741496,1.0,0.030753968253968252,0.7,8.0,0.4707622619464177,0.3812359550561798,0.4897002865355218,0.014623955431754876,1.0,0.02000346249655377,0.9624999999999999,8.0,-608.5,-336.0,809.1325160759692,-2597.0,-167.0,-433.25,-272.25,8.0,101.0,0.0,143.13230642610753,-12.0,294.0,0.0,259.5,8.0,0.0,0.0,0.0,0.0,0.0,0.0,0.0,8.0,23.0625,1.0,31.034770247026387,0.0,68.5,1.0,54.1
70,8,8,2.0,0.25,2.0,0.25,3.0,0.375,4.0,0.5,2.0,0.25,0.0,0.0,0.0,0.0,6.0,0.75,0.0,0.0,0.0,0.0,0.0,0.0,4.0,0.5,0.0,0.0,0.0,0.0,0.0,0.0,0.0,0.0,2.0,0.25,2.0,0.25,2.0,0.25,8.0,1.0,0.0,0.0,0.0,0.0,0.0,0.0,0.0,0.0,8.0,0.6875,0.625,0.22160131510697959,0.5,1.0,0.5,0.8125,8.0,0.4375,0.5,0.4172614801981401,0.0,1.0,0.0,0.625,8.0,372.5,333.0,187.05461387367214,197.0,787.0,253.75,403.25,8.0,178.875,0.0,285.9747428907465,0.0,771.0,0.0,285.0,8.0,69.0,5.5,120.9001949661668,0.0,275.0,0.0,72.5,8.0,1983.0,1756.0,919.6983977680634,1071.0,4036.0,1471.0,2166.25,8.0,377.875,337.5,187.3411231645936,203.0,793.0,257.75,408.25,8.0,924.625,0.0,1455.068475315558,0.0,3922.0,0.0,1564.25,8.0,374.25,28.0,655.8185180150288,0.0,1469.0,0.0,400.75,8.0,179.625,0.0,286.69443041079717,0.0,772.0,0.0,287.25,8.0,69.75,5.5,122.3119547947554,0.0,279.0,0.0,73.0,8.0,0.36426844871859126,0.0,0.5027677475934438,0.0,0.9796696315120712,0.0,0.9636194895591648,8.0,0.2580371837931178,0.013921113689095127,0.4559111247968246,0.0,0.9963768115942029,0.0,0.28201960784313723,8.0,103.47727272727273,0.0,270.04805532382466,0.0,771.0,0.0,25.113636363636363,8.0,0.033063689787506456,0.03059566510316073,0.016102449180377527,0.01020408163265306,0.05818181818181818,0.024225357640456052,0.03994689617286211,8.0,2.625,3.0,0.5175491695067657,2.0,3.0,2.0,3.0,8.0,0.08562570666123899,0.06671734063038415,0.05561802088810662,0.029197080291970767,0.17834394904458595,0.04357540738277349,0.11690541601255885,8.0,0.42479274247381626,0.45564102564102565,0.0823405950949255,0.27064803049555275,0.4980392156862745,0.3854481962617923,0.485769329802104,8.0,0.7818250590274352,0.8227399393492336,0.09696206666798635,0.6170483460559797,0.8727272727272727,0.7358911769927214,0.848852802461389,8.0,0.9143742933387611,0.9332826593696159,0.05561802088810662,0.821656050955414,0.9708029197080292,0.8830945839874411,0.9564245926172266,8.0,0.9600912246788609,0.9615243004418262,0.027220118100919424,0.9170918367346939,0.9963369963369964,0.9427794177402777,0.9823855255311804,8.0,0.16938424279980602,0.15540418947011936,0.027290828590689202,0.14387902721747203,0.21315318431811778,0.15256435415261813,0.18176250398216648,3.0,0.1906639895824868,0.20978217432143995,0.03340643539135913,0.15209005299884124,0.21011974142717924,0.1809361136601406,0.2099509578743096,4.0,0.08224274344409566,0.0851871279981084,0.081185724623724,0.005952380952380945,0.1526443368277849,0.015124458874458874,0.15230541256774519,8.0,0.4117978638176967,0.41395259662636585,0.044984843437585284,0.3295341922695738,0.4671581769436997,0.3934775241416284,0.4374496981891348,8.0,0.12830627649971066,0.1274517766497462,0.0338788117995703,0.06923076923076923,0.18329466357308585,0.11782035487844994,0.14421355498721228,3.0,0.36043403742820085,0.3380952380952381,0.10109816404990868,0.2723735408560311,0.4708333333333333,0.30523438947563464,0.4044642857142857,8.0,58.125,0.0,84.51954549942026,0.0,210.0,0.0,120.25,8.0,0.2957596016416508,0.04733250620347395,0.4390477107552097,0.007220216606498194,1.0,0.03562266791044776,0.4047085201793722,8.0,0.2983788060789174,0.05785110792284394,0.4370467124719145,0.007462686567164179,1.0,0.03949579831932773,0.4,8.0,0.2748605056997434,0.02227686597459838,0.4493106854807078,0.004115226337448541,1.0,0.014721714365449334,0.3454288407163054,8.0,-193.125,-219.0,167.520094743458,-397.0,-2.0,-310.0,-17.0,8.0,57.875,-4.5,126.70712856256915,-26.0,273.0,-11.75,63.0,8.0,0.36592316617506215,0.0,0.5051299760798514,0.0,0.995260663507109,0.0,0.9611188158757376,8.0,33.3125,0.5,61.13155457115183,0.0,137.5,0.0,32.5
80,8,8,2.0,0.25,2.0,0.25,3.0,0.375,5.0,0.625,3.0,0.375,0.0,0.0,0.0,0.0,4.0,0.5,0.0,0.0,0.0,0.0,0.0,0.0,3.0,0.375,0.0,0.0,0.0,0.0,0.0,0.0,0.0,0.0,1.0,0.125,1.0,0.125,1.0,0.125,8.0,1.0,0.0,0.0,0.0,0.0,0.0,0.0,0.0,0.0,8.0,0.625,0.75,0.4225771273642583,0.0,1.0,0.375,1.0,8.0,0.5,0.5,0.4629100498862757,0.0,1.0,0.0,1.0,8.0,392.875,307.0,302.77216210024517,100.0,1059.0,240.0,431.0,8.0,114.0,0.0,159.9883924360943,0.0,365.0,0.0,267.25,8.0,46.625,10.0,90.63417441246195,0.0,265.0,0.0,35.5,8.0,2093.625,1672.0,1582.7365034287022,588.0,5539.0,1240.25,2251.25,8.0,390.625,313.0,285.33135499425424,104.0,1004.0,241.5,440.25,8.0,596.625,0.0,831.9369717712996,0.0,1827.0,0.0,1429.5,8.0,243.375,45.0,489.92621529019186,0.0,1429.0,0.0,169.0,8.0,114.375,0.0,160.78285045364757,0.0,369.0,0.0,266.0,8.0,46.75,10.0,90.97841188200324,0.0,266.0,0.0,35.5,8.0,0.34266205490145685,0.0,0.4748083587258924,0.0,0.981203007518797,0.0,0.8533181556110758,8.0,0.16208904501347213,0.027558736064718897,0.34237812067181056,0.0,0.9962406015037594,0.0,0.09586542583859378,8.0,2.3989935961324766,0.0,4.77585119913069,0.0,13.518518518518519,0.0,1.9108103928240026,8.0,0.016294609686144268,0.019451795841209832,0.008600196083843962,0.0,0.026415094339622643,0.010952218817387357,0.021181716833890748,8.0,2.125,2.0,0.6408699444616557,1.0,3.0,2.0,2.25,8.0,0.09741458980567223,0.078065490975327,0.09214426387919442,0.006249999999999978,0.2365038560411311,0.0156324157570005,0.1671438530100085,8.0,0.4091470863938859,0.41960778812703403,0.11772465415703413,0.22662889518413598,0.55,0.3183667454198597,0.5027563690858489,8.0,0.768998428231906,0.7808233276157804,0.13122672643106165,0.5746691871455577,0.906832298136646,0.6838591184096803,0.889855072463768,8.0,0.9025854101943277,0.921934509024673,0.09214426387919443,0.7634961439588689,0.99375,0.8328561469899916,0.9843675842429995,8.0,0.9499696917256867,0.9642634120618356,0.058559746830969,0.8376288659793815,1.0,0.9226709905660377,0.9978134110787172,8.0,0.16582336259580316,0.1667096325437517,0.04382033537807787,0.11371690243970797,0.22148029912521444,0.12844702447063253,0.1965902126007174,3.0,0.16221283943025774,0.14635192497261462,0.04359369383744488,0.12877019323646455,0.21151640008169403,0.13756105910453958,0.17893416252715433,5.0,0.06056803015342782,0.06320191158900837,0.06535386524467192,-0.024603174603174606,0.14522412227845494,0.023076923076923078,0.09594036842592729,8.0,0.4105244154279142,0.4159640635798203,0.07979085123880654,0.29174941325148945,0.5119047619047619,0.3480089735241909,0.47119443628358776,8.0,0.12186024865226619,0.11308843628867826,0.025871612487274997,0.0953757225433526,0.17537313432835822,0.10515133442671835,0.13090792838874682,3.0,0.441241233966789,0.4482758620689655,0.10092166409987825,0.336986301369863,0.5384615384615384,0.3926310817194143,0.493368700265252,8.0,49.25,0.0,68.79524485228404,0.0,154.0,0.0,118.5,8.0,0.624667526495548,0.7052845528455284,0.3843880084073375,0.022388059701492536,1.0,0.5295884570663472,0.9125874125874126,8.0,0.5258232127138512,0.5131147540983606,0.36300934526854,0.02631578947368421,1.0,0.3263888888888889,0.8295454545454546,7.0,0.6111086572323587,0.7546583850931677,0.42442382790842614,0.0098314606741573,1.0,0.33206151379322907,0.9245738636363636,8.0,-239.25,-9.5,394.53145809754056,-1084.0,2.0,-334.25,0.0,8.0,31.125,0.0,93.36324988222844,-11.0,262.0,-1.0,0.0,8.0,0.3687723511271541,0.0,0.5090818907046897,0.0,1.0070422535211268,0.0,0.9685883716782593,8.0,11.535186251920122,0.974078341013825,31.034983605753734,0.0,88.33333333333333,0.0,1.0
90,8,8,2.0,0.25,3.0,0.375,3.0,0.375,5.0,0.625,3.0,0.375,0.0,0.0,0.0,0.0,4.0,0.5,0.0,0.0,0.0,0.0,0.0,0.0,3.0,0.375,0.0,0.0,0.0,0.0,0.0,0.0,0.0,0.0,2.0,0.25,2.0,0.25,2.0,0.25,8.0,1.0,0.0,0.0,0.0,0.0,0.0,0.0,0.0,0.0,8.0,0.6875,0.75,0.3471825374147068,0.0,1.0,0.5,1.0,8.0,0.5,0.5,0.4629100498862757,0.0,1.0,0.0,1.0,8.0,416.875,363.5,258.09380216170575,124.0,1000.0,314.5,433.5,8.0,133.0,0.0,188.92402100920285,0.0,414.0,0.0,292.0,8.0,3.75,3.0,4.026696625558687,0.0,10.0,0.0,6.0,8.0,2326.0,2072.5,1472.102674990534,669.0,5675.0,1752.5,2347.25,8.0,421.5,367.0,261.7572485010819,123.0,1013.0,319.5,439.5,8.0,705.0,0.0,1002.8560643054843,0.0,2201.0,0.0,1539.75,8.0,17.625,14.0,19.33122936006473,0.0,46.0,0.0,28.25,8.0,132.25,0.0,188.00056990795076,0.0,416.0,0.0,289.0,8.0,3.75,3.0,4.026696625558687,0.0,10.0,0.0,6.0,8.0,0.36824441406785946,0.0,0.5082388241049218,0.0,0.9898734177215189,0.0,0.9776997189883581,8.0,0.008302165724352403,0.007512048192771084,0.00855931246684454,0.0,0.02364066193853428,0.0,0.013267255791736326,8.0,23.04375,0.0,33.324480892966875,0.0,78.2,0.0,47.2375,8.0,0.02307912731079331,0.0248613542452405,0.011740892628693638,0.006060606060606061,0.03927492447129909,0.016579934118306702,0.028769612367328105,8.0,2.375,2.0,0.7440238091428449,2.0,4.0,2.0,2.25,8.0,0.07753784548648524,0.06552356203160165,0.048227447517028,0.024590163934426257,0.16232464929859725,0.04491876944348425,0.098851854321963,8.0,0.42644860825256,0.44150907427177066,0.0904374956578433,0.264,0.5207547169811321,0.37293525509036834,0.4983676054965403,8.0,0.7895703678855078,0.8018004202002852,0.07456820523895137,0.6576576576576577,0.8699186991869918,0.7456615664324235,0.8486742424242424,8.0,0.9224621545135148,0.9344764379683983,0.048227447517028,0.8376753507014028,0.9754098360655737,0.901148145678037,0.9550812305565157,8.0,0.9650477112918494,0.9719947735191637,0.03077676136511997,0.9127382146439318,1.0,0.9561881570810142,0.9855101046427991,8.0,0.16396908946992844,0.1614653561560863,0.02808661049848028,0.12398073800037825,0.21199106511188384,0.14703566290645548,0.17762357431713147,3.0,0.15906123759086663,0.16563312474470945,0.016338340223882114,0.14046029856180123,0.1710902894660892,0.15304671165325534,0.16836170710539933,5.0,-0.06909799861973775,-0.04772727272727271,0.14399001782678897,-0.3095238095238096,0.077487922705314,-0.049565217391304345,-0.016161616161616182,8.0,0.40490073964610873,0.39934095301891664,0.06451255663401353,0.3030837004405286,0.4977578475336323,0.37700581755487184,0.4462830402680027,8.0,0.12456232828887295,0.13055386488131465,0.024951382286343634,0.08761329305135952,0.1536643026004728,0.10728868926092283,0.13965361445783134,3.0,0.4369272451113883,0.4117647058823529,0.07127874403243144,0.38164251207729466,0.5173745173745173,0.3967036089798238,0.46456961162843513,8.0,56.625,0.0,78.5492338782317,0.0,161.0,0.0,140.0,8.0,0.6724122286966455,0.8000000000000002,0.3714961111922807,0.05294117647058823,1.0,0.5599645506151746,0.9166666666666666,8.0,0.6017050112399058,0.6666666666666666,0.35089806675351143,0.05063291139240506,1.0,0.40454705056179774,0.8333333333333334,6.0,0.7657438668841959,0.8835227272727273,0.37252731164471736,0.027417746759720862,1.0,0.8031250000000001,0.9886363636363636,8.0,-264.5,-168.5,349.8444552328118,-1008.0,1.0,-355.0,-7.5,8.0,-5.375,0.0,11.987344517090872,-34.0,0.0,-2.25,0.0,8.0,0.366584887625085,0.0,0.5060690043688577,0.0,1.0025641025641026,0.0,0.9639413890143488,8.0,0.625,1.0,0.5175491695067657,0.0,1.0,0.0,1.0
100,8,8,6.0,0.75,6.0,0.75,7.0,0.875,7.0,0.875,6.0,0.75,0.0,0.0,0.0,0.0,2.0,0.25,0.0,0.0,0.0,0.0,0.0,0.0,1.0,0.125,0.0,0.0,0.0,0.0,0.0,0.0,0.0,0.0,1.0,0.125,1.0,0.125,1.0,0.125,8.0,1.0,0.0,0.0,0.0,0.0,0.0,0.0,0.0,0.0,8.0,0.9375,1.0,0.11572751247156893,0.75,1.0,0.9375,1.0,8.0,0.875,1.0,0.23145502494313785,0.5,1.0,0.875,1.0,8.0,718.5,348.0,983.2033650994372,220.0,3120.0,278.0,535.0,8.0,663.75,306.0,1002.1044641866721,0.0,3092.0,227.25,524.75,8.0,16.125,11.5,14.045207621920623,0.0,41.0,9.25,21.0,8.0,3795.125,1944.5,4989.147778285529,1260.0,16003.0,1575.5,2870.25,8.0,728.5,355.0,993.3441354478173,225.0,3155.0,283.25,541.75,8.0,3466.75,1694.5,5099.549216772568,0.0,15835.0,1302.0,2776.0,8.0,84.875,60.5,75.07793569732341,0.0,217.0,42.0,113.25,8.0,668.25,306.0,1012.4340895654816,0.0,3122.0,228.0,526.5,8.0,16.375,11.5,14.471030173616331,0.0,42.0,9.25,21.25,8.0,0.8347173797621587,0.9668124762267022,0.3401409484032271,0.0,0.9910256410256411,0.9045289348616159,0.9851364814903731,8.0,0.04843431962343933,0.03650627615062762,0.045931596460045604,0.0,0.1404109589041096,0.01698516348970087,0.06298670784103115,8.0,410.857307834442,30.81818181818182,1083.5861721854294,0.0,3092.0,9.71840354767184,58.0,8.0,0.022303872451722266,0.021760577350984148,0.0062640363688068945,0.013745704467353952,0.032061558191728116,0.01795394928592247,0.025510848957236147,8.0,2.25,2.0,0.4629100498862757,2.0,3.0,2.0,2.25,8.0,0.16755695925091735,0.1368885302465357,0.11032188869528332,0.02564102564102566,0.35471456061577933,0.1014114326040931,0.22573961598746078,8.0,0.375008139190879,0.4003423737916219,0.13407453903550254,0.125,0.5211864406779662,0.32470634252729147,0.4557440846824409,8.0,0.6887692496792754,0.7069511074818822,0.1510651187885233,0.40878486694453353,0.8638297872340426,0.6476849993309247,0.7797387567296126,8.0,0.8324430407490826,0.8631114697534643,0.11032188869528332,0.6452854393842207,0.9743589743589743,0.7742603840125393,0.8985885673959069,8.0,0.8997893422294976,0.9344148288458936,0.07605884462762268,0.7866538338145653,0.9957081545064378,0.8352094582289447,0.9460668738613225,8.0,0.20034182122256733,0.19296904254246394,0.05003055472169105,0.14021752535239734,0.2895041240407331,0.16847160047884574,0.21656276060782267,7.0,0.19430058624826893,0.17947264638116953,0.05727189092951618,0.14016564011483928,0.28953410641818433,0.1512517075570236,0.2242141478548211,7.0,0.060096315132581256,0.04984848484848484,0.07317602719960499,-0.04166666666666665,0.16723623347541522,0.016670187385058908,0.10595788975035877,8.0,0.3654126053404998,0.3788304532273419,0.06769473211893018,0.24114228582140848,0.44841269841269843,0.3370939020315574,0.40178087713640764,8.0,0.1423570553470318,0.13212951432129513,0.035133702038136504,0.09832635983263599,0.18696883852691218,0.11894673123486683,0.17699055330634278,7.0,0.3868619854058906,0.44166666666666665,0.15322407405052185,0.12483829236739974,0.5333333333333333,0.3003935313287831,0.503704271408134,8.0,154.875,141.0,108.14862458672324,0.0,386.0,118.75,166.5,8.0,0.782715399540441,0.8935443265599712,0.3151296324236957,0.017783423308986978,1.0,0.8320158102766798,0.9109848484848484,8.0,0.7229098124098123,0.7673160173160173,0.29232481941394084,0.050666666666666665,1.0,0.7166666666666666,0.8939393939393939,7.0,0.9264479167155171,0.9206349206349207,0.03915990471771264,0.8804347826086957,1.0,0.9070046082949309,0.9350282485875706,8.0,-51.5,-8.5,101.25357136558549,-297.0,-5.0,-24.75,-8.0,8.0,-3.875,-0.5,10.176127526155096,-29.0,1.0,-1.0,0.0,8.0,0.8522449257258973,0.9725329244091647,0.34460464176420796,0.0,0.9894291754756871,0.9616944921204557,0.9814805722692126,8.0,0.8657431722689075,0.9880952380952381,0.3521532688703001,0.0,1.0625,0.9571078431372548,1.0
110,8,8,4.0,0.5,6.0,0.75,6.0,0.75,8.0,1.0,6.0,0.75,0.0,0.0,0.0,0.0,2.0,0.25,0.0,0.0,0.0,0.0,0.0,0.0,0.0,0.0,0.0,0.0,0.0,0.0,0.0,0.0,0.0,0.0,4.0,0.5,4.0,0.5,4.0,0.5,8.0,1.0,0.0,0.0,0.0,0.0,0.0,0.0,0.0,0.0,8.0,0.9375,1.0,0.11572751247156893,0.75,1.0,0.9375,1.0,8.0,0.875,1.0,0.23145502494313785,0.5,1.0,0.875,1.0,8.0,373.25,342.0,130.61694267699622,267.0,660.0,278.5,407.25,8.0,248.5,273.5,164.4010775077654,0.0,415.0,195.0,376.0,8.0,15.375,11.5,14.889473750654473,2.0,41.0,5.75,18.0,8.0,2017.25,1824.5,658.3875866734687,1465.0,3423.0,1513.25,2278.0,8.0,378.375,350.0,130.44970295098415,271.0,665.0,283.5,412.75,8.0,1333.125,1464.5,885.6657604794906,0.0,2262.0,1060.5,1945.0,8.0,80.5,54.5,83.67795408588812,6.0,223.0,26.25,101.25,8.0,249.125,274.0,164.74607083977105,0.0,410.0,195.0,381.25,8.0,15.375,11.5,14.889473750654473,2.0,41.0,5.75,18.0,8.0,0.72172065657428,0.9619112027419207,0.4466610359711187,0.0,0.9892761394101877,0.6655948553054662,0.9858575564220725,8.0,0.04980192625095205,0.028663862827563894,0.05518081632987621,0.004761904761904762,0.15355805243445692,0.014367777859086344,0.062149238855732605,8.0,62.83549783549783,23.151515151515152,84.39853124453916,0.0,207.5,5.75,88.66071428571428,8.0,0.016831998039251367,0.016927399143018836,0.005007475769524573,0.010714285714285714,0.025925925925925925,0.012786872091157118,0.019251523788484035,8.0,2.125,2.0,0.3535533905932738,2.0,3.0,2.0,2.0,8.0,0.10853093563230956,0.07666534329471492,0.0947924720403069,0.01674641148325362,0.30395136778115506,0.05025509003770898,0.1267363224453912,8.0,0.4113605415190448,0.4265814443858724,0.06500970532781203,0.25757575757575757,0.46441947565543074,0.4147112574674793,0.4438640798989783,8.0,0.7708283133614018,0.7984881558735548,0.10647530385965706,0.5265553869499241,0.8615751789976134,0.7709389400921658,0.8274875621890547,8.0,0.8914690643676905,0.9233346567052851,0.0947924720403069,0.6960486322188449,0.9832535885167464,0.8732636775546088,0.949744909962291,8.0,0.9352821387543124,0.9705194805194806,0.07146868055467458,0.8051750380517504,0.9976019184652278,0.895846958796599,0.9839804356595401,8.0,0.17160310877665041,0.15974116092082924,0.03733848776928756,0.1408148364730241,0.2563261738039127,0.15312399643384156,0.16985849613161003,6.0,0.15598215609530364,0.15257695381656838,0.015053140198037966,0.1424574557623614,0.1846476505341144,0.14745764218195462,0.1565562767079865,8.0,-0.05232626503759114,0.009635126777983921,0.16152951432461513,-0.3095238095238096,0.08408618615334137,-0.0803030303030303,0.042273276240667554,8.0,0.4026693612355304,0.41189011823281874,0.03905630371107689,0.3099620216184633,0.43686006825938567,0.40423678890361625,0.4201546343276564,8.0,0.12844901118363095,0.11468395187256397,0.03504130722304245,0.0967741935483871,0.19242424242424241,0.10638028830521334,0.13975891099393567,6.0,0.434666645885838,0.44579152731326643,0.02275572447949288,0.3983739837398374,0.4534005037783375,0.42142029657089897,0.449957216963474,8.0,107.5,123.0,70.33389753779569,0.0,180.0,86.25,153.25,8.0,0.9262629667637186,0.9583333333333333,0.09985553191751888,0.7142857142857143,1.0,0.8960073504844638,1.0,8.0,0.866421568627451,0.9545454545454546,0.18112809961878476,0.5,1.0,0.7629233511586453,1.0,8.0,0.9411020403282564,0.9577777777777778,0.0676368800460678,0.8285714285714285,1.0,0.8954476969436074,1.0,8.0,-116.5,-10.0,229.6288931546476,-651.0,-2.0,-69.0,-6.75,8.0,-0.125,0.0,0.3535533905932738,-1.0,0.0,0.0,0.0,8.0,0.7323382568941367,0.9704047002153049,0.4520871053303343,0.0,0.9926739926739927,0.7238372093023256,0.9793882978723404,8.0,0.9966216216216216,1.0,0.009555497043061434,0.972972972972973,1.0,1.0,1.0
120,8,8,2.0,0.25,2.0,0.25,2.0,0.25,4.0,0.5,2.0,0.25,0.0,0.0,0.0,0.0,2.0,0.25,0.0,0.0,0.0,0.0,0.0,0.0,4.0,0.5,0.0,0.0,0.0,0.0,0.0,0.0,0.0,0.0,1.0,0.125,1.0,0.125,1.0,0.125,8.0,1.0,0.0,0.0,0.0,0.0,0.0,0.0,0.0,0.0,8.0,0.4375,0.375,0.47715675771026383,0.0,1.0,0.0,0.8125,8.0,0.375,0.25,0.44320263021395917,0.0,1.0,0.0,0.625,8.0,213.875,156.0,145.69286432178384,83.0,542.0,138.25,248.75,8.0,47.5,0.0,90.9065454189081,0.0,233.0,0.0,36.75,8.0,8.75,1.0,17.161002301730512,0.0,50.0,0.0,8.0,8.0,1213.375,914.5,838.9021631189863,477.0,3113.0,765.0,1332.5,8.0,218.25,158.5,150.56820950747112,82.0,556.0,138.0,256.75,8.0,259.75,0.0,486.18919010137256,0.0,1172.0,0.0,226.5,8.0,48.375,3.0,99.36791304469035,0.0,289.0,0.0,43.5,8.0,48.0,0.0,91.93786721787399,0.0,236.0,0.0,37.0,8.0,8.75,1.0,17.161002301730512,0.0,50.0,0.0,8.0,8.0,0.2399540062938756,0.0,0.4443087855536287,0.0,0.9607843137254902,0.0,0.2397119341563786,8.0,0.02384860540007107,0.0037593984962406013,0.03414062266794438,0.0,0.09225092250922509,0.0,0.04538852578068264,8.0,5.272727272727273,0.0,9.76331470606099,0.0,21.181818181818183,0.0,5.25,8.0,0.023395609332463468,0.02298880636049796,0.011291166069568698,0.006993006993006993,0.04251386321626617,0.017851412066752247,0.028144654088050315,8.0,2.125,2.0,0.3535533905932738,2.0,3.0,2.0,2.0,8.0,0.053308488910146945,0.03514385886805055,0.05875133952919874,0.0,0.15740740740740744,0.008522727272727265,0.08004730819039563,8.0,0.5210609121630414,0.5048887651226832,0.11848795499613993,0.3339483394833948,0.6867469879518072,0.4525443110348771,0.6008986928104576,8.0,0.8579962598910554,0.8760252611882114,0.09987610083847265,0.7042513863216266,0.9878048780487805,0.7929588607594937,0.9299894184762606,8.0,0.946691511089853,0.9648561411319494,0.05875133952919874,0.8425925925925926,1.0,0.9199526918096044,0.9914772727272727,8.0,0.9715752145208922,0.9890960451977402,0.03655296553325968,0.8998144712430427,1.0,0.955849358974359,0.997148288973384,8.0,0.14423378816827123,0.1390253398524898,0.03599335794758256,0.09769459799621866,0.20919459510826072,0.12434172669008631,0.16091252833017125,2.0,0.13411604456168563,0.13411604456168563,0.01094392201859983,0.12637752308955694,0.14185456603381436,0.1302467838256213,0.13798530529775,4.0,-0.015734994650005586,0.04791033930201791,0.2040900265268222,-0.3095238095238096,0.15076315231975143,-0.06962694168576525,0.10180228633777758,8.0,0.4670048890137882,0.46118300103309984,0.06669714679920939,0.3369739800835207,0.5660377358490566,0.4527078477078477,0.4942016429213195,8.0,0.12283975564999408,0.11736367363673636,0.04100884372666632,0.060240963855421686,0.19008264462809918,0.10542946873356229,0.13559008509064002,2.0,0.5706402732766926,0.5706402732766926,0.1454223283021821,0.4678111587982833,0.673469387755102,0.519225716037488,0.6220548305158973,8.0,26.0,0.0,48.216772422645036,0.0,109.0,0.0,24.75,8.0,0.7531931354462935,0.7217787522696906,0.1579115654284189,0.5662650602409639,1.0,0.6457055214723926,0.8701298701298701,8.0,0.6228158859747029,0.5495689655172413,0.28580631339031787,0.26785714285714285,1.0,0.40665462210177655,0.8636363636363636,5.0,0.8552371219335597,0.9024390243902439,0.1409734993269484,0.6444906444906444,1.0,0.7880794701986755,0.9411764705882353,8.0,-95.875,0.0,187.78288184572554,-498.0,2.0,-68.75,0.0,8.0,-0.125,0.0,0.3535533905932738,-1.0,0.0,0.0,0.0,8.0,0.2494043987332578,0.0,0.4618449152274859,0.0,1.0086580086580086,0.0,0.24664429530201343,8.0,0.49754901960784315,0.49019607843137253,0.5319409964508924,0.0,1.0,0.0,1.0
130,8,8,4.0,0.5,4.0,0.5,4.0,0.5,6.0,0.75,4.0,0.5,0.0,0.0,0.0,0.0,2.0,0.25,0.0,0.0,0.0,0.0,0.0,0.0,2.0,0.25,0.0,0.0,0.0,0.0,0.0,0.0,0.0,0.0,2.0,0.25,2.0,0.25,2.0,0.25,8.0,1.0,0.0,0.0,0.0,0.0,0.0,0.0,0.0,0.0,8.0,0.6875,0.875,0.43813729094233206,0.0,1.0,0.5625,1.0,8.0,0.625,0.75,0.44320263021395917,0.0,1.0,0.375,1.0,8.0,317.125,309.0,114.59299093499816,168.0,453.0,235.75,417.75,8.0,202.0,177.5,217.32266991076392,0.0,435.0,0.0,404.0,8.0,11.25,11.5,8.29371534872727,0.0,23.0,7.5,15.5,8.0,1720.375,1753.5,596.8466990298741,939.0,2372.0,1265.5,2248.75,8.0,320.875,312.5,117.43379593869658,168.0,461.0,234.25,424.5,8.0,1074.5,1003.5,1151.2348649540259,0.0,2285.0,0.0,2135.0,8.0,55.875,56.5,42.10679449752905,0.0,122.0,36.75,74.25,8.0,202.875,178.0,218.28254134754536,0.0,436.0,0.0,406.25,8.0,11.375,12.0,8.279708414465539,0.0,23.0,7.5,15.5,8.0,0.48350015264749874,0.4757174392935982,0.5169317576526895,0.0,0.9752747252747253,0.0,0.9693915317804974,8.0,0.03565857461858615,0.03169824976970654,0.03278089748758332,0.0,0.10362694300518134,0.020604395604395604,0.042693156732891833,8.0,14.489369326325846,9.369565217391305,16.24627823856802,0.0,35.5,0.0,29.5260989010989,8.0,0.012437106533538897,0.012012120337637978,0.00919210345017472,0.0027548209366391185,0.02914798206278027,0.004894392292490118,0.014744732665086647,8.0,2.125,2.0,0.3535533905932738,2.0,3.0,2.0,2.0,8.0,0.07346673093798066,0.07883062956180847,0.04981638090496775,0.0,0.13968957871396892,0.03581029185867893,0.10358805636600657,8.0,0.45171256331745124,0.47291892045778056,0.08344955709422594,0.3200883002207506,0.5476190476190477,0.38400200684300567,0.5188897637795276,8.0,0.7983655762472455,0.7945424763606581,0.07797117800355016,0.668141592920354,0.8922155688622755,0.7630850616591928,0.8631601504833564,8.0,0.9265332690620194,0.9211693704381916,0.04981638090496775,0.8603104212860311,1.0,0.8964119436339935,0.9641897081413211,8.0,0.9656509736735693,0.9655295646523716,0.027896824970881882,0.9211711711711712,1.0,0.944559864573715,0.9919350936335629,8.0,0.1529137531581943,0.1537525086512614,0.02930337185267051,0.11455194357975058,0.19619643762398567,0.12781751793570076,0.16798117099437226,4.0,0.17163693548066955,0.16978855151179478,0.019442981899409524,0.15408576518594524,0.19288487371314333,0.1556929941599348,0.18573249283252952,6.0,0.019490992622100908,0.005363196125907987,0.039822838936287366,-0.018571428571428558,0.08746193222315818,-0.006018035636679714,0.036696428571428574,8.0,0.4283575810184882,0.4272274476892528,0.050473789653478124,0.3566851772746689,0.4898828541001065,0.393353019979107,0.46925526877303486,8.0,0.1157040746708218,0.11887649949796544,0.03658397502675239,0.056,0.16777041942604856,0.09764194139194139,0.13921060652240172,4.0,0.38982135151307734,0.38367525098210387,0.05738024146622308,0.3271461716937355,0.4647887323943662,0.3610968877510201,0.41239971474416115,8.0,78.0,70.5,83.67795408588812,0.0,165.0,0.0,157.5,8.0,0.8338095713868846,0.8535714285714286,0.14487202610033864,0.6153846153846154,1.0,0.7391967672769257,0.9423076923076923,8.0,0.7351000607579555,0.7361111111111112,0.25202008408003124,0.40714285714285714,1.0,0.5458133971291866,1.0,6.0,0.93594964266047,0.9486241217798594,0.07442643575639354,0.7984496124031008,1.0,0.9266071428571429,0.9877049180327868,8.0,-56.25,-6.5,97.27831941687433,-244.0,0.0,-55.75,0.0,8.0,-0.25,0.0,0.4629100498862757,-1.0,0.0,-0.25,0.0,8.0,0.4909898482957844,0.4797297297297297,0.5250264531297095,0.0,1.0,0.0,0.9797691527143582,8.0,0.7334280303030303,0.9791666666666667,0.45379599785681723,0.0,1.0,0.6818181818181818,1.0
140,8,8,2.0,0.25,5.0,0.625,6.0,0.75,6.0,0.75,5.0,0.625,0.0,0.0,0.0,0.0,2.0,0.25,0.0,0.0,0.0,0.0,0.0,0.0,2.0,0.25,0.0,0.0,0.0,0.0,0.0,0.0,0.0,0.0,4.0,0.5,4.0,0.5,4.0,0.5,8.0,1.0,0.0,0.0,0.0,0.0,1.0,0.125,0.0,0.0,8.0,0.8125,1.0,0.3471825374147068,0.0,1.0,0.75,1.0,8.0,0.75,1.0,0.3779644730092272,0.0,1.0,0.5,1.0,8.0,273.125,258.0,117.83576645969107,142.0,455.0,178.25,327.75,8.0,227.5,251.0,166.48895287246967,0.0,437.0,129.0,320.25,8.0,5.375,6.0,4.0686080455816125,0.0,12.0,3.0,7.25,8.0,1543.25,1415.5,687.8844898880708,771.0,2698.0,1028.75,1803.75,8.0,273.75,257.5,117.51808371480536,141.0,459.0,183.0,327.25,8.0,1254.125,1347.0,940.5183126492389,0.0,2555.0,707.25,1721.25,8.0,30.25,34.5,22.676293473896603,0.0,65.0,15.0,42.5,8.0,225.0,246.5,164.79771149589945,0.0,437.0,129.75,315.75,8.0,5.375,6.0,4.0686080455816125,0.0,12.0,3.0,7.25,8.0,0.725126816460602,0.965513897866839,0.4477307694340165,0.0,0.9791666666666666,0.7049180327868853,0.9751424116679352,8.0,0.023388618568437415,0.01693578455272894,0.022070928526693682,0.0,0.06557377049180328,0.012152777777777776,0.032253465520266714,8.0,82.5733630952381,45.5375,145.42233689276907,0.0,437.0,10.75,58.41964285714286,8.0,0.024384464012305644,0.02468430593002178,0.011899591390317687,0.011013215859030838,0.038461538461538464,0.013341457265316412,0.03496733639400372,8.0,2.25,2.0,0.4629100498862757,2.0,3.0,2.0,2.25,8.0,0.03788409896403991,0.03750499480540237,0.019353650645433405,0.008474576271186418,0.07246376811594202,0.027601410934744275,0.04280243435415218,8.0,0.5056027829761545,0.4854902180197318,0.06065975594676665,0.43956043956043955,0.5975609756097561,0.4660688116173728,0.5516481240383477,8.0,0.8607708263364817,0.8412420938880589,0.04304271264032466,0.8237885462555066,0.9282700421940928,0.8301612647280517,0.8805312622373058,8.0,0.9621159010359601,0.9624950051945976,0.019353650645433405,0.927536231884058,0.9915254237288136,0.9571975656458478,0.9723985890652558,8.0,0.9865683099335889,0.989272030651341,0.011100533173086752,0.9636363636363636,1.0,0.9827843616560431,0.9930515215157067,8.0,0.14325240652695506,0.1467408608064511,0.013902744246560858,0.11877273347466459,0.15735907416255832,0.13780146955330386,0.15314464897340407,6.0,0.14400293959432076,0.14849386359094502,0.012344425603237928,0.12021998868427183,0.15401622265388862,0.1432307337017406,0.15061147237813757,6.0,-0.004889176212821384,-0.02229392077755363,0.05983757499857493,-0.054999999999999986,0.11311188811188812,-0.03111099320882852,-0.01218029505523018,8.0,0.44290733852743785,0.4417027271752112,0.03644549690108552,0.39251297257227574,0.4883177570093458,0.41747176533943153,0.4735896249110916,8.0,0.107148589383084,0.1058409969345595,0.0335615535769663,0.07142857142857142,0.15492957746478872,0.07527727817745804,0.13144057307879833,6.0,0.48867045111341595,0.48111113978272646,0.049000960815375735,0.4397163120567376,0.5757575757575758,0.45631063862126037,0.4999898357456497,8.0,108.75,131.5,75.2154049570774,0.0,196.0,65.25,150.0,8.0,0.8014385807990458,0.9166666666666667,0.3162349531237357,0.0718816067653277,1.0,0.7765734265734265,1.0,8.0,0.7626945970695971,0.9166666666666667,0.3397000841614349,0.07179487179487179,1.0,0.6741071428571429,1.0,7.0,0.8094961109134925,1.0,0.34983315275432275,0.04214845207012308,1.0,0.8121621621621622,1.0,8.0,-26.375,-9.5,53.428022342480276,-158.0,0.0,-13.25,-4.75,8.0,-2.375,0.0,6.323143431644016,-18.0,0.0,-0.25,0.0,8.0,0.7268524477832679,0.9595108695652175,0.44891332084527624,0.0,0.9963235294117647,0.7087912087912087,0.9725865355310939,8.0,0.734375,1.0,0.4553133732465398,0.0,1.0,0.65625,1.0
150,8,8,7.0,0.875,7.0,0.875,7.0,0.875,8.0,1.0,7.0,0.875,0.0,0.0,0.0,0.0,1.0,0.125,0.0,0.0,0.0,0.0,0.0,0.0,0.0,0.0,0.0,0.0,0.0,0.0,0.0,0.0,0.0,0.0,3.0,0.375,3.0,0.375,3.0,0.375,8.0,1.0,0.0,0.0,0.0,0.0,0.0,0.0,0.0,0.0,8.0,0.96875,1.0,0.08838834764831845,0.75,1.0,1.0,1.0,8.0,0.9375,1.0,0.1767766952966369,0.5,1.0,1.0,1.0,8.0,324.875,304.5,93.90639336214396,216.0,496.0,268.0,355.0,8.0,272.75,286.5,138.42661800184447,0.0,452.0,221.0,342.25,8.0,17.375,13.0,12.772039774444801,6.0,45.0,9.5,20.5,8.0,1816.375,1629.5,493.96036205925907,1313.0,2706.0,1527.75,1932.0,8.0,330.625,306.5,93.98926610447144,223.0,502.0,275.0,363.25,8.0,1500.0,1521.0,743.8968822549074,0.0,2413.0,1325.25,1835.0,8.0,99.5,77.0,75.62312571467238,29.0,260.0,45.25,129.5,8.0,273.875,287.0,138.82613741140906,0.0,453.0,222.0,345.5,8.0,17.75,14.0,12.7026431445248,6.0,45.0,9.5,21.25,8.0,0.8293862371080375,0.9465346366629332,0.335844005406291,0.0,0.9779874213836478,0.9224947117927023,0.9584801946962068,8.0,0.051050461257395555,0.05263687600644122,0.025046481643476424,0.020618556701030927,0.0907258064516129,0.028947918448003953,0.06337822014051522,8.0,18.166015085061137,16.793333333333333,12.340977093877212,0.0,38.875,11.432163742690058,22.095454545454544,8.0,0.02225388605153509,0.019647153167602245,0.0075405475311943766,0.015772870662460567,0.037037037037037035,0.016364347702375874,0.025454545454545455,8.0,2.125,2.0,0.3535533905932738,2.0,3.0,2.0,2.0,8.0,0.08537261252698344,0.07378157264334645,0.058391604255446525,0.028037383177570097,0.21884498480243164,0.05872300819061799,0.08443174277613558,8.0,0.44809363757332554,0.4373500615963172,0.06715919768274016,0.3685800604229607,0.5925925925925926,0.4104439733323261,0.46293656450463294,8.0,0.7962600414682399,0.8014084507042254,0.07004785212137137,0.6575757575757576,0.9116279069767442,0.7793939393939394,0.8185373421090211,8.0,0.9146273874730166,0.9262184273566536,0.058391604255446525,0.7811550151975684,0.9719626168224299,0.9155682572238644,0.941276991809382,8.0,0.9550555469600293,0.9646755972503944,0.04186542940902824,0.8567073170731707,0.9906103286384976,0.9560591552292798,0.9780267295597485,8.0,0.16282493435068407,0.15760739166180882,0.025822820764525908,0.12864996408161264,0.21888424507552484,0.1531070383610496,0.16676231423627308,7.0,0.1596020504440181,0.15259816614739072,0.027448134163765864,0.12734112083855584,0.21598640686011156,0.14980449155863448,0.16083983807239977,8.0,0.04123043505847504,0.026731272917757985,0.07656458766017815,-0.03850574712643681,0.2036192527978024,-0.00453438123455319,0.05714378185244327,8.0,0.4136181778424346,0.4036770140428677,0.026091683246422307,0.3820289855072464,0.4661081492764661,0.4010468594217348,0.4229531823587198,8.0,0.11035231740461897,0.10902312842361533,0.043153716310309585,0.06018518518518518,0.19939577039274925,0.08416276346604215,0.11960256984909608,7.0,0.4583545192090485,0.43086816720257237,0.0722210792879813,0.37577639751552794,0.5970873786407767,0.41985441050528116,0.48252043504694997,8.0,121.5,123.0,56.012753649758835,0.0,190.0,118.75,142.75,8.0,0.8806398568705722,0.8858974358974359,0.11282305261007769,0.7391304347826088,1.0,0.7706451612903227,1.0,8.0,0.7887778838576711,0.7638888888888888,0.18896396389430176,0.574468085106383,1.0,0.6096866096866097,1.0,8.0,0.9049255399126048,0.9105718649244867,0.09569685615208116,0.7537313432835822,1.0,0.8509149202377229,1.0,8.0,-41.125,-6.5,99.00423872599741,-286.0,-2.0,-9.75,-4.25,8.0,-0.5,0.0,0.7559289460184544,-2.0,0.0,-1.0,0.0,8.0,0.8588082332738425,0.9772293286706851,0.3470864044311949,0.0,0.9936102236421726,0.9753526645768025,0.9837620737236349,8.0,0.9806183510638298,1.0,0.02728641101367571,0.9375,1.0,0.9555851063829788,1.0
160,8,8,6.0,0.75,7.0,0.875,7.0,0.875,8.0,1.0,7.0,0.875,0.0,0.0,0.0,0.0,1.0,0.125,0.0,0.0,0.0,0.0,0.0,0.0,0.0,0.0,0.0,0.0,0.0,0.0,0.0,0.0,0.0,0.0,2.0,0.25,2.0,0.25,2.0,0.25,8.0,1.0,0.0,0.0,0.0,0.0,0.0,0.0,0.0,0.0,8.0,0.96875,1.0,0.08838834764831845,0.75,1.0,1.0,1.0,8.0,0.9375,1.0,0.1767766952966369,0.5,1.0,1.0,1.0,8.0,369.25,299.0,161.61749374901927,229.0,635.0,238.75,488.75,8.0,316.5,286.5,186.60730348591858,0.0,574.0,222.5,450.75,8.0,26.5,25.0,20.79148177224784,5.0,62.0,8.75,39.0,8.0,2054.625,1636.0,938.126847575986,1244.0,3371.0,1267.0,2849.5,8.0,375.875,306.0,163.48563720225874,235.0,643.0,242.25,495.5,8.0,1737.375,1508.5,1059.6700210779904,0.0,3068.0,1175.75,2593.75,8.0,141.5,130.0,115.18804501460086,23.0,331.0,40.5,213.5,8.0,318.125,288.5,187.90988531740422,0.0,576.0,222.75,452.25,8.0,26.75,25.0,21.123784834027393,5.0,63.0,8.75,39.25,8.0,0.8272361606134796,0.9414997741304021,0.3352618898557,0.0,0.9798270893371758,0.915086816071068,0.9658391758477608,8.0,0.06726780542211593,0.061591072999469004,0.043786595133738275,0.02074688796680498,0.15139442231075698,0.03485851634701381,0.08690944881889763,8.0,20.69913840639647,15.66025641025641,16.387975160438888,0.0,46.6,10.583746898263026,29.291666666666668,8.0,0.021299324170660133,0.022963572675174217,0.0076864798488008815,0.01090909090909091,0.030303030303030304,0.014829652996845424,0.027028508771929825,8.0,2.375,2.0,0.7440238091428449,2.0,4.0,2.0,2.25,8.0,0.07991749904860707,0.08798672952680286,0.04532933394102424,0.01673640167364021,0.14060031595576616,0.04735210149174718,0.10922626118634668,8.0,0.4195673506730806,0.42399793692897136,0.07209295354798255,0.31338582677165355,0.5065502183406113,0.37241693122800046,0.47499628043841235,8.0,0.7826151954196297,0.8030488426634037,0.07559009871440414,0.668769716088328,0.881578947368421,0.7216973200210194,0.8265833333333332,8.0,0.920082500951393,0.9120132704731971,0.04532933394102424,0.8593996840442338,0.9832635983263598,0.8907737388136533,0.9526478985082528,8.0,0.9646800042438076,0.9591616654163542,0.025223952990341116,0.935126582278481,1.0,0.9463949893220285,0.9843776762774764,8.0,0.16554519500197196,0.16301993823357425,0.02223513560422234,0.13666597304753286,0.19624558068838815,0.1516785183626908,0.18315177435457144,7.0,0.16284082168691164,0.15975128618749393,0.0218607028143418,0.13519786576956913,0.1901027650027398,0.14687487729611998,0.1805420401281692,8.0,0.03569057669604464,0.04464123536491957,0.059847822108348644,-0.049565217391304345,0.09861468140548091,-0.012150171982489069,0.08678793346241859,8.0,0.4003406084916209,0.410726588181643,0.0510826236402853,0.33053137196037224,0.45819935691318325,0.35864892331792697,0.44040325357500176,8.0,0.13118337317449963,0.12955017536690844,0.017773658354375582,0.11206896551724138,0.15748031496062992,0.11552120893656345,0.1448205254266542,7.0,0.4227926632998983,0.40232558139534885,0.06769023652637744,0.3344947735191638,0.5137614678899083,0.3753869969040248,0.4790964132434089,8.0,126.875,121.5,62.31816405694708,0.0,192.0,110.5,177.0,8.0,0.8647102672292545,0.8604444444444443,0.1016780159050834,0.7199999999999999,1.0,0.7999026290165531,0.9230769230769231,8.0,0.7789534676483205,0.7636554621848739,0.17713337961542977,0.5333333333333333,1.0,0.6642736486486487,0.9166666666666666,8.0,0.9126860097559926,0.8967479674796748,0.06422780959394195,0.8413461538461539,1.0,0.8626148193508879,0.9577922077922079,8.0,-35.0,-10.0,74.52132964077178,-219.0,-1.0,-13.75,-7.25,8.0,-0.625,-0.5,0.7440238091428449,-2.0,0.0,-1.0,0.0,8.0,0.8546284221169256,0.9747486027433079,0.3456137186494032,0.0,0.9957264957264957,0.9610854367791333,0.9862095660225565,8.0,0.9790254884004884,0.9920634920634921,0.028721995805888276,0.9230769230769231,1.0,0.96875,1.0
170,8,8,3.0,0.375,5.0,0.625,5.0,0.625,8.0,1.0,5.0,0.625,0.0,0.0,0.0,0.0,3.0,0.375,0.0,0.0,0.0,0.0,0.0,0.0,0.0,0.0,0.0,0.0,0.0,0.0,0.0,0.0,0.0,0.0,4.0,0.5,4.0,0.5,4.0,0.5,8.0,1.0,0.0,0.0,0.0,0.0,0.0,0.0,0.0,0.0,8.0,0.90625,1.0,0.12938729237669142,0.75,1.0,0.75,1.0,8.0,0.8125,1.0,0.25877458475338283,0.5,1.0,0.5,1.0,8.0,458.875,315.0,484.1810279814182,116.0,1636.0,257.0,379.75,8.0,160.0,174.5,155.10549405393184,0.0,409.0,0.0,250.0,8.0,13.875,9.0,11.813279452741792,4.0,37.0,4.75,20.75,8.0,2494.0,1764.0,2472.580780133526,717.0,8506.0,1524.5,2082.25,8.0,459.125,317.5,477.0823341640608,123.0,1620.0,262.5,379.75,8.0,880.125,984.0,830.5387988700897,0.0,2135.0,0.0,1452.0,8.0,71.5,41.0,63.54301130505451,22.0,197.0,25.0,103.75,8.0,158.25,176.5,151.6544474407903,0.0,396.0,0.0,248.75,8.0,13.875,9.0,11.813279452741792,4.0,37.0,4.75,20.75,8.0,0.6016692394269144,0.9406130268199233,0.4986640992318072,0.0,0.9855421686746988,0.0,0.9703198926629476,8.0,0.04497419744898947,0.039919071076706544,0.03747977664836685,0.005501222493887531,0.10850439882697947,0.01279026139158711,0.06279152090621355,8.0,29.015579710144927,16.395652173913042,37.850415591542536,0.0,102.25,0.0,37.4375,8.0,0.020548036871246074,0.019955953395851093,0.01011906299830176,0.00819672131147541,0.041666666666666664,0.01576827390119654,0.023118089861209126,8.0,2.25,2.0,0.4629100498862757,2.0,3.0,2.0,2.25,8.0,0.08397209065994037,0.07662491654958697,0.045616791685950994,0.024390243902439046,0.1597307221542228,0.055705141231457006,0.11022051356448573,8.0,0.462143162994297,0.46639931548066793,0.11102346000747623,0.23838630806845965,0.6120689655172413,0.42979896124085787,0.5133161310501212,8.0,0.804272378290463,0.8124413722249519,0.07907567040242358,0.6391437308868502,0.8784722222222222,0.7793975561238988,0.869314381270903,8.0,0.9160279093400596,0.9233750834504131,0.045616791685950994,0.8402692778457772,0.975609756097561,0.8897794864355143,0.944294858768543,8.0,0.9573699688773527,0.9639983909895414,0.034007427789689314,0.8986301369863013,0.9965034965034965,0.9388567706729184,0.9798581320087303,8.0,0.1612763595668314,0.15600970439067954,0.02125603759749426,0.1414895035584691,0.2031210299776981,0.14448985589723992,0.17294038451650187,5.0,0.145332960754971,0.14318892714233578,0.011192925684038658,0.1339111429597694,0.16358637416763336,0.1396802660632448,0.1462980934418717,8.0,0.00205263141501031,-0.023174603174603164,0.05506054630082119,-0.04772727272727271,0.08220606393195226,-0.04308566433566433,0.054209567214424284,8.0,0.4175375132422723,0.4282171863784709,0.05045225455482894,0.3144838937220785,0.4839609483960948,0.4043687574373569,0.4429235616553161,8.0,0.11373020268805331,0.11579388353581901,0.018885149416958583,0.08801955990220049,0.13793103448275862,0.0966107200148484,0.1260493059193295,5.0,0.5234526728494266,0.5063291139240507,0.07839774807258043,0.4278728606356968,0.6160714285714286,0.47703180212014135,0.5899581589958159,8.0,80.0,94.5,72.39968429291861,0.0,175.0,0.0,136.5,8.0,0.9619727565093699,0.9782608695652174,0.04594909501593507,0.8918918918918919,1.0,0.9355263157894738,1.0,8.0,0.9419642857142857,1.0,0.09371172688144233,0.7857142857142857,1.0,0.9125,1.0,8.0,0.9597237175514349,0.9807692307692308,0.04793172105078972,0.8854166666666666,1.0,0.91963758706174,1.0,8.0,-295.75,-4.5,581.0836551527794,-1685.0,-1.0,-323.0,-1.75,8.0,-0.125,0.0,0.3535533905932738,-1.0,0.0,0.0,0.0,8.0,0.6189461542298831,0.9864768294323378,0.5125489032298368,0.0,0.9958333333333333,0.0,0.991270781649202,8.0,0.9875,1.0,0.03535533905932737,0.9,1.0,1.0,1.0
180,8,8,5.0,0.625,6.0,0.75,6.0,0.75,8.0,1.0,6.0,0.75,0.0,0.0,0.0,0.0,2.0,0.25,0.0,0.0,0.0,0.0,0.0,0.0,0.0,0.0,0.0,0.0,0.0,0.0,0.0,0.0,0.0,0.0,3.0,0.375,3.0,0.375,3.0,0.375,8.0,1.0,0.0,0.0,0.0,0.0,0.0,0.0,0.0,0.0,8.0,0.9375,1.0,0.11572751247156893,0.75,1.0,0.9375,1.0,8.0,0.875,1.0,0.23145502494313785,0.5,1.0,0.875,1.0,8.0,361.25,344.0,154.4601196795748,219.0,716.0,264.25,368.0,8.0,282.0,336.5,224.73285728361384,0.0,700.0,150.0,340.75,8.0,16.0,14.5,12.305631695633158,2.0,41.0,8.0,20.5,8.0,1969.625,1950.0,767.2876043942994,1200.0,3691.0,1447.75,2028.75,8.0,365.875,348.5,155.9317043726882,226.0,724.0,264.25,373.75,8.0,1507.5,1805.0,1163.5693852477016,0.0,3564.0,797.25,1910.75,8.0,83.625,80.0,64.31826556829938,6.0,212.0,39.5,106.75,8.0,282.75,336.5,225.46380767526432,0.0,703.0,151.5,341.0,8.0,16.0,14.5,12.305631695633158,2.0,41.0,8.0,20.5,8.0,0.7105396435114952,0.9277748507200562,0.4396578440832063,0.0,0.9797687861271677,0.6710526315789473,0.9768695481721063,8.0,0.04731672602306393,0.036595394736842105,0.036726398304080386,0.00749063670411985,0.10789473684210527,0.021419979332838183,0.06816072055798084,8.0,22.496396714635594,12.795454545454547,24.002138039506935,0.0,67.8,6.219512195121951,38.12745098039216,8.0,0.026644670002745063,0.023232595790609822,0.009733437141439049,0.01928374655647383,0.04887218045112782,0.021915181592600946,0.025781040877977897,8.0,2.375,2.0,0.5175491695067657,2.0,3.0,2.0,3.0,8.0,0.09588212551289979,0.0633597883597884,0.09832708625974272,0.015094339622641506,0.30112044817927175,0.03305255447720193,0.10409399903251268,8.0,0.44031974203677404,0.46725546743571256,0.07819604220143182,0.26536312849162014,0.5131086142322098,0.4201850780798149,0.4840645321531792,8.0,0.7879950175058741,0.8200982153551324,0.11657122538958477,0.5412587412587413,0.8909774436090225,0.7559033913485512,0.8684348226093956,8.0,0.9041178744871002,0.9366402116402116,0.09832708625974272,0.6988795518207283,0.9849056603773585,0.8959060009674873,0.9669474455227981,8.0,0.9479995727652105,0.971560725071089,0.06922916194598613,0.8106591865357644,0.9970845481049563,0.9454686987872829,0.9960886034255599,8.0,0.17018430223997316,0.15472191311670472,0.03977655235131835,0.13711565561544617,0.25676153972073706,0.1476757532636613,0.17448984652077223,6.0,0.17413634272290535,0.1563620056515668,0.04175436488741375,0.14418221377256973,0.25457324654665103,0.15033079245739617,0.17785414890469545,8.0,-0.009338813967942998,0.02566750104297038,0.12748389207456343,-0.3095238095238096,0.08485043718361712,-0.007436514300989058,0.06415171784737003,8.0,0.4111009320062094,0.4226895772215237,0.04962034042227542,0.29991872121376323,0.4651964162646451,0.4014686588921283,0.43695409203793306,8.0,0.1298198298624709,0.13860243189164229,0.034373982727381326,0.06640625,0.17458100558659218,0.10964912280701754,0.14969748459632853,6.0,0.4299849605517177,0.46058823529411763,0.08384523623026235,0.2671428571428571,0.4880239520958084,0.42734951123306464,0.4806194690265487,8.0,113.0,147.5,74.35052118176442,0.0,187.0,72.0,163.0,8.0,0.9230311023420044,0.897142857142857,0.0665336786486768,0.8444444444444444,1.0,0.8754040552453717,1.0,8.0,0.8458333333333333,0.8222222222222222,0.1410076486098903,0.65,1.0,0.7430555555555556,1.0,8.0,0.9237378100524414,0.9234364925854288,0.07456257202717637,0.8401826484018264,1.0,0.8537117117117117,1.0,8.0,-71.375,-13.5,113.94853161468495,-268.0,-3.0,-73.5,-7.75,8.0,-0.625,-1.0,0.5175491695067657,-1.0,0.0,-1.0,0.0,8.0,0.7305012616701085,0.9711269365317341,0.4510108423462504,0.0,0.9913294797687862,0.7142857142857142,0.9783382626793734,8.0,0.9690768169029038,0.9663561076604554,0.02946780272474431,0.9230769230769231,1.0,0.9503968253968254,1.0
190,8,8,4.0,0.5,4.0,0.5,6.0,0.75,5.0,0.625,4.0,0.5,0.0,0.0,0.0,0.0,3.0,0.375,0.0,0.0,0.0,0.0,0.0,0.0,3.0,0.375,0.0,0.0,0.0,0.0,0.0,0.0,0.0,0.0,1.0,0.125,1.0,0.125,1.0,0.125,8.0,1.0,0.0,0.0,0.0,0.0,0.0,0.0,0.0,0.0,8.0,0.78125,0.875,0.3390506704651344,0.0,1.0,0.75,1.0,8.0,0.6875,0.75,0.37201190457142247,0.0,1.0,0.5,1.0,8.0,388.25,409.5,201.35664876035258,102.0,695.0,218.75,500.25,8.0,300.25,282.5,244.7481212535509,0.0,685.0,152.25,439.25,8.0,11.375,10.5,13.244270998651238,0.0,39.0,0.0,13.25,8.0,2134.75,2283.0,1081.8399340277392,553.0,3671.0,1210.0,2766.0,8.0,393.75,416.5,201.90078893215988,103.0,701.0,224.75,504.5,8.0,1626.25,1543.0,1307.632293225322,0.0,3588.0,843.0,2412.0,8.0,57.5,50.0,70.86203900134805,0.0,210.0,0.0,62.5,8.0,301.375,283.5,245.1314151925161,0.0,686.0,154.5,441.0,8.0,11.5,11.0,13.234154946306814,0.0,39.0,0.0,13.25,8.0,0.7103191169012405,0.935307987032125,0.43891509233261455,0.0,0.9856115107913669,0.6855203619909502,0.9554501408691198,8.0,0.030422385072492373,0.029100109742714302,0.031914346480304674,0.0,0.08823529411764706,0.0,0.04782079740459319,8.0,126.38918997668998,19.740909090909092,206.7822921117083,0.0,545.0,7.76923076923077,135.20454545454547,8.0,0.024203015995949293,0.026716007335603878,0.01257171205396834,0.004739336492890996,0.039603960396039604,0.013675333146957413,0.03412132402764602,8.0,2.375,2.0,0.5175491695067657,2.0,3.0,2.0,3.0,8.0,0.09020489028644414,0.0683333333333333,0.061006569571216404,0.03196347031963476,0.20923520923520922,0.05478267216524943,0.09691558441558437,8.0,0.42064889560626534,0.4066018272914825,0.07863571444752694,0.28489208633093527,0.5196078431372549,0.380473962727203,0.4923589174421583,8.0,0.772894860265869,0.800760913823692,0.08231893600983171,0.6066282420749279,0.8545454545454545,0.7516328339846576,0.8236826052273474,8.0,0.9097951097135559,0.9316666666666666,0.061006569571216404,0.7907647907647908,0.9680365296803652,0.9030844155844157,0.9452173278347505,8.0,0.9580194327248948,0.9710411220177905,0.04154286464175189,0.880057803468208,0.9936034115138592,0.9539242079105406,0.9836689888632685,8.0,0.16735295723282445,0.1593938315355205,0.027029218036182603,0.14061800533124705,0.2212333491644693,0.14955725820888138,0.1735129157318661,6.0,0.16505928176233106,0.153751459071231,0.030702248689476363,0.13696313188482406,0.219523146265324,0.1460928057312011,0.17555779451544665,5.0,0.03477968697968698,0.04218181818181818,0.030830594018090945,0.00399999999999999,0.07853479853479854,0.006181818181818174,0.043000000000000003,8.0,0.4094557120150528,0.3992433257083589,0.05563245660671784,0.3192590574775266,0.5081374321880651,0.3862802337919761,0.437283168579652,8.0,0.12501426151522058,0.13826057797829533,0.0262094645546637,0.08144796380090498,0.1515837104072398,0.10261651346557008,0.1422023716648463,6.0,0.42447909509339016,0.42330928008055047,0.08266418143108457,0.28613138686131384,0.5165876777251185,0.4014851485148515,0.48332220088502964,8.0,118.0,132.5,82.68874513153874,0.0,218.0,75.75,172.0,8.0,0.6500212651000241,0.8449883449883451,0.3603580315364555,0.11471321695760599,1.0,0.4055655878131222,0.8835365853658536,8.0,0.5836781654950747,0.7398989898989898,0.363295641907874,0.10256410256410256,1.0,0.22797685703620754,0.8358585858585859,7.0,0.7366522017626606,0.8732394366197183,0.3350851154216935,0.057251908396946605,1.0,0.6785925892165352,0.9344444444444444,8.0,-63.25,-9.0,157.67212816474571,-453.0,4.0,-16.75,-3.0,8.0,-8.25,0.0,15.64562923904674,-41.0,0.0,-6.75,0.0,8.0,0.735963116902274,0.9760779146968406,0.4546538712243085,0.0,1.0193236714975846,0.7117962466487935,0.9832751279469755,8.0,0.6190476190476191,0.9761904761904762,0.5128728387747147,0.0,1.0,0.0,1.0
200,8,8,4.0,0.5,7.0,0.875,7.0,0.875,7.0,0.875,7.0,0.875,0.0,0.0,0.0,0.0,0.0,0.0,0.0,0.0,0.0,0.0,0.0,0.0,1.0,0.125,0.0,0.0,0.0,0.0,0.0,0.0,0.0,0.0,3.0,0.375,3.0,0.375,3.0,0.375,8.0,1.0,0.0,0.0,0.0,0.0,0.0,0.0,0.0,0.0,8.0,0.875,1.0,0.3535533905932738,0.0,1.0,1.0,1.0,8.0,0.875,1.0,0.3535533905932738,0.0,1.0,1.0,1.0,8.0,279.5,265.0,114.84274963121156,162.0,521.0,209.75,314.0,8.0,249.25,260.5,140.39103552984733,0.0,497.0,205.25,290.75,8.0,9.625,3.5,11.14754937835474,0.0,28.0,2.0,16.0,8.0,1596.375,1476.0,644.6677854301614,833.0,2955.0,1256.25,1766.0,8.0,283.375,267.5,116.2521121159894,156.0,526.0,215.5,322.0,8.0,1407.25,1418.5,773.1580415043596,0.0,2782.0,1202.25,1652.0,8.0,51.25,21.5,63.20431721240025,0.0,159.0,6.75,76.25,8.0,250.0,259.0,140.10608225810287,0.0,497.0,207.5,293.75,8.0,9.625,3.5,11.14754937835474,0.0,28.0,2.0,16.0,8.0,0.8444489854972861,0.9703130374957001,0.34202619380190435,0.0,0.9838709677419355,0.9437468755978795,0.9818478636914029,8.0,0.028780803008217514,0.017514270887389726,0.029889366765645613,0.0,0.09003215434083602,0.00868279569892473,0.0421819197423388,8.0,52.31615842490842,32.08653846153846,48.26129630342868,0.0,122.0,17.445714285714285,96.75,8.0,0.021232752537391115,0.020855231724796943,0.010709610577621249,0.00967741935483871,0.042704626334519574,0.01238425484891209,0.024915052053209947,8.0,2.25,2.0,0.4629100498862757,2.0,3.0,2.0,2.25,8.0,0.06025452085209901,0.04783329386691926,0.049828014229047826,0.006172839506172867,0.14018691588785048,0.03282751441383727,0.07494279865125242,8.0,0.4788480564928773,0.4801615656385217,0.07886187232419208,0.33589251439539347,0.5792682926829268,0.4422551215334958,0.5419086021505376,8.0,0.8308794714732367,0.8321578841915448,0.0809683875775616,0.6923076923076923,0.9202453987730062,0.8021070489158064,0.8968108371891266,8.0,0.939745479147901,0.9521667061330807,0.049828014229047826,0.8598130841121495,0.9938271604938271,0.9250572013487476,0.9671724855861628,8.0,0.9692318615920708,0.980361956103196,0.03254553778457525,0.909375,1.0,0.9626623376623377,0.9881211857018308,8.0,0.15194401747489558,0.14439691030125587,0.025606541427126494,0.12604013720041937,0.19552239283501502,0.13336471178333392,0.16571449512680847,7.0,0.1509938516536586,0.13849325735455292,0.024422024446771565,0.12748306574475568,0.18762947563518248,0.13226282991452037,0.1694127515060393,7.0,-0.052651048379363644,-0.03425925925925926,0.1762536195232606,-0.3095238095238096,0.18016149068322984,-0.16088435374149657,0.05841647346364329,8.0,0.428180392270468,0.4237691179551645,0.04964242302369446,0.3428087986463621,0.48355011476664117,0.4016747766882661,0.4763380881936412,8.0,0.1101063865840303,0.10070064705648843,0.030547946491298297,0.07317073170731707,0.15547024952015356,0.08955645161290322,0.13762817557034013,7.0,0.4783135236626264,0.49295774647887325,0.07967385010122927,0.3440643863179074,0.577639751552795,0.43424031016750436,0.5325260804769001,8.0,113.25,126.0,50.7141851105642,0.0,171.0,111.75,134.0,8.0,0.8950545288045288,0.9258241758241759,0.1212953962132557,0.6787878787878788,1.0,0.8475,1.0,8.0,0.8210470085470085,0.8675213675213675,0.21633265080940986,0.4,1.0,0.775,1.0,7.0,0.965157372811669,0.9642857142857143,0.03909641222791655,0.900709219858156,1.0,0.9455533377689067,1.0,8.0,-7.125,-8.0,3.9074105418879577,-13.0,0.0,-8.5,-5.5,8.0,0.0,0.0,0.0,0.0,0.0,0.0,0.0,8.0,0.8479967293959139,0.9654493376297888,0.3429201238009325,0.0,0.9857651245551602,0.9518511270232312,0.9818440203641815,8.0,0.875,1.0,0.3535533905932738,0.0,1.0,1.0,1.0
210,8,8,3.0,0.375,5.0,0.625,5.0,0.625,7.0,0.875,5.0,0.625,0.0,0.0,0.0,0.0,2.0,0.25,0.0,0.0,0.0,0.0,0.0,0.0,1.0,0.125,0.0,0.0,0.0,0.0,0.0,0.0,0.0,0.0,3.0,0.375,3.0,0.375,3.0,0.375,8.0,1.0,0.0,0.0,0.0,0.0,0.0,0.0,0.0,0.0,8.0,0.8125,1.0,0.3471825374147068,0.0,1.0,0.75,1.0,8.0,0.75,1.0,0.3779644730092272,0.0,1.0,0.5,1.0,8.0,366.125,283.5,275.782749641815,106.0,999.0,229.25,365.5,8.0,191.75,224.5,174.84421637560678,0.0,460.0,0.0,305.25,8.0,10.5,6.0,15.602197647401196,0.0,48.0,2.0,10.0,8.0,1949.5,1606.5,1295.699810913006,569.0,4866.0,1389.5,1971.0,8.0,371.375,288.5,275.45543455987837,107.0,1001.0,239.25,368.75,8.0,1040.875,1267.0,932.3980507272631,0.0,2400.0,0.0,1669.75,8.0,52.375,39.0,71.90656139344011,0.0,223.0,9.75,47.75,8.0,192.875,227.5,176.27449171270194,0.0,468.0,0.0,303.5,8.0,10.625,6.5,15.555775225206323,0.0,48.0,2.0,10.0,8.0,0.614247043821128,0.9805366962181573,0.5086500402363755,0.0,0.9879154078549849,0.0,0.9824363148822064,8.0,0.02087639229258982,0.021530546027625844,0.01620988160664343,0.0,0.04804804804804805,0.008118503533545391,0.026775440264158495,8.0,51.096428571428575,43.885714285714286,58.857098647694905,0.0,163.5,0.0,62.375,8.0,0.024985538577141954,0.025836869401225836,0.006757801844266076,0.014957264957264958,0.033066132264529056,0.020275903136165147,0.03064412619063703,8.0,2.125,2.0,0.3535533905932738,2.0,3.0,2.0,2.0,8.0,0.06375501182024464,0.02207602339181286,0.08549443280939373,0.013245033112582738,0.26078234704112335,0.02076513911620298,0.05891112259715969,8.0,0.4505283120366951,0.484624971017853,0.11128319804561866,0.21421421421421422,0.5754716981132075,0.4215769333668431,0.5042099041113884,8.0,0.827167495723965,0.8769875662522084,0.13477315235937865,0.5230460921843687,0.9238095238095239,0.8246681415929203,0.9072682268226823,8.0,0.9362449881797553,0.9779239766081871,0.08549443280939371,0.7392176529588766,0.9867549668874173,0.9410888774028403,0.9792348608837971,8.0,0.9704756828051795,0.9931946864111498,0.04930478628405626,0.8594377510040161,1.0,0.9729035985473754,0.9966960352422907,8.0,0.15345969395747971,0.1393954101857131,0.04110139832850601,0.12014653281125671,0.24795217331187763,0.13144976431428848,0.15276771058850316,5.0,0.1423230752538542,0.13596119077191504,0.015575380832130697,0.12945881934156372,0.1683218019418809,0.13321229322265332,0.14466127099125814,7.0,-0.05447654260548884,-0.015126050420168053,0.13194638421379087,-0.3095238095238096,0.10080323919473332,-0.07636363636363638,-0.0023809523809523846,8.0,0.4371542356161437,0.4382170824986341,0.07115708450301747,0.31113851212494864,0.5654450261780105,0.41893211156379734,0.4584896753296621,8.0,0.11769822103778257,0.10715090924316698,0.04318932726443209,0.06844106463878327,0.1871871871871872,0.08495423340961097,0.14912517662704677,5.0,0.4744885253016854,0.48322147651006714,0.05196279049492011,0.38913043478260867,0.5309734513274337,0.4798206278026906,0.4892966360856269,8.0,88.75,113.5,76.73097716791347,0.0,179.0,0.0,148.0,8.0,0.8489072098608181,0.9036082474226803,0.17308915385142623,0.5714285714285714,1.0,0.7531531531531532,1.0,8.0,0.7589869281045751,0.7970588235294118,0.2503007716978303,0.36666666666666664,1.0,0.611111111111111,1.0,8.0,0.871819578324718,0.9447767145135566,0.1685349393487377,0.5783699059561129,1.0,0.8064455569461827,1.0,8.0,-155.875,-3.5,343.6698737783938,-978.0,3.0,-71.0,-0.75,8.0,-0.125,0.0,0.3535533905932738,-1.0,0.0,0.0,0.0,8.0,0.6206103384494288,0.9818315816457319,0.5140120288853964,0.0,1.0134529147982063,0.0,0.9924972129319956,8.0,0.8724489795918368,1.0,0.35259494986063256,0.0,1.0,0.9948979591836735,1.0
220,8,8,7.0,0.875,8.0,1.0,8.0,1.0,8.0,1.0,8.0,1.0,0.0,0.0,0.0,0.0,0.0,0.0,0.0,0.0,0.0,0.0,0.0,0.0,0.0,0.0,0.0,0.0,0.0,0.0,0.0,0.0,0.0,0.0,4.0,0.5,4.0,0.5,4.0,0.5,8.0,1.0,0.0,0.0,0.0,0.0,0.0,0.0,0.0,0.0,8.0,1.0,1.0,0.0,1.0,1.0,1.0,1.0,8.0,1.0,1.0,0.0,1.0,1.0,1.0,1.0,8.0,372.5,326.0,159.49473793379966,183.0,651.0,272.25,465.75,8.0,362.375,308.5,157.8597365656342,179.0,641.0,265.0,456.5,8.0,10.75,10.0,7.55456342692472,3.0,28.0,7.25,11.0,8.0,2030.625,1790.0,807.7554328419675,1113.0,3480.0,1513.0,2489.0,8.0,379.875,332.0,164.1109707310444,188.0,672.0,278.25,472.0,8.0,1945.0,1670.5,800.8968187511512,1055.0,3395.0,1445.5,2401.25,8.0,51.0,49.0,32.266745375740285,17.0,123.0,33.25,53.25,8.0,364.875,310.0,162.3896878323427,179.0,657.0,265.5,457.75,8.0,10.75,10.0,7.55456342692472,3.0,28.0,7.25,11.0,8.0,0.9715638104084616,0.9783872775676055,0.018907760589234962,0.9262295081967213,0.9846390168970814,0.9737118145012882,0.9800891993688604,8.0,0.02997701183212769,0.02492246344705361,0.020024908154238085,0.01282051282051282,0.07650273224043716,0.019760993517144422,0.02979389032020611,8.0,41.97835497835498,39.65,19.507030548787245,12.107142857142858,76.33333333333333,32.9875,50.09090909090909,8.0,0.021328157012384694,0.023252894971252734,0.00868881590356529,0.007017543859649123,0.030136986301369864,0.016593406593406596,0.028463103678504437,8.0,2.625,2.0,1.407885953173359,2.0,6.0,2.0,2.25,8.0,0.08696280793292768,0.08876107322669047,0.05381174288425824,0.012931034482758674,0.16024653312788906,0.050577865412021944,0.12340046531917989,8.0,0.43692717563979255,0.4224655126294471,0.10326373263688499,0.3107344632768362,0.6010928961748634,0.3522517333001204,0.4994152046783626,8.0,0.7954510336523367,0.7939197308339341,0.08874515189279897,0.6811320754716981,0.9184549356223176,0.727457891995138,0.8564366971057111,8.0,0.9130371920670723,0.9112389267733095,0.05381174288425823,0.8397534668721109,0.9870689655172413,0.8765995346808201,0.9494221345879781,8.0,0.9547442138782196,0.9622925730951981,0.03482313241957951,0.904320987654321,1.0,0.9243285123966942,0.976558902090817,8.0,0.1634725447091539,0.16772141524545026,0.027333497461093297,0.12580310350474047,0.19657776020213844,0.14673085374892275,0.18161549643038646,8.0,0.16106081929174984,0.16316364365285363,0.026172739590044736,0.1265431791033889,0.19374930631269444,0.14363906252139247,0.17952657342799605,8.0,-0.009588687165416382,-0.01903787878787877,0.04178206798297398,-0.06078431372549022,0.06617950703316557,-0.03079166666666667,0.0010636731689363122,8.0,0.4093973144039781,0.40428955874652595,0.053025727403193966,0.3466476462196862,0.4823076923076923,0.360109783614904,0.45073587968635137,8.0,0.10731902405117316,0.10655737704918034,0.021025866558996215,0.07987711213517665,0.1337099811676083,0.08916083916083917,0.12683143669985775,8.0,0.44045295103028576,0.4332662428250429,0.10067911032242903,0.31477927063339733,0.5977653631284916,0.3541269926659135,0.5044610599729823,8.0,147.375,139.0,37.01326982120254,107.0,228.0,125.5,155.0,8.0,0.9340909090909091,0.9545454545454546,0.08398993586755851,0.7636363636363638,1.0,0.9,1.0,8.0,0.8916958041958043,0.95,0.139973698903024,0.6153846153846154,1.0,0.8136363636363637,1.0,8.0,0.939440346938188,0.9745762711864407,0.0944211924063729,0.7244094488188977,1.0,0.9304901960784313,1.0,8.0,-3.125,-2.0,4.086126352846737,-12.0,1.0,-4.25,-0.75,8.0,0.125,0.0,0.3535533905932738,0.0,1.0,0.0,0.0,8.0,0.991892130686002,0.9921868086020962,0.008298479467155992,0.9816232771822359,1.0029585798816567,0.9849068822856281,0.9985632183908046,8.0,1.0046296296296298,1.0,0.013094570021973081,1.0,1.037037037037037,1.0,1.0
230,8,8,4.0,0.5,5.0,0.625,5.0,0.625,7.0,0.875,5.0,0.625,0.0,0.0,0.0,0.0,3.0,0.375,0.0,0.0,0.0,0.0,0.0,0.0,1.0,0.125,0.0,0.0,0.0,0.0,0.0,0.0,0.0,0.0,4.0,0.5,4.0,0.5,4.0,0.5,8.0,1.0,0.0,0.0,0.0,0.0,0.0,0.0,0.0,0.0,8.0,0.875,1.0,0.1889822365046136,0.5,1.0,0.75,1.0,8.0,0.75,1.0,0.3779644730092272,0.0,1.0,0.5,1.0,8.0,241.625,253.0,37.328416980709406,170.0,286.0,222.75,263.0,8.0,133.0,175.0,114.22033844410423,0.0,256.0,0.0,224.0,8.0,11.25,10.0,8.413424646700907,0.0,25.0,6.5,17.25,8.0,1398.0,1390.0,250.81638132876637,919.0,1714.0,1350.0,1514.25,8.0,246.625,255.0,37.213428835761505,174.0,293.0,230.0,267.5,8.0,746.125,966.0,644.093701590515,0.0,1382.0,0.0,1320.25,8.0,54.75,45.5,45.09276153505286,0.0,138.0,31.5,78.25,8.0,132.75,176.0,113.72743104206904,0.0,247.0,0.0,226.25,8.0,11.25,10.0,8.413424646700907,0.0,25.0,6.5,17.25,8.0,0.5932669873035401,0.9124413145539907,0.49199792930805436,0.0,0.9846153846153847,0.0,0.9679651391924331,8.0,0.04995064392940465,0.03945414471730261,0.038751898659325525,0.0,0.10588235294117647,0.028471749489448604,0.08283709610604806,8.0,25.25234885620915,10.044117647058822,43.00112352527304,0.0,128.0,0.0,26.760416666666668,8.0,0.01996305702269167,0.020688917415489942,0.00598254165448364,0.009433962264150943,0.027131782945736434,0.017003646367824626,0.023423423423423424,8.0,2.125,2.0,0.3535533905932738,2.0,3.0,2.0,2.0,8.0,0.08218213574894606,0.06694452428858871,0.08405628428914766,0.008928571428571397,0.27976190476190477,0.038307493540051696,0.07969277297287325,8.0,0.4966873666329232,0.5062569009937431,0.056404138593268954,0.4117647058823529,0.6017699115044248,0.46408178802544997,0.5148755656108597,8.0,0.8256187883991192,0.8406459064590646,0.0953400208505182,0.6094674556213018,0.9333333333333333,0.8202885037297061,0.8691119691119691,8.0,0.9178178642510539,0.9330554757114113,0.08405628428914766,0.7202380952380952,0.9910714285714286,0.9203072270271268,0.9616925064599483,8.0,0.9536545701641559,0.968077612704918,0.06320317283247152,0.8023952095808383,1.0,0.9589432946323405,0.9884570320975511,8.0,0.15605763314219795,0.1499977497345948,0.03150653539364429,0.12972788208360606,0.23024186237004865,0.13874225346407812,0.15594594753452776,5.0,0.15350638749336737,0.13885406708708622,0.033760985687954166,0.12813770029947746,0.212397423242563,0.1388386512556928,0.1493040955820174,7.0,-0.03382521625250892,-0.018888888888888872,0.12613990222056926,-0.3095238095238096,0.05547826086956521,-0.020156926406926408,0.03823588829471183,8.0,0.43428765199745034,0.4344516650334382,0.023076360495410998,0.3862894450489663,0.4684361549497848,0.4314854243383998,0.44341208436953117,8.0,0.10275300007927499,0.09267786204405923,0.027894554341213247,0.0752212389380531,0.16470588235294117,0.08802961744138216,0.10790489737858158,5.0,0.5136290041086402,0.50390625,0.06083618477327598,0.4444444444444444,0.6118721461187214,0.49746192893401014,0.5104602510460251,8.0,68.875,83.0,60.66167888967701,0.0,134.0,0.0,123.75,8.0,0.8611955956625075,0.9722222222222222,0.2695275495505914,0.2125,1.0,0.8877005347593583,1.0,8.0,0.8175679242255329,0.9230769230769231,0.281473568638995,0.18055555555555555,1.0,0.7875494071146245,1.0,8.0,0.86425733540495,0.9829545454545454,0.3049783947404417,0.11488862837045721,1.0,0.9174989144594008,1.0,8.0,-99.5,-8.5,130.22837083918608,-264.0,-1.0,-253.0,-4.5,8.0,-4.375,0.0,11.975421257129716,-34.0,0.0,-0.25,0.0,8.0,0.6090411236334001,0.9554690812185815,0.5045754071208133,0.0,0.9961089494163424,0.0,0.9801597550177096,8.0,0.8701923076923077,1.0,0.35186827772474344,0.0,1.0,0.9903846153846154,1.0
240,8,8,4.0,0.5,5.0,0.625,5.0,0.625,8.0,1.0,5.0,0.625,0.0,0.0,0.0,0.0,3.0,0.375,0.0,0.0,0.0,0.0,0.0,0.0,0.0,0.0,0.0,0.0,0.0,0.0,0.0,0.0,0.0,0.0,5.0,0.625,5.0,0.625,5.0,0.625,8.0,1.0,0.0,0.0,0.0,0.0,0.0,0.0,0.0,0.0,8.0,0.90625,1.0,0.12938729237669142,0.75,1.0,0.75,1.0,8.0,0.8125,1.0,0.25877458475338283,0.5,1.0,0.5,1.0,8.0,341.625,323.5,122.5991581187594,211.0,540.0,243.75,399.0,8.0,207.375,209.5,206.32286591650475,0.0,506.0,0.0,307.0,8.0,10.375,8.0,10.473606283006278,2.0,35.0,5.25,9.75,8.0,1950.875,1788.0,750.0526529136853,1121.0,3124.0,1344.5,2434.0,8.0,347.25,325.5,125.90898073041267,211.0,548.0,248.5,411.0,8.0,1151.75,1126.0,1172.2975914234162,0.0,2872.0,0.0,1678.0,8.0,58.875,40.0,67.67028784586968,6.0,219.0,26.75,59.25,8.0,208.0,207.5,208.1036829494924,0.0,508.0,0.0,308.75,8.0,10.5,8.0,10.810048235652923,2.0,36.0,5.25,9.75,8.0,0.6055016838804606,0.9548198883815322,0.501587006739842,0.0,0.9801587301587301,0.0,0.9767053997982451,8.0,0.02695637089827084,0.024343274738297453,0.017307758134011676,0.009375,0.06481481481481481,0.020226811103588354,0.028633069414771062,8.0,28.704464285714288,22.442857142857143,34.83437991456475,0.0,103.0,0.0,40.72916666666667,8.0,0.026335554586033844,0.02400458528060795,0.011174901575898037,0.013761467889908258,0.049079754601226995,0.01914546640574038,0.029508668671230247,8.0,2.625,2.5,0.7440238091428449,2.0,4.0,2.0,3.0,8.0,0.06328866294957158,0.05495167286245356,0.04198157531756043,0.01572327044025157,0.1411290322580645,0.03562057636760521,0.07637362637362635,8.0,0.4473626816876283,0.47231980223783504,0.05829447427479114,0.37349397590361444,0.5068493150684932,0.3823012232415902,0.49472008293838865,8.0,0.8187401489441375,0.8380014189816078,0.06463405334825897,0.7062374245472837,0.8761467889908257,0.7997015035796806,0.8650806090461263,8.0,0.9367113370504284,0.9450483271375465,0.04198157531756043,0.8588709677419355,0.9842767295597484,0.9236263736263737,0.9643794236323948,8.0,0.9736971410942244,0.9806488523928114,0.02578600825773648,0.9191919191919192,0.9968454258675079,0.9664702581369249,0.9916310541310541,8.0,0.15800641782422184,0.155396246000586,0.025333816569007732,0.1317351663271749,0.1964814318008678,0.13603168835872864,0.16793325316354105,5.0,0.15372746891929048,0.15320372470453403,0.02386722048578944,0.13007637990319976,0.1917036459330613,0.13730051838580026,0.156353075669857,8.0,-0.03317732705168318,0.0020935960591132825,0.1220444749219763,-0.3095238095238096,0.09157898775948736,-0.03955627705627706,0.02700101317122594,8.0,0.4180412512761431,0.41695999522418237,0.04459565427769108,0.36,0.47546833184656556,0.38856687941924317,0.4528578594618696,8.0,0.12093847360165447,0.11288296687644057,0.03246544653473193,0.07222222222222222,0.1743119266055046,0.1071917808219178,0.13489672977624784,5.0,0.4488261092408673,0.4817813765182186,0.06165360362351258,0.37782340862423,0.5117370892018779,0.38735177865612647,0.4854368932038835,8.0,88.5,104.5,80.76066935263547,0.0,196.0,0.0,135.25,8.0,0.9312821372680528,1.0,0.10853526572564086,0.7042253521126761,1.0,0.8809523809523809,1.0,8.0,0.8938626126126126,1.0,0.16351252743000866,0.5675675675675675,1.0,0.8125,1.0,8.0,0.9491525485443963,1.0,0.07777544761923223,0.7920353982300885,1.0,0.901909150757077,1.0,8.0,-129.625,-9.0,171.22661467023335,-366.0,1.0,-319.75,-6.75,8.0,-0.125,0.0,0.3535533905932738,-1.0,0.0,0.0,0.0,8.0,0.6142975340331935,0.9725218423039586,0.5087856052762304,0.0,1.0048780487804878,0.0,0.9814247122386657,8.0,0.9965277777777778,1.0,0.009820927516479831,0.9722222222222222,1.0,1.0,1.0
250,8,8,3.0,0.375,3.0,0.375,4.0,0.5,7.0,0.875,3.0,0.375,0.0,0.0,0.0,0.0,5.0,0.625,0.0,0.0,0.0,0.0,0.0,0.0,1.0,0.125,0.0,0.0,0.0,0.0,0.0,0.0,0.0,0.0,5.0,0.625,5.0,0.625,5.0,0.625,8.0,1.0,0.0,0.0,0.0,0.0,0.0,0.0,0.0,0.0,8.0,0.84375,0.75,0.12938729237669142,0.75,1.0,0.75,1.0,8.0,0.6875,0.5,0.25877458475338283,0.5,1.0,0.5,1.0,8.0,234.375,187.5,122.6923417100094,134.0,509.0,170.5,252.75,8.0,77.75,63.5,85.80501150865257,0.0,188.0,0.0,140.75,8.0,8.25,5.5,7.55456342692472,0.0,21.0,2.75,13.75,8.0,1326.25,1121.5,617.1769253162801,802.0,2629.0,957.75,1412.75,8.0,238.0,194.0,118.2527559328504,140.0,501.0,174.75,257.5,8.0,447.125,344.0,495.4188523721259,0.0,1074.0,0.0,833.75,8.0,42.375,31.0,41.265473288383426,0.0,118.0,10.5,65.25,8.0,78.375,63.5,86.59418901651873,0.0,190.0,0.0,142.0,8.0,8.25,5.5,7.55456342692472,0.0,21.0,2.75,13.75,8.0,0.4758999781931627,0.4471830985915493,0.5094338038556533,0.0,0.9835164835164835,0.0,0.9599412265099374,8.0,0.041153353058824504,0.03710841397408562,0.038730319234006126,0.0,0.11267605633802817,0.009806810740013099,0.05864315423138952,8.0,32.371651785714285,3.96875,64.76390423078988,0.0,188.0,0.0,24.901785714285715,8.0,0.017974183516338758,0.016825834214102373,0.00791469497672109,0.0055248618784530384,0.03346456692913386,0.014824294779501946,0.020899261603375525,8.0,2.0,2.0,0.0,2.0,2.0,2.0,2.0,8.0,0.0701821214416,0.03298433775961862,0.07264021565889513,0.0,0.2142857142857143,0.025550667616716732,0.11080508474576276,8.0,0.5243962430029118,0.5239004902217337,0.09126812339026945,0.3988212180746562,0.6865671641791045,0.46700792993253637,0.5664377289377289,8.0,0.8405895615979116,0.848630249343832,0.08391373022690203,0.6808510638297872,0.9323308270676691,0.8017768559698939,0.9024352603475415,8.0,0.9298178785584,0.9670156622403814,0.07264021565889513,0.7857142857142857,1.0,0.8891949152542372,0.9744493323832832,8.0,0.9588451573564041,0.9828999008064864,0.049776260743737595,0.8633093525179856,1.0,0.935551454624403,0.9942375702101103,8.0,0.14950293079164179,0.14229602602843916,0.0266771348343882,0.12146245483122944,0.19611591303716253,0.12947754068347256,0.16577775025442687,4.0,0.13513726490664363,0.1260424689666244,0.0254838558812929,0.11622559104454051,0.1722385306487852,0.11988751899753344,0.1412922148757346,7.0,-0.05114907789018915,-0.017293233082706777,0.12543990292217722,-0.3095238095238096,0.060048426150121056,-0.07083333333333335,0.02519586894586895,8.0,0.44730435815226127,0.45538317970917847,0.03570954516744682,0.3990174672489083,0.5054151624548736,0.415700530043712,0.46399071618037135,8.0,0.10719492583078515,0.10438635438635438,0.020546984082853745,0.08450704225352113,0.14145383104125736,0.09233624622998994,0.11278011204481793,4.0,0.5820688336140356,0.5724176869131107,0.09190980976735581,0.48031496062992124,0.703125,0.5429510805830122,0.6115354399441342,8.0,45.125,30.5,50.11825301937694,0.0,106.0,0.0,93.5,8.0,0.8404477466977467,1.0,0.33086519624617067,0.0505050505050505,1.0,0.8798076923076923,1.0,8.0,0.8082251082251082,1.0,0.3392989530478453,0.047619047619047616,1.0,0.7636363636363637,1.0,8.0,0.868286934338953,1.0,0.34266249882678557,0.02129547471162374,1.0,0.9645833333333333,1.0,8.0,-151.375,-95.0,179.0386530493186,-496.0,-3.0,-238.75,-9.25,8.0,-0.625,0.0,1.7677669529663689,-5.0,0.0,0.0,0.0,8.0,0.4777070152070152,0.47354497354497355,0.5107769567787191,0.0,0.9769230769230769,0.0,0.9484848484848485,8.0,0.875,1.0,0.3535533905932738,0.0,1.0,1.0,1.0
260,8,8,3.0,0.375,4.0,0.5,7.0,0.875,5.0,0.625,4.0,0.5,0.0,0.0,0.0,0.0,4.0,0.5,0.0,0.0,0.0,0.0,0.0,0.0,3.0,0.375,0.0,0.0,0.0,0.0,0.0,0.0,0.0,0.0,2.0,0.25,2.0,0.25,2.0,0.25,8.0,1.0,0.0,0.0,0.0,0.0,0.0,0.0,0.0,0.0,8.0,0.875,0.875,0.1336306209562122,0.75,1.0,0.75,1.0,8.0,0.75,0.75,0.2672612419124244,0.5,1.0,0.5,1.0,8.0,427.875,360.0,236.48584222195748,264.0,988.0,287.75,437.0,8.0,342.375,293.5,255.9754103703825,0.0,900.0,254.5,354.5,8.0,22.875,7.5,32.04656210667757,0.0,89.0,0.0,34.75,8.0,2331.5,2026.5,1251.07096978092,1421.0,5273.0,1541.25,2364.5,8.0,434.5,369.5,236.88996843019154,271.0,994.0,291.75,448.25,8.0,1854.75,1624.5,1362.6802108869333,0.0,4762.0,1334.0,1951.25,8.0,115.625,34.0,169.32043796980244,0.0,478.0,0.0,166.75,8.0,344.375,292.0,256.4454481115679,0.0,900.0,255.75,361.5,8.0,23.0,7.5,32.341923257592455,0.0,90.0,0.0,34.75,8.0,0.8059907689548751,0.9054655870445345,0.32807007099201574,0.0,0.9822064056939501,0.8859513672343488,0.9288332635106828,8.0,0.045049854080827685,0.018790993090021225,0.053630214883197684,0.0,0.12928759894459102,0.0,0.09342279771045651,8.0,136.07093269892226,51.056179775280896,166.1050405250608,0.0,425.0,8.213775510204082,254.0,8.0,0.023203708815912244,0.020686727346827874,0.009080398434199213,0.011406844106463879,0.042328042328042326,0.019661854103343465,0.025459741067610123,8.0,2.125,2.0,0.3535533905932738,2.0,3.0,2.0,2.0,8.0,0.10908524549045708,0.1050630732783931,0.07095605496626464,0.014336917562724039,0.21621621621621623,0.05687684365781709,0.15501394523326575,8.0,0.403128474110658,0.3964809384164223,0.08695674676230464,0.27125506072874495,0.5480427046263345,0.34585497592200387,0.459590141041754,8.0,0.7593893324973637,0.7725998921152,0.10202434287946383,0.6160081053698075,0.9071428571428571,0.6935794542536116,0.8196661459040891,8.0,0.8909147545095428,0.894936926721607,0.07095605496626464,0.7837837837837838,0.985663082437276,0.8449860547667343,0.9431231563421829,8.0,0.9420836871416295,0.9495139398385913,0.049563830071661125,0.8668171557562077,1.0,0.9058817807177347,0.9837861585139829,8.0,0.1752342948880053,0.17378504452549778,0.03595270753680248,0.12412557535354862,0.2213447433619653,0.1478741714103932,0.20214802638580542,7.0,0.16043867286640318,0.1592453847787208,0.030029544663622527,0.1255575320235377,0.21171626593450973,0.13914403300378342,0.17413173066024362,5.0,0.09137647688208825,0.14872195686785353,0.12328513851065868,-0.08974358974358976,0.21760262725779964,0.02393939393939394,0.15636199608898396,8.0,0.392561650169152,0.3901095704482209,0.049914282925940516,0.31443201213730326,0.4739583333333333,0.3658740304371641,0.42501808389243867,8.0,0.11739567748333651,0.10985943978157549,0.047840803067019336,0.06060606060606061,0.19433198380566802,0.0774390343900159,0.15173722446371735,7.0,0.42991746065202957,0.42911877394636017,0.08712999138709973,0.2822222222222222,0.5434782608695652,0.39139409953274207,0.48590738423028784,8.0,135.375,125.5,72.96366512567353,0.0,254.0,118.0,161.5,8.0,0.5876792399981627,0.7083380536988784,0.4082500166681295,0.040632054176072234,1.0,0.17633756205184778,0.95,8.0,0.5214169542005858,0.5,0.3986801516692015,0.041237113402061855,1.0,0.13553009453153045,0.9,8.0,0.5778219281102563,0.7337618633493402,0.4352488433211216,0.017985611510791366,1.0,0.10020902610303103,0.9586206896551724,8.0,-62.0,-8.5,152.44390068855776,-439.0,1.0,-15.5,-5.25,8.0,-8.875,-2.0,13.141401316885068,-30.0,1.0,-14.0,0.0,8.0,0.8576840563945035,0.9800923455300588,0.3468122695089998,0.0,1.0038461538461538,0.9680680997109827,0.9829919265627729,8.0,0.6222278225806451,0.978494623655914,0.5155564827539402,0.0,1.0208333333333333,0.0,1.0
270,8,8,3.0,0.375,6.0,0.75,6.0,0.75,7.0,0.875,6.0,0.75,0.0,0.0,0.0,0.0,1.0,0.125,0.0,0.0,0.0,0.0,0.0,0.0,1.0,0.125,0.0,0.0,0.0,0.0,0.0,0.0,0.0,0.0,4.0,0.5,4.0,0.5,4.0,0.5,8.0,1.0,0.0,0.0,0.0,0.0,0.0,0.0,0.0,0.0,8.0,0.84375,1.0,0.35197148829333974,0.0,1.0,0.9375,1.0,8.0,0.8125,1.0,0.37201190457142247,0.0,1.0,0.875,1.0,8.0,311.25,304.0,121.90482235861596,157.0,558.0,249.75,341.5,8.0,243.5,289.5,181.14792692319563,0.0,539.0,131.25,327.25,8.0,14.875,4.5,20.31493117318955,0.0,59.0,2.0,21.75,8.0,1695.75,1622.0,703.9181669159319,864.0,3178.0,1305.75,1869.25,8.0,315.5,306.0,124.73629326360013,158.0,569.0,252.5,345.75,8.0,1313.75,1517.5,1004.1603101952539,0.0,3044.0,709.5,1725.25,8.0,74.0,24.5,101.67736087392176,0.0,293.0,6.0,110.0,8.0,243.875,290.0,182.41196506808427,0.0,545.0,131.25,325.25,8.0,14.875,4.5,20.31493117318955,0.0,59.0,2.0,21.75,8.0,0.7032757774461496,0.9182982934788424,0.43745220505705545,0.0,0.9909365558912386,0.6314713896457765,0.9765424269034377,8.0,0.04681965518603788,0.01503127676412875,0.06347104273424428,0.0,0.16076294277929154,0.00714967176248779,0.06046380998234633,8.0,42.30234620213434,16.715740740740742,57.28985928163674,0.0,164.0,3.9279661016949152,60.9375,8.0,0.029288908193670606,0.026374729687982698,0.015267511741336542,0.01092896174863388,0.06037735849056604,0.022221315488819976,0.032463768115942024,8.0,2.125,2.0,0.3535533905932738,2.0,3.0,2.0,2.0,8.0,0.05466394618326552,0.03714595705801732,0.0534732226821158,0.0,0.17086330935251803,0.027897209173804893,0.058856516161072736,8.0,0.46451305440872176,0.459809433493644,0.09948849586546088,0.3100358422939068,0.6496815286624203,0.4250578298772607,0.48631391777574223,8.0,0.8241207487098828,0.8317610062893082,0.08422179595483414,0.6678635547576302,0.9551282051282052,0.7998304694186582,0.8652272727272727,8.0,0.9453360538167346,0.9628540429419827,0.0534732226821158,0.829136690647482,1.0,0.9411434838389272,0.9721027908261951,8.0,0.9772541573849822,0.9879978492145792,0.031371393484901124,0.9081081081081082,1.0,0.9737887112887113,0.9972627737226277,8.0,0.15185171457846508,0.15513069831212614,0.02620114432992535,0.1110717558567877,0.20248310077243642,0.13748032514481026,0.15716260826602096,6.0,0.15424804683383164,0.15211961342535804,0.024242636322529005,0.1264306690585343,0.19808343658823419,0.14212742897994268,0.15648358911186536,7.0,-0.07184288816044986,-0.03161290322580645,0.17141797444822254,-0.3095238095238096,0.08831491872505351,-0.18670634920634924,0.061667137657056004,8.0,0.4398759101830132,0.439318641264396,0.06060400996043813,0.33354310887350536,0.5405092592592593,0.41450704609049976,0.46665802681495794,8.0,0.11712149482619807,0.11048118523727207,0.0276210758101969,0.0845771144278607,0.16606498194945848,0.09933226855504455,0.13603829393303077,6.0,0.4430630150936296,0.44321724414358243,0.07846451214764072,0.31539888682745826,0.56,0.43163183755623963,0.46238532110091746,8.0,102.125,130.5,66.18035422777885,0.0,170.0,73.5,142.5,8.0,0.9088087105369148,0.9750000000000001,0.14149802667636394,0.5904761904761905,1.0,0.8664606376057254,1.0,8.0,0.8598641422170834,0.9411764705882353,0.21253828329589414,0.3783783783783784,1.0,0.8136363636363637,1.0,7.0,0.9559951267980465,1.0,0.05780558310393856,0.8754208754208754,1.0,0.908272506082725,1.0,8.0,-38.375,-5.5,90.2265996572756,-261.0,0.0,-10.25,-3.5,8.0,0.375,0.0,0.7440238091428449,0.0,2.0,0.0,0.25,8.0,0.7351588876460706,0.9820089550628472,0.4538391896708537,0.0,0.9887005649717514,0.719306049822064,0.984407689804268,8.0,0.884193657219973,1.0,0.3576553739808557,0.0,1.0384615384615385,1.0,1.0087719298245614
280,8,8,2.0,0.25,4.0,0.5,4.0,0.5,6.0,0.75,4.0,0.5,0.0,0.0,0.0,0.0,2.0,0.25,0.0,0.0,0.0,0.0,0.0,0.0,2.0,0.25,0.0,0.0,0.0,0.0,0.0,0.0,0.0,0.0,3.0,0.375,3.0,0.375,3.0,0.375,8.0,1.0,0.0,0.0,0.0,0.0,0.0,0.0,0.0,0.0,8.0,0.6875,0.875,0.43813729094233206,0.0,1.0,0.5625,1.0,8.0,0.625,0.75,0.44320263021395917,0.0,1.0,0.375,1.0,8.0,297.875,248.5,157.3798294391175,72.0,566.0,212.75,394.75,8.0,154.125,95.5,198.17556249807535,0.0,555.0,0.0,228.25,8.0,8.625,7.0,8.484229066753375,0.0,19.0,1.5,16.0,8.0,1666.875,1352.0,911.1182199441989,387.0,3317.0,1191.5,2274.75,8.0,301.875,251.5,158.45543537537614,74.0,568.0,214.5,403.0,8.0,858.25,522.5,1133.437470705817,0.0,3221.0,0.0,1230.5,8.0,42.25,34.5,42.990862816583316,0.0,94.0,4.5,81.75,8.0,153.875,96.0,197.21086430518983,0.0,552.0,0.0,229.75,8.0,8.625,7.0,8.484229066753375,0.0,19.0,1.5,16.0,8.0,0.4816980052926175,0.4569377990430622,0.5154119951444024,0.0,0.982078853046595,0.0,0.9779395078937985,8.0,0.026331473467352824,0.015187862677083672,0.030901879671433364,0.0,0.09090909090909091,0.005376344086021506,0.04044352737779462,8.0,37.47532894736842,5.026315789473684,54.92353862280374,0.0,137.0,0.0,61.3125,8.0,0.024718523524621366,0.02182398019896235,0.012093618752504476,0.009389671361502348,0.041474654377880185,0.015468029415430637,0.03513247094631987,8.0,2.375,2.0,0.5175491695067657,2.0,3.0,2.0,3.0,8.0,0.07194131993201656,0.062491373360938574,0.04942177220169966,0.01388888888888884,0.1434977578475336,0.03297203868946255,0.11510638297872344,8.0,0.48478320798406305,0.5127666234405044,0.08225211944088949,0.3498233215547703,0.5688073394495413,0.4458720159151194,0.5394265232974911,8.0,0.816023162620692,0.8217429577464789,0.06615209351895601,0.7203579418344519,0.9124423963133641,0.7671777913763886,0.8576476846691661,8.0,0.9280586800679834,0.9375086266390614,0.04942177220169966,0.8565022421524664,0.9861111111111112,0.8848936170212766,0.9670279613105375,8.0,0.9616375646654438,0.9612354017166174,0.03437914715051831,0.9168539325842696,1.0,0.9379814496442853,0.9956058308055274,8.0,0.154204241512909,0.15187527583440197,0.02553678529291228,0.1211072247438117,0.18754565738867207,0.1353956740814112,0.17616425848178913,4.0,0.15311619865901963,0.14692427309409944,0.017675189091920143,0.14005499290211398,0.1785612555457656,0.14174917534134956,0.15829129641176948,6.0,-0.08187390139471731,0.01942033353425757,0.17694212604910586,-0.3095238095238096,0.05621500559910415,-0.22956349206349214,0.03169220519653565,8.0,0.443649998407438,0.45303392457280905,0.06758307869135959,0.34941211938498645,0.5633074935400517,0.39015918502261193,0.47189075453808055,8.0,0.1146443580494306,0.10472361974285621,0.026082515198315,0.07427055702917772,0.1527777777777778,0.10227948218354743,0.13848363807245387,4.0,0.49023656346052524,0.5245538273397792,0.09279805072868184,0.35315315315315315,0.5586854460093896,0.4809584453563511,0.5338319454439533,8.0,69.875,50.0,79.50999487935015,0.0,196.0,0.0,125.25,8.0,0.8708452236887461,0.8990990990990991,0.13443499848739188,0.6804597701149424,1.0,0.7667627974044701,1.0,8.0,0.7881275852232206,0.8888888888888888,0.24951364864723655,0.4444444444444444,1.0,0.5864890885750963,1.0,7.0,0.9077959283643592,0.975,0.1289840803429061,0.7184466019417476,1.0,0.8305624483043839,1.0,8.0,-103.0,-2.0,189.44052968072668,-442.0,4.0,-99.75,0.25,8.0,0.125,0.0,0.3535533905932738,0.0,1.0,0.0,0.0,8.0,0.49657598053148977,0.4819004524886878,0.5311029308919385,0.0,1.0213903743315509,0.0,0.9896598966314313,8.0,0.7569444444444444,1.0,0.4675893184441921,0.0,1.0555555555555556,0.75,1.0
290,8,8,4.0,0.5,7.0,0.875,7.0,0.875,7.0,0.875,7.0,0.875,0.0,0.0,0.0,0.0,0.0,0.0,0.0,0.0,0.0,0.0,0.0,0.0,1.0,0.125,0.0,0.0,0.0,0.0,0.0,0.0,0.0,0.0,4.0,0.5,4.0,0.5,4.0,0.5,8.0,1.0,0.0,0.0,0.0,0.0,0.0,0.0,0.0,0.0,8.0,0.875,1.0,0.3535533905932738,0.0,1.0,1.0,1.0,8.0,0.875,1.0,0.3535533905932738,0.0,1.0,1.0,1.0,8.0,337.375,328.5,148.8469372015619,119.0,608.0,266.0,403.25,8.0,304.75,320.5,173.16280531008135,0.0,605.0,236.5,368.5,8.0,16.875,5.5,25.187511077629612,0.0,72.0,3.5,16.0,8.0,1884.25,1826.0,887.6865196356522,651.0,3607.0,1436.25,2169.75,8.0,341.5,331.0,150.90488963014323,118.0,613.0,271.0,412.75,8.0,1676.5,1756.5,1006.5355007577797,0.0,3550.0,1239.0,1981.25,8.0,92.625,29.5,145.32617255185463,0.0,414.0,15.5,81.5,8.0,305.625,319.5,173.84717221086538,0.0,605.0,237.0,371.25,8.0,16.875,5.5,25.187511077629612,0.0,72.0,3.5,16.0,8.0,0.824111489811124,0.9617647058823529,0.33796190126036146,0.0,0.9950657894736842,0.8647753456221199,0.9802578242268083,8.0,0.047515966298949955,0.019544442382631286,0.06338028226771425,0.0,0.16589861751152074,0.006206475157359046,0.058368055555555555,8.0,62.313652938652936,31.960317460317462,73.30551244616252,0.0,194.0,6.3650525525525525,95.9375,8.0,0.017896709296175324,0.016148624695013866,0.0064203119820840215,0.010050251256281407,0.02654867256637168,0.01409283225485316,0.023676948369671588,8.0,2.0,2.0,0.0,2.0,2.0,2.0,2.0,8.0,0.050563027346728545,0.046764346764346765,0.022141122928036237,0.02640264026402639,0.09722222222222221,0.03569260378723291,0.05567509413663263,8.0,0.45168434659656176,0.44457236842105263,0.05785131071312049,0.3709677419354839,0.57,0.42876643341815096,0.4657238289637622,8.0,0.8223366928644004,0.8249644794626712,0.04863578030785838,0.7482678983833718,0.8944723618090452,0.7963222701234276,0.8466052397544868,8.0,0.9494369726532714,0.9532356532356532,0.022141122928036234,0.9027777777777778,0.9735973597359736,0.9443249058633674,0.9643073962127671,8.0,0.9835038231526454,0.9843975420785467,0.011743955407631027,0.962877030162413,1.0,0.9773455366761798,0.9906389065479975,8.0,0.1505256357602314,0.14867765844445296,0.012935330204022719,0.13041504999746206,0.1764303399899861,0.14691587128753966,0.15200625922819846,7.0,0.14841055476404225,0.14980443985550626,0.011815524520550399,0.12664724091144142,0.16605408233081806,0.14565954357570338,0.15252451654956162,7.0,-0.04466156912572521,-0.03142857142857145,0.1654752156502464,-0.3857142857142858,0.12404477590178756,-0.05043859649122806,0.04067214517172466,8.0,0.42581517607534447,0.4217418150055721,0.03442530407752445,0.3789954337899543,0.48355555555555557,0.4066314957568077,0.4425883256528418,8.0,0.13361079052811592,0.13694776781171408,0.0302164158741097,0.08552631578947369,0.16806722689075632,0.11801470588235294,0.15617048346055978,7.0,0.4563234561796009,0.4380165289256198,0.0569467563754185,0.39502762430939226,0.5736842105263158,0.43018736704303717,0.46358054770490204,8.0,136.125,144.5,73.55160967452912,0.0,265.0,109.0,154.75,8.0,0.9185340824468031,0.9736842105263158,0.10104613948622335,0.7768595041322314,1.0,0.8249301025163094,1.0,8.0,0.8575514874141876,0.9444444444444444,0.17928757464202108,0.5797101449275363,1.0,0.736842105263158,1.0,7.0,0.9463139487770029,1.0,0.07052709301725367,0.8333333333333334,1.0,0.8954321540528437,1.0,8.0,-4.5,-6.0,6.4142698058981855,-11.0,8.0,-9.25,-1.5,8.0,-0.25,0.0,0.4629100498862757,-1.0,0.0,-0.25,0.0,8.0,0.8581347361613048,0.9760712099165931,0.3472688310496719,0.0,1.0134003350083751,0.9674741868546713,0.9884773559356036,8.0,0.8607876712328767,1.0,0.3495194808839099,0.0,1.0,0.9647260273972602,1.0
300,8,8,3.0,0.375,6.0,0.75,6.0,0.75,7.0,0.875,6.0,0.75,0.0,0.0,0.0,0.0,1.0,0.125,0.0,0.0,0.0,0.0,0.0,0.0,1.0,0.125,0.0,0.0,0.0,0.0,0.0,0.0,0.0,0.0,6.0,0.75,6.0,0.75,6.0,0.75,8.0,1.0,0.0,0.0,0.0,0.0,0.0,0.0,0.0,0.0,8.0,0.84375,1.0,0.35197148829333974,0.0,1.0,0.9375,1.0,8.0,0.8125,1.0,0.37201190457142247,0.0,1.0,0.875,1.0,8.0,338.25,304.5,176.07039988108653,154.0,688.0,212.5,384.75,8.0,259.75,255.5,222.78865705929852,0.0,669.0,110.25,360.25,8.0,16.625,5.0,29.222972861383266,0.0,87.0,2.0,14.0,8.0,1878.875,1746.5,970.7683904295312,899.0,3813.0,1162.75,2063.75,8.0,342.125,306.0,178.1455564579546,162.0,698.0,215.0,385.75,8.0,1409.5,1374.0,1218.2699677352775,0.0,3679.0,621.75,1901.0,8.0,86.625,23.5,155.92849780771772,0.0,462.0,6.0,78.5,8.0,259.625,252.5,223.68085523799306,0.0,674.0,112.5,357.0,8.0,16.625,5.0,29.222972861383266,0.0,87.0,2.0,14.0,8.0,0.7126542099343878,0.9634645877378436,0.44300460645624007,0.0,0.9885386819484241,0.6189024390243902,0.9786727525963606,8.0,0.03982105062193815,0.019122039684232983,0.05834008697732333,0.0,0.17682926829268292,0.006383159805951942,0.04239877769289534,8.0,60.56145833333333,25.9125,71.15004168164347,0.0,172.5,3.5,117.125,8.0,0.02560268859789247,0.024846041876609562,0.01562157669628951,0.0,0.05172413793103448,0.017845814830890455,0.033299508651997434,8.0,2.25,2.0,0.7071067811865476,1.0,3.0,2.0,3.0,8.0,0.06889993612014458,0.03990975276808739,0.07503344824762921,0.005154639175257714,0.23906705539358597,0.03435308231819861,0.06702470461868962,8.0,0.455583451076759,0.4778198408076102,0.1002163604508261,0.26308139534883723,0.5909090909090909,0.40209396184219726,0.5132582849653622,8.0,0.8160334033303454,0.8665454348062099,0.11624305505319298,0.5662299854439592,0.9333333333333333,0.7795359575812908,0.8772702629438872,8.0,0.9311000638798554,0.9600902472319126,0.07503344824762921,0.760932944606414,0.9948453608247423,0.9329752953813104,0.9656469176818014,8.0,0.9674229440872648,0.9867326732673267,0.044857715337697265,0.8671532846715329,1.0,0.9692506669916982,0.99085562575615,8.0,0.1581134240241161,0.14678560255176293,0.03556319984556139,0.12383018174299276,0.23668668643712018,0.14000076609264517,0.16743919051385903,6.0,0.1606060529251774,0.14853771526399356,0.03789024003335341,0.12048711568983488,0.2312390068396946,0.14620363135637215,0.16419129964578555,7.0,-0.07518237775682583,-0.014527027027027017,0.18782878989133164,-0.3095238095238096,0.1729422301836095,-0.2333333333333334,0.04574931436805653,8.0,0.42547950279242985,0.42610419987977943,0.060262489842513985,0.3089430894308943,0.49858889934148637,0.4055543400973582,0.4664944977883267,8.0,0.12298268307401711,0.1046997556898547,0.038477089825436545,0.08536585365853659,0.19186046511627908,0.0963968920901694,0.14748232170552825,6.0,0.4474902675392068,0.45859093463814593,0.11202453856812884,0.26756352765321373,0.6054421768707483,0.41051081602056116,0.4898501748747519,8.0,104.125,121.5,71.75441748471957,0.0,183.0,66.75,149.0,8.0,0.9393573186179585,1.0,0.13282794809934606,0.6246851385390428,1.0,0.9725433526011561,1.0,8.0,0.8884135472370767,1.0,0.2261137833853755,0.38181818181818183,1.0,0.9313725490196079,1.0,7.0,0.9819875776397515,1.0,0.04765639007507646,0.8739130434782609,1.0,1.0,1.0,8.0,-42.375,-6.5,103.42000013813299,-298.0,2.0,-11.75,-3.75,8.0,0.125,0.0,0.3535533905932738,0.0,1.0,0.0,0.0,8.0,0.7372809400134915,0.9760524679596463,0.4552866157176359,0.0,1.013793103448276,0.7233009708737864,0.9820438647423136,8.0,0.876453488372093,1.0,0.35416406285732754,0.0,1.0116279069767442,1.0,1.0
310,8,8,6.0,0.75,6.0,0.75,6.0,0.75,8.0,1.0,6.0,0.75,0.0,0.0,0.0,0.0,2.0,0.25,0.0,0.0,0.0,0.0,0.0,0.0,0.0,0.0,0.0,0.0,0.0,0.0,0.0,0.0,0.0,0.0,3.0,0.375,3.0,0.375,3.0,0.375,8.0,1.0,0.0,0.0,0.0,0.0,0.0,0.0,0.0,0.0,8.0,0.9375,1.0,0.11572751247156893,0.75,1.0,0.9375,1.0,8.0,0.875,1.0,0.23145502494313785,0.5,1.0,0.875,1.0,8.0,332.875,244.0,240.92585551813002,120.0,843.0,186.0,367.5,8.0,276.0,217.0,283.0002523976663,0.0,832.0,85.5,358.5,8.0,10.125,10.5,2.295181287579947,7.0,13.0,8.5,12.0,8.0,1851.125,1400.5,1202.286207606159,784.0,4333.0,1071.75,2098.0,8.0,340.75,249.0,243.69052387930768,126.0,853.0,191.5,379.25,8.0,1492.75,1200.0,1455.7699729990704,0.0,4241.0,528.75,2017.0,8.0,53.125,52.5,10.02051467169797,39.0,70.0,45.75,59.5,8.0,278.75,217.5,285.8184988514814,0.0,837.0,85.5,365.0,8.0,10.375,10.5,1.9226098333849673,8.0,13.0,8.75,12.0,8.0,0.7251697278242675,0.9580827067669173,0.44787331135653524,0.0,0.9887005649717514,0.7061170212765958,0.9727761797020379,8.0,0.04135962296260685,0.04379699248120301,0.019806145707869517,0.013182674199623353,0.06382978723404255,0.0299165463372483,0.05838963963963964,8.0,28.576812770562768,20.99285714285714,28.787562646870203,0.0,75.0,11.0625,37.99242424242424,8.0,0.017801936706726626,0.017813850532307367,0.01109758242147462,0.0,0.03208556149732621,0.009570029027576197,0.027487881686568287,8.0,2.0,2.0,0.5345224838248488,1.0,3.0,2.0,2.0,8.0,0.06365303305863283,0.06098484848484853,0.04487180256266656,0.0,0.15219976218787157,0.043884475690830704,0.07803910382740381,8.0,0.5016974166862309,0.5184770436730123,0.12269920044599938,0.2835112692763938,0.7083333333333334,0.455343766358008,0.5436936936936937,8.0,0.8358662296723832,0.8311394487865076,0.08716477274804427,0.661520190023753,0.9663865546218487,0.8201469521044993,0.8729735427427006,8.0,0.9363469669413671,0.9390151515151515,0.04487180256266656,0.8478002378121284,1.0,0.9219608961725962,0.9561155243091692,8.0,0.9659146138625938,0.967002688172043,0.028743490659465805,0.9261904761904762,1.0,0.9438598294111602,0.9917382555529758,8.0,0.14897881508297214,0.14862226944285573,0.02746374516235473,0.10494897959183674,0.20286465816752752,0.14210641195853538,0.1532304122607239,6.0,0.14846119829647889,0.1465041413808973,0.030894021193332923,0.10463232549458754,0.2010585446436653,0.14177690781936655,0.15052619053020153,8.0,0.0038637945056065968,0.006749482401656313,0.02114133273916984,-0.026739926739926735,0.040740740740740744,-0.008509509350735675,0.010915825977301388,8.0,0.43660668270524866,0.4410481636956439,0.04992800115771151,0.3415647357489038,0.5127551020408163,0.42719675618445463,0.4537342303354578,8.0,0.10083467023741366,0.10075187969924812,0.020281292046194475,0.075,0.14116251482799524,0.08609288201939959,0.10702157711263373,6.0,0.49248976686821005,0.5036359568160206,0.1419576807946146,0.2848557692307692,0.7105263157894737,0.42903347477604903,0.5369979555496933,8.0,114.0,116.0,88.40168065629263,0.0,237.0,60.75,163.5,8.0,0.8978174603174602,0.9166666666666666,0.10808875317270646,0.7142857142857143,1.0,0.8373015873015872,1.0,8.0,0.8302083333333334,0.8333333333333334,0.1639019197133282,0.6,1.0,0.71875,1.0,8.0,0.9354750530045297,0.9443625644804716,0.06335166046226978,0.8518518518518519,1.0,0.8717032967032967,1.0,8.0,-54.875,-10.0,87.12296318586573,-216.0,-1.0,-57.5,-6.5,8.0,0.0,0.0,0.0,0.0,0.0,0.0,0.0,8.0,0.7337428226220443,0.975965079308053,0.45300925305105477,0.0,0.9922779922779923,0.7175675675675676,0.981081081081081,8.0,1.0,1.0,0.0,1.0,1.0,1.0,1.0
320,8,8,3.0,0.375,4.0,0.5,4.0,0.5,6.0,0.75,4.0,0.5,0.0,0.0,0.0,0.0,2.0,0.25,0.0,0.0,0.0,0.0,0.0,0.0,2.0,0.25,0.0,0.0,0.0,0.0,0.0,0.0,0.0,0.0,4.0,0.5,4.0,0.5,4.0,0.5,8.0,1.0,0.0,0.0,0.0,0.0,0.0,0.0,0.0,0.0,8.0,0.6875,0.875,0.43813729094233206,0.0,1.0,0.5625,1.0,8.0,0.625,0.75,0.44320263021395917,0.0,1.0,0.375,1.0,8.0,246.125,278.0,108.31229649226616,122.0,404.0,126.75,315.0,8.0,128.25,59.0,149.9073523404182,0.0,309.0,0.0,296.25,8.0,5.375,4.0,5.44944295973713,0.0,16.0,1.5,8.25,8.0,1351.75,1526.0,571.5367129815146,668.0,2202.0,760.0,1669.0,8.0,247.375,282.5,108.3564718879311,124.0,407.0,127.5,308.75,8.0,686.375,361.5,787.4546585586463,0.0,1661.0,0.0,1541.75,8.0,27.375,21.5,30.378269959204157,0.0,92.0,5.25,37.25,8.0,125.875,58.5,146.928007152191,0.0,306.0,0.0,290.5,8.0,5.375,4.0,5.44944295973713,0.0,16.0,1.5,8.25,8.0,0.4851408146232657,0.4766355140186916,0.5187193628085048,0.0,0.987220447284345,0.0,0.9687653177931486,8.0,0.019835579747701938,0.015783343040186373,0.018829642233964845,0.0,0.04984423676012461,0.004792332268370607,0.03267115080877948,8.0,28.722569444444442,9.5625,52.44446294973569,0.0,154.5,0.0,25.83888888888889,8.0,0.01791325313952249,0.015936507936507936,0.007568328768398211,0.008264462809917356,0.028846153846153848,0.013666253101736973,0.023296013779527558,8.0,2.0,2.0,0.0,2.0,2.0,2.0,2.0,8.0,0.04856262037601032,0.03390804597701147,0.044875746426339916,0.0,0.12437810945273631,0.020881028938906754,0.0631650957737914,8.0,0.5245770467260684,0.49206523730987717,0.10225261862655874,0.4084158415841584,0.6967213114754098,0.4547780030356745,0.5760842394700663,8.0,0.860156074038956,0.8562865939834444,0.06651053495491856,0.7543424317617866,0.968,0.8319791666666667,0.899891774891775,8.0,0.9514373796239897,0.9660919540229885,0.044875746426339916,0.8756218905472637,1.0,0.9368349042262086,0.9791189710610932,8.0,0.977126431321745,0.9905254615540677,0.03076204146754272,0.9161073825503355,1.0,0.9660743973399833,1.0,8.0,0.1387327794369722,0.13908849384616317,0.022396126886910346,0.11088744339234254,0.1747275676543507,0.11902008976157369,0.15154595975885832,4.0,0.13604022949836297,0.13732576804839516,0.017090828950620068,0.11396360222693855,0.1555457796697229,0.13028287053540616,0.14308312701135195,6.0,-0.06375219775486667,-0.036741452991453004,0.0985451479709927,-0.2551020408163265,0.0298913043478261,-0.055972850678733053,-0.02526253387533875,8.0,0.470757026526464,0.45357970424728344,0.053472380115372566,0.3996366939146231,0.5489913544668588,0.43962811336719787,0.5203742132104079,8.0,0.11150097373652901,0.11144782702569322,0.024755595475582166,0.07377049180327869,0.14285714285714285,0.09744143589525861,0.13346456692913386,4.0,0.5264558968972667,0.4720604965535702,0.12492945571574207,0.44983818770226536,0.711864406779661,0.45290323293239226,0.5456131605184447,8.0,63.25,42.0,70.26633007961311,0.0,150.0,0.0,134.5,8.0,0.8598348121603936,0.9242424242424243,0.16993220594529282,0.61003861003861,1.0,0.7550387596899226,1.0,8.0,0.7623527938540174,0.8529411764705883,0.28297666898680934,0.3211009174311927,1.0,0.6012931034482758,1.0,6.0,0.9784382284382285,1.0,0.037294216156003694,0.9090909090909091,1.0,0.9711538461538461,1.0,8.0,-86.25,-7.0,156.16909333887327,-403.0,0.0,-73.25,-1.5,8.0,-0.125,0.0,0.3535533905932738,-1.0,0.0,0.0,0.0,8.0,0.4879267170868571,0.4828125,0.5216401106714198,0.0,0.9833333333333333,0.0,0.9758749973371962,8.0,0.7426470588235294,1.0,0.45882083601881296,0.0,1.0,0.7058823529411764,1.0
330,8,8,2.0,0.25,5.0,0.625,6.0,0.75,6.0,0.75,5.0,0.625,0.0,0.0,0.0,0.0,2.0,0.25,0.0,0.0,0.0,0.0,0.0,0.0,2.0,0.25,0.0,0.0,0.0,0.0,0.0,0.0,0.0,0.0,4.0,0.5,4.0,0.5,4.0,0.5,8.0,1.0,0.0,0.0,0.0,0.0,0.0,0.0,0.0,0.0,8.0,0.8125,1.0,0.3471825374147068,0.0,1.0,0.75,1.0,8.0,0.75,1.0,0.3779644730092272,0.0,1.0,0.5,1.0,8.0,308.0,313.5,89.53052153156646,190.0,462.0,250.75,355.0,8.0,229.375,276.5,163.13179378299358,0.0,451.0,121.5,328.25,8.0,9.5,4.0,15.666160072863146,0.0,47.0,1.5,8.25,8.0,1737.375,1776.5,501.5236606012294,1023.0,2551.0,1475.0,2022.5,8.0,310.0,314.5,90.88768579170353,185.0,467.0,257.5,352.75,8.0,1279.75,1548.5,905.13278426033,0.0,2461.0,666.0,1874.0,8.0,52.625,24.5,87.2335739756857,0.0,262.0,4.5,49.5,8.0,228.0,274.0,162.01499048809384,0.0,451.0,122.25,327.0,8.0,9.625,4.0,15.647341170763987,0.0,47.0,1.5,9.0,8.0,0.712423665966547,0.9749866238630284,0.4439761844834613,0.0,0.9857954545454546,0.6014851485148516,0.9803766620442125,8.0,0.026359777908463822,0.014380018288176569,0.042640096307085824,0.0,0.12912087912087913,0.004261363636363636,0.022499604054482106,8.0,71.09375,49.0,67.27657670257503,0.0,173.5,28.1875,113.75,8.0,0.026226925799828722,0.021880834439516085,0.010479898375324702,0.015873015873015872,0.041353383458646614,0.017893699294866935,0.03694382301764852,8.0,2.25,2.0,0.4629100498862757,2.0,3.0,2.0,2.25,8.0,0.052796065130670825,0.04606902356902359,0.02971035456207889,0.021276595744680882,0.11304347826086958,0.036603773584905686,0.058447446022438426,8.0,0.48565461203370225,0.49248198447893565,0.056616971755212575,0.3787878787878788,0.5736842105263158,0.47081429806148906,0.5083115334944865,8.0,0.8398314230868547,0.8473822164346055,0.042950502565457446,0.7505422993492408,0.8835978835978836,0.834269266087448,0.8671506748522683,8.0,0.9472039348693291,0.9539309764309765,0.02971035456207889,0.8869565217391304,0.9787234042553191,0.9415525539775615,0.9633962264150944,8.0,0.9778809274711033,0.9792463617463618,0.019700687685546628,0.9389978213507625,1.0,0.9721530088113699,0.9928855170617348,8.0,0.14879988060491833,0.1501384222948049,0.017730382259225873,0.11818312914834248,0.18035841329271482,0.14322916993419627,0.1540484919039748,6.0,0.15041294916940187,0.1522130623287729,0.01917070352040028,0.11855243183141732,0.1776053478685268,0.1464287467881654,0.15609812737041207,6.0,-0.05280505511559349,-0.025684871065790767,0.13588730157275905,-0.3095238095238096,0.09347842564019275,-0.049569892473118285,-0.0003339465685490272,8.0,0.43945251501933735,0.4332177214407267,0.03899204824874899,0.3825950607604861,0.512218963831867,0.41891918255864996,0.45631623937563853,8.0,0.10360793749653065,0.10068056943056944,0.027681038341924907,0.06707317073170732,0.14606741573033707,0.08285565398645128,0.12134242569025178,6.0,0.48708437957683054,0.4887455922100703,0.0637730280715757,0.3835920177383592,0.5802469135802469,0.47381748686096514,0.5064374305357476,8.0,108.25,136.0,71.66738648586458,0.0,173.0,70.5,160.25,8.0,0.8175223412065518,0.9000000000000001,0.24783257931066863,0.2962962962962963,1.0,0.7504442925495557,1.0,8.0,0.7439881690889756,0.8333333333333333,0.3020437836489517,0.2403846153846154,1.0,0.5707373271889401,1.0,7.0,0.8530220827749997,1.0,0.3027769025615305,0.18262411347517726,1.0,0.8942652329749103,1.0,8.0,-44.75,-6.0,112.90292922936689,-324.0,0.0,-8.25,-2.25,8.0,-5.25,0.0,14.449419167762914,-41.0,0.0,-0.25,0.0,8.0,0.7368966906182053,0.9823550749671803,0.4549912712310261,0.0,1.0,0.7169117647058824,0.9860033341201464,8.0,0.7473958333333333,1.0,0.4613587243348079,0.0,1.0,0.734375,1.0
340,8,8,3.0,0.375,3.0,0.375,4.0,0.5,5.0,0.625,3.0,0.375,0.0,0.0,0.0,0.0,3.0,0.375,0.0,0.0,0.0,0.0,0.0,0.0,3.0,0.375,0.0,0.0,0.0,0.0,0.0,0.0,0.0,0.0,4.0,0.5,4.0,0.5,4.0,0.5,8.0,1.0,0.0,0.0,0.0,0.0,0.0,0.0,0.0,0.0,8.0,0.65625,0.75,0.42125450400305176,0.0,1.0,0.5625,1.0,8.0,0.5625,0.5,0.4172614801981401,0.0,1.0,0.375,1.0,8.0,348.0,284.0,287.98263836557925,94.0,1013.0,213.75,359.5,8.0,247.25,154.5,345.333275877914,0.0,1003.0,0.0,324.5,8.0,8.125,5.5,11.051018052650171,0.0,33.0,0.0,10.25,8.0,1922.25,1612.0,1525.5385700045176,532.0,5363.0,1117.25,2132.5,8.0,351.25,293.5,290.47141487096945,93.0,1018.0,209.0,367.5,8.0,1351.125,842.0,1832.4808662029734,0.0,5279.0,0.0,1886.5,8.0,44.125,28.5,66.43458114136472,0.0,200.0,0.0,46.5,8.0,248.875,159.0,345.70525740867754,0.0,1003.0,0.0,327.0,8.0,8.25,5.5,11.37352816223457,0.0,34.0,0.0,10.25,8.0,0.4705434103827274,0.44416243654822335,0.5041146114656668,0.0,0.9901283316880553,0.0,0.9254965080750763,8.0,0.022872562336998883,0.011576958555176153,0.0322750422570658,0.0,0.09482758620689655,0.0,0.02890797669278682,8.0,61.17282196969697,4.787878787878788,120.98453061870697,0.0,350.0,0.0,51.76420454545455,8.0,0.02342531287422922,0.019775417634694103,0.012136145329536555,0.005763688760806916,0.040983606557377046,0.01592044520331373,0.03345280764635603,8.0,2.25,2.0,0.4629100498862757,2.0,3.0,2.0,2.25,8.0,0.08195409431267207,0.055521924514397025,0.06800354904111337,0.026011560693641633,0.19782393669634024,0.03815217391304351,0.09519944341372913,8.0,0.44402296862228896,0.4748651172442415,0.08223799170571527,0.26159921026653504,0.5114942528735632,0.43081177004663446,0.4920212765957447,8.0,0.7886549704622877,0.8287367643437578,0.1025574041227621,0.5849802371541502,0.8605577689243028,0.7846994535519125,0.8559226052821954,8.0,0.918045905687328,0.944478075485603,0.06800354904111336,0.8021760633036598,0.9739884393063584,0.9048005565862709,0.9618478260869565,8.0,0.9671030116966135,0.9800418914798563,0.03840723047476736,0.898019801980198,1.0,0.9580669224211423,0.9946481578487865,8.0,0.16083311535799122,0.15406826530873954,0.03065076223288679,0.13365312457445666,0.22135488558235944,0.1377585523554915,0.1668039087657604,4.0,0.16147963506702043,0.14758360214795224,0.040017784846252666,0.13048507282232996,0.2202662631498472,0.1426509927736344,0.16641224444133823,5.0,0.004616888340417755,-0.012222222222222232,0.040166624326850045,-0.03333333333333332,0.0620909090909091,-0.0233974358974359,0.02994652406417113,8.0,0.42931439844290786,0.43940820964156085,0.061020112159466844,0.2990863322767108,0.5056390977443609,0.42571373533670775,0.45059096217134365,8.0,0.1273964160307948,0.13479553044464515,0.02061732739347832,0.0873015873015873,0.14754098360655737,0.11476019604410992,0.14101574560049396,4.0,0.4299293471406097,0.47034211742949605,0.11319841740933811,0.26321036889332006,0.5158227848101266,0.41774433979614556,0.4825271247739602,8.0,92.125,72.5,104.62099966750733,0.0,264.0,0.0,163.5,8.0,0.8102452521615208,0.9696969696969697,0.2891412259038062,0.1872146118721461,1.0,0.6899021962937544,1.0,8.0,0.7347800400786448,0.9482758620689655,0.3482615702743534,0.17543859649122806,1.0,0.4359375,1.0,7.0,0.9010880939101799,1.0,0.16236915976575644,0.6533742331288344,1.0,0.8271212121212121,1.0,8.0,-68.375,-11.5,109.42830333797819,-248.0,0.0,-82.25,-3.75,8.0,-5.5,0.0,15.556349186104045,-44.0,0.0,0.0,0.0,8.0,0.48603900858354127,0.4773413897280967,0.5196632176761757,0.0,0.9840764331210191,0.0,0.9733378264258802,8.0,0.625,1.0,0.5175491695067657,0.0,1.0,0.0,1.0
350,8,8,1.0,0.125,4.0,0.5,5.0,0.625,7.0,0.875,4.0,0.5,0.0,0.0,0.0,0.0,4.0,0.5,0.0,0.0,0.0,0.0,0.0,0.0,1.0,0.125,0.0,0.0,0.0,0.0,0.0,0.0,0.0,0.0,5.0,0.625,5.0,0.625,5.0,0.625,8.0,1.0,0.0,0.0,0.0,0.0,0.0,0.0,0.0,0.0,8.0,0.875,0.875,0.1336306209562122,0.75,1.0,0.75,1.0,8.0,0.75,0.75,0.2672612419124244,0.5,1.0,0.5,1.0,8.0,478.875,328.5,432.21503824567964,272.0,1543.0,294.75,372.5,8.0,191.25,276.0,160.0711895198062,0.0,338.0,0.0,314.0,8.0,9.875,6.5,9.156379509079214,0.0,25.0,3.5,15.75,8.0,2571.625,1854.5,2147.0468048328285,1552.0,7853.0,1623.75,2052.0,8.0,484.125,335.0,433.6981957536831,277.0,1552.0,300.25,377.25,8.0,1043.0,1494.0,873.1972449403563,0.0,1872.0,0.0,1727.0,8.0,52.25,35.5,50.064957804835906,0.0,135.0,18.0,80.0,8.0,191.25,273.5,160.09171478517288,0.0,334.0,0.0,320.75,8.0,10.0,6.5,9.335033858688309,0.0,25.0,3.5,16.0,8.0,0.6048395943151297,0.9464052287581699,0.5012405440286387,0.0,0.9854227405247813,0.0,0.9799168074873261,8.0,0.023165393595999992,0.01913051351454386,0.022057024934311158,0.0,0.0711864406779661,0.011661807580174927,0.025256330588783595,8.0,82.625,44.0,115.40356208911899,0.0,332.0,0.0,96.25,8.0,0.024491147244896618,0.019818582665396184,0.013673471794087405,0.011142061281337047,0.055350553505535055,0.017897405649158524,0.02553632374451487,8.0,2.25,2.0,0.4629100498862757,2.0,3.0,2.0,2.25,8.0,0.09661557924554229,0.08584593055099138,0.07542742170505809,0.03082191780821919,0.26865671641791045,0.04841968067774516,0.1042268311892885,8.0,0.4046298162103712,0.4118844182072394,0.104229220861779,0.17498379779650033,0.5043731778425656,0.38866525423728815,0.4719387755102041,8.0,0.7577036659147716,0.7751208094903308,0.11465655033606385,0.5051880674448768,0.8596491228070176,0.7320950385043994,0.8376730098359004,8.0,0.9033844207544577,0.9141540694490087,0.07542742170505809,0.7313432835820896,0.9691780821917808,0.8957731688107116,0.9515803193222548,8.0,0.9567442556503611,0.9684512625689097,0.044547680409000624,0.85,0.9896907216494846,0.9604925560498612,0.9788596107588017,8.0,0.1732776712782314,0.16531411527729098,0.03299346147785136,0.14521520615904038,0.24975050672830043,0.15677909207647842,0.17579952972675517,5.0,0.1588813686022618,0.16099699554652575,0.010935526156993206,0.14702784550279413,0.17372346764570182,0.14925654863883306,0.16340198567745426,7.0,-0.03746709969703772,-0.02571428571428571,0.12859158344647317,-0.3095238095238096,0.0769786535303777,-0.038110948191593344,0.0361058201058201,8.0,0.3897513842227133,0.3944920167198393,0.0514449303440129,0.2783649560677448,0.43573264781491,0.37734035103403063,0.4309244655544466,8.0,0.12446815451152744,0.1264401461221431,0.027026484411931107,0.07804878048780488,0.17563188593648738,0.11524133462908973,0.1299896229678312,5.0,0.45361787129048486,0.4548611111111111,0.04554018837465398,0.4006024096385542,0.5,0.4155844155844156,0.4970414201183432,8.0,86.5,129.5,72.72649350231906,0.0,168.0,0.0,132.25,8.0,0.8413914946841776,1.0,0.3083848315747113,0.12820512820512822,1.0,0.8607317073170732,1.0,8.0,0.8155262733720181,1.0,0.31066783340583093,0.15602836879432624,1.0,0.7511363636363637,1.0,8.0,0.84223763086795,1.0,0.3158891613224397,0.0906788247213779,1.0,0.85625,1.0,8.0,-282.125,-9.5,530.7879419181584,-1538.0,-2.0,-309.75,-6.75,8.0,-3.625,0.0,10.662852740773857,-30.0,1.0,0.0,0.0,8.0,0.6114373142374645,0.9688966004755478,0.5063762675078193,0.0,0.993103448275862,0.0,0.9800055386319579,8.0,0.88125,1.0,0.35650836495896454,0.0,1.05,1.0,1.0
360,8,8,4.0,0.5,5.0,0.625,5.0,0.625,7.0,0.875,5.0,0.625,0.0,0.0,0.0,0.0,2.0,0.25,0.0,0.0,0.0,0.0,0.0,0.0,1.0,0.125,0.0,0.0,0.0,0.0,0.0,0.0,0.0,0.0,3.0,0.375,3.0,0.375,3.0,0.375,8.0,1.0,0.0,0.0,0.0,0.0,0.0,0.0,0.0,0.0,8.0,0.8125,1.0,0.3471825374147068,0.0,1.0,0.75,1.0,8.0,0.75,1.0,0.3779644730092272,0.0,1.0,0.5,1.0,8.0,316.625,295.0,132.68538244390643,125.0,504.0,238.25,407.25,8.0,220.0,217.0,209.3186224736961,0.0,495.0,0.0,383.75,8.0,14.625,8.0,18.577540203159298,0.0,54.0,3.5,15.25,8.0,1798.125,1735.5,700.3283796089619,732.0,2780.0,1341.5,2310.5,8.0,318.875,295.5,131.21132083126713,122.0,502.0,245.0,412.0,8.0,1208.375,1223.0,1132.561437942457,0.0,2697.0,0.0,2126.5,8.0,88.875,43.0,124.28703817028892,0.0,356.0,15.0,86.25,8.0,219.375,220.5,206.95888998266574,0.0,488.0,0.0,383.0,8.0,15.0,8.5,18.951064802349688,0.0,55.0,3.5,15.5,8.0,0.6036445142155145,0.9428758414360509,0.5002823227645905,0.0,0.9917184265010351,0.0,0.9726930746918057,8.0,0.04691576330253898,0.027687132382563855,0.061574483825080406,0.0,0.18556701030927836,0.011068641503424112,0.047073672400897534,8.0,44.330069124423964,19.17741935483871,80.79224002481813,0.0,239.5,0.0,32.839285714285715,8.0,0.025321334286659128,0.0207174638487208,0.011835078552248827,0.015306122448979591,0.04697986577181208,0.01588919910907551,0.03170190475404833,8.0,2.375,2.0,0.5175491695067657,2.0,3.0,2.0,3.0,8.0,0.05141785115606272,0.053132180763759695,0.021849525461868215,0.020000000000000018,0.07968127490039845,0.03338260655333822,0.06594357199893527,8.0,0.4818739513582826,0.49024557466965846,0.05357838539336014,0.38095238095238093,0.536,0.46024631277880945,0.5242390031068027,8.0,0.8390461429126042,0.8328659321791386,0.044193274908453734,0.7654075546719682,0.9043824701195219,0.8189478547324441,0.8634444684996753,8.0,0.9485821488439372,0.9468678192362403,0.021849525461868215,0.9203187250996016,0.98,0.9340564280010647,0.9666173934466618,8.0,0.9824631775256389,0.9853276759609213,0.009784820991999194,0.9660678642714571,0.9919678714859438,0.9792472079037801,0.9885758196721312,8.0,0.1505558654009121,0.15403935678585146,0.013849644114530157,0.12573123196725897,0.1693134559497624,0.14602979801842667,0.15663515826133007,5.0,0.15109667180731462,0.1554519052608105,0.017740264952800695,0.12193259198828685,0.1670920714680379,0.14862352740874843,0.1623832629106893,7.0,-0.034697510208109676,-0.017460317460317447,0.13242833202417453,-0.3095238095238096,0.0918584473810253,-0.040944444444444436,0.037065998517611436,8.0,0.4317934090728096,0.42131345805619136,0.03898558549876134,0.3802158273381295,0.49453551912568305,0.404832249567342,0.4614949540415048,8.0,0.11360658153991511,0.11473808701198607,0.024047114927518196,0.07142857142857142,0.152,0.10370643102601865,0.1254180602006689,5.0,0.4694314797491166,0.48295454545454547,0.059828061289934426,0.38585858585858585,0.5235602094240838,0.4321503131524008,0.522633744855967,8.0,99.375,113.5,88.92683589815361,0.0,207.0,0.0,175.25,8.0,0.8593273304464433,0.8755533694048205,0.14117746459590913,0.6904761904761905,1.0,0.7176339285714286,1.0,8.0,0.7626551418439715,0.7797872340425531,0.24087093966107784,0.4166666666666667,1.0,0.59375,1.0,7.0,0.9259550487995588,0.9111111111111111,0.07472461762489786,0.8205128205128205,1.0,0.8750307049864898,1.0,8.0,-71.0,-5.0,125.39537471533788,-302.0,0.0,-67.5,-2.5,8.0,-0.25,0.0,0.8864052604279183,-2.0,1.0,-0.25,0.0,8.0,0.615619704351061,0.9758430021754895,0.5098457490871646,0.0,0.9979166666666667,0.0,0.9857415749558077,8.0,0.8572827329902801,1.0,0.3486880199376764,0.0,1.0188679245283019,0.9295454545454546,1.0
370,8,8,4.0,0.5,4.0,0.5,4.0,0.5,7.0,0.875,4.0,0.5,0.0,0.0,0.0,0.0,3.0,0.375,0.0,0.0,0.0,0.0,0.0,0.0,1.0,0.125,0.0,0.0,0.0,0.0,0.0,0.0,0.0,0.0,3.0,0.375,3.0,0.375,3.0,0.375,8.0,1.0,0.0,0.0,0.0,0.0,0.0,0.0,0.0,0.0,8.0,0.78125,0.875,0.3390506704651344,0.0,1.0,0.75,1.0,8.0,0.6875,0.75,0.37201190457142247,0.0,1.0,0.5,1.0,8.0,294.5,291.0,62.826291129931086,178.0,363.0,266.75,352.5,8.0,154.5,139.0,166.5858851849614,0.0,353.0,0.0,296.25,8.0,10.75,7.0,13.44565782272159,0.0,43.0,4.75,9.5,8.0,1674.75,1649.0,375.78707877124856,962.0,2149.0,1555.75,1965.5,8.0,299.0,297.5,68.08188347235156,169.0,371.0,271.75,361.5,8.0,844.0,773.5,907.3142470264329,0.0,1868.0,0.0,1631.75,8.0,57.75,43.5,73.19396930661121,0.0,234.0,23.75,47.0,8.0,155.25,139.0,167.46833389373305,0.0,356.0,0.0,298.0,8.0,11.0,8.0,13.373748272535373,0.0,43.0,4.75,9.5,8.0,0.47582030419597265,0.4411764705882353,0.5095766064025532,0.0,0.9797297297297297,0.0,0.9721339266793811,8.0,0.03271146171694742,0.02473945347561584,0.03690406470190069,0.0,0.12044817927170869,0.015372277183300805,0.030594405594405596,8.0,13.96674385046478,3.6627906976744184,17.701416836704162,0.0,41.42857142857143,0.0,31.18939393939394,8.0,0.019260829493790765,0.01814308455847926,0.01065474335843858,0.005714285714285714,0.03954802259887006,0.014492301290054098,0.023926912142015117,8.0,2.125,2.0,0.3535533905932738,2.0,3.0,2.0,2.0,8.0,0.05735692072991784,0.032914008159265484,0.06255216276516608,0.003968253968253954,0.19667590027700832,0.019567486085343255,0.073943661971831,8.0,0.4799933848845725,0.5055765164393218,0.07403427405546116,0.3333333333333333,0.562992125984252,0.45049558284852403,0.525215118965119,8.0,0.8372916795426246,0.8547394852479598,0.08357921069135026,0.6546961325966851,0.9051383399209486,0.82627882909521,0.8988458434221146,8.0,0.9426430792700822,0.9670859918407345,0.06255216276516606,0.8033240997229917,0.996031746031746,0.926056338028169,0.9804325139146568,8.0,0.9731338787150511,0.9905215302796363,0.0349994483776498,0.8972222222222223,1.0,0.9595486215088538,0.9948610433934666,8.0,0.14925776897037865,0.13422111613866322,0.0282618640479337,0.12757392857314934,0.21140591801703595,0.13288329946117888,0.1590537417432209,4.0,0.16182607155284545,0.1538646938668698,0.032479403667622066,0.1316898770848926,0.2078850213927496,0.14678845123207382,0.1689023141876414,7.0,-0.009077150031505091,-0.020707070707070722,0.04805496794538643,-0.054999999999999986,0.08940568475452196,-0.03346179401993357,-0.005157538114059867,8.0,0.4336841728129932,0.4354602175495993,0.04068831006190377,0.3593029215786776,0.4864864864864865,0.4192411089751292,0.45300385417135314,8.0,0.11083195516485628,0.10825410544511668,0.028255452282389876,0.08118081180811808,0.1652892561983471,0.08724589974589975,0.12281644941441143,4.0,0.4466099220429682,0.4625956377754939,0.07886839112548298,0.3371104815864023,0.5241379310344828,0.42475381087279107,0.48445174894567106,8.0,68.125,59.5,73.43303557858489,0.0,152.0,0.0,134.0,8.0,0.8692554948664527,0.8571428571428571,0.1227792222358957,0.672316384180791,1.0,0.7918604651162792,1.0,8.0,0.7710180884009008,0.75,0.2132539593293534,0.4609375,1.0,0.6351351351351351,1.0,7.0,0.9247496705191095,0.9347826086956522,0.09310683920086257,0.7427385892116183,1.0,0.8978632478632478,1.0,8.0,-112.375,-10.0,151.08553632202617,-357.0,0.0,-257.0,-4.0,8.0,0.0,0.0,0.0,0.0,0.0,0.0,0.0,8.0,0.48972010869545357,0.48172757475083056,0.5236126248738219,0.0,0.9968354430379747,0.0,0.976936630029479,8.0,0.875,1.0,0.3535533905932738,0.0,1.0,1.0,1.0
380,8,8,4.0,0.5,6.0,0.75,6.0,0.75,7.0,0.875,6.0,0.75,0.0,0.0,0.0,0.0,1.0,0.125,0.0,0.0,0.0,0.0,0.0,0.0,1.0,0.125,0.0,0.0,0.0,0.0,0.0,0.0,0.0,0.0,2.0,0.25,2.0,0.25,2.0,0.25,8.0,1.0,0.0,0.0,0.0,0.0,0.0,0.0,0.0,0.0,8.0,0.84375,1.0,0.35197148829333974,0.0,1.0,0.9375,1.0,8.0,0.8125,1.0,0.37201190457142247,0.0,1.0,0.875,1.0,8.0,333.0,295.5,107.07007051459338,204.0,525.0,264.75,409.75,8.0,256.375,286.5,179.22447018832477,0.0,504.0,170.25,363.75,8.0,21.875,20.0,20.279740065958862,0.0,55.0,4.75,29.25,8.0,1825.125,1610.0,636.7824112565565,1086.0,2969.0,1399.75,2293.25,8.0,335.75,293.5,110.3264636042893,199.0,533.0,269.25,416.0,8.0,1389.875,1484.0,989.8104345926909,0.0,2815.0,927.0,1999.5,8.0,120.375,103.0,115.04649681138244,0.0,306.0,26.5,162.75,8.0,255.625,280.5,179.54938636168362,0.0,507.0,171.0,364.25,8.0,21.75,20.0,20.161845153655953,0.0,56.0,4.75,28.75,8.0,0.6947690517859704,0.9073175053153792,0.4321142458603325,0.0,0.9810725552050473,0.6213503649635037,0.9634944237918215,8.0,0.06374338506569219,0.04866322432587493,0.06186341025153255,0.0,0.17518248175182483,0.01709509457858877,0.08727240896358543,8.0,22.66394721673254,11.761660079051383,28.188571129182076,0.0,77.75,3.546875,30.28181818181818,8.0,0.017648501548593355,0.013114353401271012,0.011711729135907916,0.007246376811594203,0.0379746835443038,0.010233790114268202,0.0212947852873226,8.0,2.0,2.0,0.0,2.0,2.0,2.0,2.0,8.0,0.0859795647446466,0.08636540994000874,0.03964301211078087,0.0404411764705882,0.136,0.0493311931514179,0.12005379654535439,8.0,0.42252782686911966,0.42559210855740826,0.0388138180532559,0.36764705882352944,0.47058823529411764,0.40008605851979345,0.4541997937752693,8.0,0.778204050400781,0.7793543704338307,0.044659974663251764,0.7156488549618321,0.8424908424908425,0.7461529802167253,0.8104453995843567,8.0,0.9140204352553534,0.9136345900599913,0.03964301211078087,0.864,0.9595588235294118,0.8799462034546456,0.9506688068485821,8.0,0.9600461491709874,0.9588265568708183,0.029365715215066014,0.9247572815533981,0.9936305732484076,0.9345232782983787,0.9870501900507727,8.0,0.16542073260821974,0.16630803281581685,0.016456195963433132,0.14300540991514762,0.18529907211267374,0.15143056379959122,0.179942657603531,6.0,0.1613653675705386,0.16338964835594838,0.01614320733529719,0.13519753514911828,0.1825457264356379,0.15546764646348799,0.1689794130594202,7.0,0.048164515860559275,0.058264462809917365,0.07174522844735125,-0.04772727272727271,0.16019686319353355,0.006657329598506068,0.07655144927536232,8.0,0.4075721833161181,0.4118018993462216,0.03704291918940275,0.3475917817446952,0.4594843462246777,0.38963645032966165,0.43054114607512667,8.0,0.1408189922861205,0.14044390990596983,0.018324183595853007,0.1180722891566265,0.16666666666666666,0.12725234619395204,0.15187334134495017,6.0,0.42706522539293035,0.4279022769855101,0.038387836452367555,0.37896825396825395,0.4845814977973568,0.4007256221158408,0.44550330134262783,8.0,107.375,126.0,71.14961600137318,0.0,191.0,82.5,146.0,8.0,0.8724195850305623,0.8672150411280846,0.10609919294717723,0.6987951807228916,1.0,0.8095126522961575,0.9583333333333333,8.0,0.7716717645140826,0.72953216374269,0.1977835220031804,0.42028985507246375,1.0,0.6985049833887044,0.9464285714285714,7.0,0.9162797697807253,0.8823529411764706,0.07087015244026568,0.8231046931407943,1.0,0.8718974358974358,0.9823529411764707,8.0,-34.75,-9.0,80.28298165151281,-233.0,1.0,-11.75,-2.25,8.0,-0.25,0.0,0.4629100498862757,-1.0,0.0,-0.25,0.0,8.0,0.733372340608147,0.9674186898763171,0.45287464210945483,0.0,1.0032258064516129,0.7197802197802198,0.9811081148877462,8.0,0.8702168367346939,1.0,0.3517275761847697,0.0,1.0,0.9815051020408163,1.0
390,8,8,2.0,0.25,3.0,0.375,3.0,0.375,8.0,1.0,3.0,0.375,0.0,0.0,0.0,0.0,5.0,0.625,0.0,0.0,0.0,0.0,0.0,0.0,0.0,0.0,0.0,0.0,0.0,0.0,0.0,0.0,0.0,0.0,4.0,0.5,4.0,0.5,4.0,0.5,8.0,1.0,0.0,0.0,0.0,0.0,0.0,0.0,0.0,0.0,8.0,0.84375,0.75,0.12938729237669142,0.75,1.0,0.75,1.0,8.0,0.6875,0.5,0.25877458475338283,0.5,1.0,0.5,1.0,8.0,275.625,268.0,123.27893748962728,60.0,444.0,227.25,356.0,8.0,117.375,0.0,166.27854212564102,0.0,371.0,0.0,259.5,8.0,10.75,7.0,10.024968827881711,4.0,34.0,5.0,10.5,8.0,1531.625,1498.5,683.6043002247092,356.0,2558.0,1220.0,1932.5,8.0,279.625,267.0,126.42777441233847,66.0,463.0,225.75,360.25,8.0,618.875,0.0,879.2913441272709,0.0,1965.0,0.0,1353.0,8.0,55.875,37.5,53.3223016864694,18.0,179.0,24.75,55.5,8.0,116.5,0.0,165.4983815199239,0.0,371.0,0.0,254.75,8.0,10.75,7.0,10.024968827881711,4.0,34.0,5.0,10.5,8.0,0.35760541881092645,0.0,0.4938319773907119,0.0,0.9794117647058823,0.0,0.9295163122869664,8.0,0.047249109063344466,0.02641937575252385,0.046900752187824024,0.014598540145985401,0.15,0.022418051189941626,0.04637744179823388,8.0,11.462928921568627,0.0,18.262158752407128,0.0,41.625,0.0,17.975490196078432,8.0,0.023331835534434568,0.022650318079211987,0.013772040399838328,0.0,0.04980842911877394,0.01931311623004458,0.025844525844525845,8.0,2.0,2.0,0.5345224838248488,1.0,3.0,2.0,2.0,8.0,0.06001405878736871,0.053435598377281956,0.0528868080931633,0.0038461538461538325,0.17194570135746612,0.02765053128689493,0.07182283847037002,8.0,0.4920186103146304,0.5154343344291525,0.09380268237500766,0.3536036036036036,0.6,0.4059260337798486,0.5554552190423266,8.0,0.8345815658422884,0.848637238467747,0.0892410212432586,0.6749435665914221,0.9375,0.7801829201343903,0.8942103022562793,8.0,0.9399859412126313,0.946564401622718,0.0528868080931633,0.8280542986425339,0.9961538461538462,0.9281771615296299,0.9723494687131051,8.0,0.9777649133174645,0.9875415196448712,0.031769224311032566,0.9070294784580499,1.0,0.9757766049470584,1.0,8.0,0.1496623574704311,0.14551362554451228,0.02878643469915065,0.11592922639803693,0.20743736249454653,0.13400886600163897,0.16166481023507598,3.0,0.15140051887027492,0.1568290049362756,0.010381201145681175,0.13943057535051942,0.1579419763240297,0.1481297901433975,0.15738549063015267,8.0,-0.009397195749808303,-0.021527777777777778,0.05169346558814339,-0.06388888888888888,0.08215576733486692,-0.045500000000000006,0.006041666666666657,8.0,0.4469878634488933,0.4518276814140587,0.06870005815257836,0.3424550430023456,0.5646067415730337,0.3982466615396413,0.4789018220535909,8.0,0.11722978310225325,0.12351674098707581,0.02478816211946595,0.07909604519774012,0.15315315315315314,0.10143838557320739,0.13169398907103824,3.0,0.46003359556149603,0.431266846361186,0.07055334591213087,0.4084084084084084,0.5404255319148936,0.41983762738479724,0.4858461891380398,8.0,52.875,0.0,73.54189767938895,0.0,160.0,0.0,129.25,8.0,0.9224702380952381,0.9666666666666667,0.0957880327714387,0.7714285714285715,1.0,0.8562500000000001,1.0,8.0,0.862346420940171,0.9615384615384616,0.18304936367781177,0.53125,1.0,0.75,1.0,8.0,0.9465050463720677,0.9807692307692308,0.07500270633663907,0.7925531914893618,1.0,0.9211538461538462,1.0,8.0,-152.5,-113.0,161.96207668992852,-443.0,-6.0,-260.75,-8.0,8.0,-0.25,0.0,0.7071067811865476,-2.0,0.0,0.0,0.0,8.0,0.36603386185457987,0.0,0.5051927701398959,0.0,0.9823008849557522,0.0,0.9700315971204274,8.0,0.9930555555555556,1.0,0.019641855032959663,0.9444444444444444,1.0,1.0,1.0
400,8,8,5.0,0.625,6.0,0.75,6.0,0.75,6.0,0.75,6.0,0.75,0.0,0.0,0.0,0.0,0.0,0.0,0.0,0.0,0.0,0.0,0.0,0.0,2.0,0.25,0.0,0.0,0.0,0.0,0.0,0.0,0.0,0.0,3.0,0.375,3.0,0.375,3.0,0.375,8.0,1.0,0.0,0.0,0.0,0.0,0.0,0.0,0.0,0.0,8.0,0.75,1.0,0.4629100498862757,0.0,1.0,0.75,1.0,8.0,0.75,1.0,0.4629100498862757,0.0,1.0,0.75,1.0,8.0,261.5,266.5,125.03827985289716,89.0,437.0,182.0,348.25,8.0,224.875,254.0,153.5396063375366,0.0,398.0,148.5,337.25,8.0,12.75,10.5,12.925611342270376,0.0,40.0,4.5,17.25,8.0,1436.375,1586.5,649.0366349994648,537.0,2371.0,954.5,1845.5,8.0,265.5,273.0,126.04194313232175,90.0,441.0,185.5,351.75,8.0,1203.25,1484.5,812.9220222664129,0.0,2135.0,743.25,1752.75,8.0,64.375,46.5,65.81779503186918,0.0,203.0,27.75,90.0,8.0,224.875,255.0,153.42884576990636,0.0,397.0,147.75,337.25,8.0,12.875,10.5,12.977315372823236,0.0,40.0,4.5,18.0,8.0,0.7120440879200891,0.9443409851018547,0.4399069689802657,0.0,0.9732142857142857,0.683066361556064,0.9588474025974025,8.0,0.03899201842208135,0.041233766233766234,0.03230950687002915,0.0,0.09153318077803203,0.013392857142857142,0.05646188051079355,8.0,17.991952614379084,15.970588235294118,17.526760514797928,0.0,54.5,7.4624999999999995,22.108333333333334,8.0,0.021486384343026244,0.019035218253968256,0.011042115795146716,0.007168458781362007,0.038834951456310676,0.013710474308300396,0.030415582637272353,8.0,2.125,2.0,0.3535533905932738,2.0,3.0,2.0,2.0,8.0,0.05636285219721364,0.06463355212244548,0.03134562169098266,0.011494252873563204,0.09660574412532641,0.02804684748150757,0.07645073094520699,8.0,0.47661560406218023,0.4855769230769231,0.11184509007693623,0.3180778032036613,0.6853932584269663,0.4221996753246753,0.5144586391869,8.0,0.8314188492408923,0.8539445628997868,0.07543666877999362,0.7041284403669725,0.9431818181818182,0.8051120923913043,0.8638688798413195,8.0,0.9436371478027864,0.9353664478775545,0.031345621690982664,0.9033942558746736,0.9885057471264368,0.9235492690547931,0.9719531525184925,8.0,0.9734670282678313,0.9715409688659098,0.020344428896892894,0.948,1.0,0.9557289205587163,0.9918235066749919,8.0,0.14874439859774963,0.1471917585237993,0.024833209706817676,0.10366367679537965,0.18774245465513154,0.14363918861943886,0.15411435846705798,6.0,0.15142139930851287,0.14335793298065294,0.020696769056214603,0.13368501328103669,0.18690886030741252,0.13718031868089425,0.16041264003542383,6.0,0.026506821230849995,0.02183428209993676,0.04192787891520166,-0.015765765765765747,0.09881773399014779,-0.0034469696969696944,0.03860440696757138,8.0,0.44524432146104853,0.4340947923250382,0.06830970753384333,0.3492197385069591,0.5722120658135283,0.4113157422505871,0.472998896712451,8.0,0.12289853493584725,0.11778846153846154,0.03592195663210463,0.06719367588932806,0.1853546910755149,0.10563804173354735,0.13717532467532467,6.0,0.4527429035162716,0.47523399128903715,0.09052522665042492,0.32663316582914576,0.5485232067510548,0.38522761268448347,0.5205141824145514,8.0,97.75,130.0,61.74313148613606,0.0,144.0,75.75,136.75,8.0,0.8612828971281138,0.8990514905149052,0.15169246045450172,0.5966850828729282,1.0,0.7562217194570136,1.0,8.0,0.7614832448210305,0.7720430107526881,0.23964554957600945,0.39325842696629215,1.0,0.61215978928885,1.0,8.0,0.8549917924575122,0.8858886069832064,0.16286197980123723,0.5635673624288424,1.0,0.7838050984738681,1.0,8.0,-3.0,-2.0,4.20883424647321,-8.0,3.0,-7.25,0.0,8.0,-0.25,0.0,0.7071067811865476,-2.0,0.0,0.0,0.0,8.0,0.7417200411109692,0.9796687413350639,0.45799268950699956,0.0,1.0153846153846153,0.728494623655914,0.9928848898049786,8.0,0.7440476190476191,1.0,0.45952997775282817,0.0,1.0,0.7142857142857142,1.0
410,8,8,1.0,0.125,2.0,0.25,2.0,0.25,7.0,0.875,2.0,0.25,0.0,0.0,0.0,0.0,5.0,0.625,0.0,0.0,0.0,0.0,0.0,0.0,1.0,0.125,0.0,0.0,0.0,0.0,0.0,0.0,0.0,0.0,4.0,0.5,4.0,0.5,4.0,0.5,8.0,1.0,0.0,0.0,0.0,0.0,0.0,0.0,0.0,0.0,8.0,0.71875,0.75,0.31160586368955623,0.0,1.0,0.75,0.8125,8.0,0.5625,0.5,0.32043497223082784,0.0,1.0,0.5,0.625,8.0,309.375,258.0,164.18538085260298,177.0,693.0,227.25,298.0,8.0,54.375,0.0,100.78539789360079,0.0,226.0,0.0,52.25,8.0,12.125,10.5,9.760525454239497,0.0,30.0,7.25,15.75,8.0,1758.5,1517.0,866.8931389079708,950.0,3740.0,1305.5,1780.0,8.0,315.75,267.0,163.27780883250136,177.0,695.0,232.25,310.25,8.0,303.125,0.0,561.3319459744195,0.0,1227.0,0.0,299.5,8.0,67.25,61.0,53.39810055476826,0.0,160.0,39.75,86.75,8.0,54.5,0.0,101.02899159576494,0.0,227.0,0.0,52.25,8.0,12.125,10.5,9.760525454239497,0.0,30.0,7.25,15.75,8.0,0.2421183243994441,0.0,0.4483796878278465,0.0,0.9826086956521739,0.0,0.23858447488584475,8.0,0.039477582989987436,0.03496987461325517,0.03138060976512275,0.0,0.08433734939759036,0.017325428194993414,0.05827562848110793,8.0,16.5,0.0,39.55466380303881,0.0,113.0,0.0,4.75,8.0,0.02621330464056673,0.02538367367544236,0.014093790303727365,0.009174311926605505,0.04727272727272727,0.014721721659520702,0.03253299120234604,8.0,2.0,2.0,0.0,2.0,2.0,2.0,2.0,8.0,0.08831557173190896,0.0553213143355627,0.07969025436369348,0.01754385964912286,0.26628075253256156,0.044562211981566846,0.10743699214984159,8.0,0.4619614106984435,0.48586956521739133,0.10065970228748693,0.2352092352092352,0.5799086757990868,0.4532735522904062,0.4981621400857668,8.0,0.802945565339733,0.8389846041055719,0.12106615365144528,0.523121387283237,0.9128440366972477,0.7900341763499659,0.8579793568876538,8.0,0.911684428268091,0.9446786856644374,0.07969025436369348,0.7337192474674384,0.9824561403508771,0.8925630078501584,0.9554377880184332,8.0,0.9572538092953744,0.9731904688622139,0.047373526223611,0.8594202898550725,1.0,0.9429216616716617,0.9894168769273899,8.0,0.16584325988786683,0.1513848481471201,0.039025821469188135,0.1353225017551533,0.2537732888293824,0.14554941466782356,0.17008342641426358,2.0,0.13249796304073852,0.13249796304073852,0.006736333569885206,0.12773465589313812,0.13726127018833895,0.13011630946693833,0.13487961661453873,7.0,-0.004669472494850574,-0.0004329004329004429,0.08398432902289707,-0.1825396825396825,0.06658860265417643,-0.003919020715630889,0.04576785714285714,8.0,0.4137523241316322,0.4236851017313008,0.05805314495403302,0.28502673796791445,0.4604948124501197,0.4029130355352048,0.45654354139316544,8.0,0.11613731338393865,0.0961379765637894,0.04409574504470572,0.07692307692307693,0.2106782106782107,0.09196384953590621,0.12802751166789486,2.0,0.5357687259177711,0.5357687259177711,0.08813011010808328,0.47345132743362833,0.5980861244019139,0.5046100266756998,0.5669274251598425,8.0,29.0,0.0,53.91262772831082,0.0,125.0,0.0,26.75,8.0,0.9106699311617346,0.9545454545454546,0.11814832653474848,0.6666666666666667,1.0,0.8559718969555036,1.0,8.0,0.8397544800161079,0.9545454545454546,0.21935640464281816,0.40310077519379844,1.0,0.7150974025974026,1.0,7.0,0.9648526077097506,1.0,0.048461928057057846,0.8809523809523809,1.0,0.9365079365079365,1.0,8.0,-224.5,-247.5,231.99938423563603,-685.0,0.0,-286.75,-5.25,8.0,-0.25,0.0,0.4629100498862757,-1.0,0.0,-0.25,0.0,8.0,0.24594907407407407,0.0,0.4554915475045926,0.0,1.0,0.0,0.24189814814814814,8.0,0.8596041055718475,1.0,0.348797318993218,0.0,1.0,0.9530791788856305,1.0
420,8,8,5.0,0.625,6.0,0.75,7.0,0.875,7.0,0.875,6.0,0.75,0.0,0.0,0.0,0.0,2.0,0.25,0.0,0.0,0.0,0.0,0.0,0.0,1.0,0.125,0.0,0.0,0.0,0.0,0.0,0.0,0.0,0.0,4.0,0.5,4.0,0.5,4.0,0.5,8.0,1.0,0.0,0.0,0.0,0.0,0.0,0.0,0.0,0.0,8.0,0.9375,1.0,0.11572751247156893,0.75,1.0,0.9375,1.0,8.0,0.875,1.0,0.23145502494313785,0.5,1.0,0.875,1.0,8.0,277.25,292.0,77.67652706669408,149.0,354.0,248.5,338.25,8.0,226.75,266.0,116.85002597958021,0.0,338.0,156.0,319.5,8.0,17.25,10.5,19.477092772206607,0.0,57.0,5.25,20.25,8.0,1550.5,1669.0,411.00538752117177,913.0,2007.0,1372.75,1827.25,8.0,283.875,297.5,77.60971496625186,158.0,362.0,252.25,347.25,8.0,1230.375,1450.0,620.7163919905082,0.0,1766.0,856.5,1725.25,8.0,92.0,54.0,104.40853823870371,0.0,292.0,30.75,107.75,8.0,228.625,267.0,117.61552072020815,0.0,339.0,157.5,323.0,8.0,17.375,10.5,19.397625038722065,0.0,57.0,6.0,20.25,8.0,0.8320583863328294,0.9623259541220075,0.3373746930926953,0.0,0.9781021897810219,0.9109967715899919,0.9680908172287482,8.0,0.056224824489602664,0.03844924650293778,0.059698971328907155,0.0,0.18387096774193548,0.026444122829096403,0.05900581836579813,8.0,45.090214646464645,25.2,53.54441329922833,0.0,160.0,18.265277777777776,45.378787878787875,8.0,0.02030854339120197,0.016642539097628917,0.009344227541875968,0.011029411764705883,0.037463976945244955,0.013371381089827692,0.026305721077138484,8.0,2.375,2.0,0.7440238091428449,2.0,4.0,2.0,2.25,8.0,0.08660469262278656,0.07815666991967574,0.05458363950828446,0.006802721088435382,0.1936416184971098,0.05832219251336898,0.1067700541870284,8.0,0.4740177322805723,0.46485754650341415,0.08941240596646718,0.35919540229885055,0.6577181208053692,0.424272704275234,0.49538461538461537,8.0,0.8049852645625776,0.8036479154768703,0.08419449190431577,0.6512968299711815,0.9594594594594594,0.7901392682057979,0.8242547682202855,8.0,0.9133953073772134,0.9218433300803243,0.05458363950828446,0.8063583815028902,0.9931972789115646,0.8932299458129715,0.941677807486631,8.0,0.9568933770785053,0.9659211423377017,0.03616246389673158,0.8898550724637682,1.0,0.9415327978580991,0.9798335803870859,8.0,0.1604572680662768,0.15781044882904244,0.02833617270726969,0.1134467951053565,0.2163106177239192,0.15376260946373538,0.16431727650685207,7.0,0.15502625958372765,0.15233194094258531,0.031217338157334105,0.11256572142931223,0.21518873666136257,0.14374186339032347,0.15880684563609315,7.0,0.015403090031535133,0.016111111111111104,0.06124409689255042,-0.10000000000000003,0.09524152847873107,0.006583684885571685,0.04165081042988021,8.0,0.42569906530507984,0.4171405866204306,0.0449014930366301,0.367170626349892,0.5169769989047097,0.401272360920396,0.4402329252603831,8.0,0.1149225598397601,0.11128205128205128,0.02682109374742507,0.0847457627118644,0.16666666666666666,0.09513172393068216,0.12419943489522016,7.0,0.4874564653404216,0.4664179104477612,0.09969826833134893,0.3609467455621302,0.6666666666666666,0.4328509067471362,0.5262310606060606,8.0,105.0,123.5,46.284832443098615,0.0,142.0,94.25,132.0,8.0,0.8023792119186857,0.9166666666666667,0.30175313125059156,0.11640211640211641,1.0,0.7423245614035088,1.0,8.0,0.7532138377926422,0.9166666666666667,0.3324507747647161,0.09782608695652174,1.0,0.5813301282051282,1.0,8.0,0.816814007801068,0.9864864864864865,0.32257483131198356,0.07046632124352337,1.0,0.7634658664666166,1.0,8.0,-36.875,-5.0,91.02501618472019,-262.0,1.0,-7.25,-3.75,8.0,-1.75,0.0,4.949747468305833,-14.0,0.0,0.0,0.0,8.0,0.8572669073293732,0.9755548045510871,0.34667030364128454,0.0,1.003125,0.965,0.9884605425001618,8.0,0.875,1.0,0.3535533905932738,0.0,1.0,1.0,1.0
430,8,8,6.0,0.75,6.0,0.75,6.0,0.75,8.0,1.0,6.0,0.75,0.0,0.0,0.0,0.0,2.0,0.25,0.0,0.0,0.0,0.0,0.0,0.0,0.0,0.0,0.0,0.0,0.0,0.0,0.0,0.0,0.0,0.0,2.0,0.25,2.0,0.25,2.0,0.25,8.0,1.0,0.0,0.0,0.0,0.0,0.0,0.0,0.0,0.0,8.0,0.9375,1.0,0.11572751247156893,0.75,1.0,0.9375,1.0,8.0,0.875,1.0,0.23145502494313785,0.5,1.0,0.875,1.0,8.0,335.75,299.0,180.02678372159755,74.0,689.0,253.0,392.75,8.0,194.875,223.5,161.23225262246473,0.0,431.0,51.75,274.5,8.0,15.0,12.0,11.489125293076057,5.0,40.0,7.5,16.75,8.0,1876.625,1736.0,925.8569678951495,497.0,3630.0,1404.75,2192.75,8.0,339.5,308.0,173.8143508788287,79.0,673.0,259.5,398.5,8.0,1084.25,1248.5,890.5801880956994,0.0,2423.0,317.25,1491.75,8.0,87.5,59.5,75.430194787726,36.0,258.0,40.75,89.5,8.0,196.0,226.0,161.45853072184553,0.0,431.0,52.5,276.25,8.0,15.125,12.0,11.382160226801036,5.0,40.0,7.75,16.75,8.0,0.7013318029603832,0.9247142399316313,0.43491406040787883,0.0,0.9813829787234043,0.6348425196850394,0.9635837221959511,8.0,0.0573021946705097,0.043541456016177954,0.04756939824598823,0.008708272859216255,0.15748031496062992,0.027328178281542673,0.07241480611045828,8.0,16.386276223776225,12.172727272727272,16.462764274788665,0.0,46.125,4.03125,24.856643356643357,8.0,0.016453806633521646,0.017170052662510517,0.009426286607556995,0.0,0.027777777777777776,0.011108803986710963,0.024221719457013575,8.0,2.125,2.0,0.8345229603962802,1.0,4.0,2.0,2.0,8.0,0.08787793741736216,0.09109401336292094,0.053131803985594514,0.0,0.15936254980079678,0.06156015037593984,0.12764081954568915,8.0,0.46972429146491884,0.42314895670557956,0.14710280029219217,0.3251088534107402,0.8108108108108109,0.4050700109326381,0.47714446952595935,8.0,0.8033605713075245,0.7739591836734694,0.09766945408842179,0.6991279069767442,0.9863013698630136,0.7301587301587301,0.8552505678464758,8.0,0.9121220625826378,0.908905986637079,0.053131803985594514,0.8406374501992032,1.0,0.8723591804543108,0.9384398496240601,8.0,0.9489758266721829,0.9484395706334482,0.03711423413291391,0.892,1.0,0.9327640750670241,0.9694155927609212,8.0,0.15938666147881997,0.16696632679621787,0.03278517470189204,0.08991244765892653,0.1915893830435459,0.15275004403860898,0.18020856589909437,6.0,0.15137655854117202,0.16181567726721258,0.037774688780219966,0.08381128584643849,0.18799672573490187,0.1405520573349042,0.174970770147152,8.0,0.023039722451065014,0.010386338299381771,0.03993959356147226,-0.020833333333333346,0.09002385211687537,0.0006910569105691025,0.038826130010340534,8.0,0.42201731544458165,0.40632001186995315,0.06663379035795039,0.359504132231405,0.5774647887323944,0.39019884931923887,0.4192957159793649,8.0,0.1084522068911899,0.10109499954039894,0.03966969196837012,0.05405405405405406,0.17391304347826086,0.08232390110378415,0.13619897013865298,6.0,0.5146881164984044,0.4578116249299944,0.159050833636598,0.4010840108401084,0.8260869565217391,0.42365102171136654,0.5142556520800734,8.0,91.0,101.5,70.83985964332308,0.0,207.0,42.75,121.75,8.0,0.8689831002331002,0.9090909090909091,0.1252315593804096,0.65,1.0,0.8068181818181819,0.9423076923076923,8.0,0.819047619047619,0.9083333333333333,0.19741198889441458,0.5,1.0,0.6785714285714286,0.9624999999999999,8.0,0.9030611876752318,0.9365384615384615,0.10363527367938405,0.7131782945736433,1.0,0.8701219512195122,0.9683098591549296,8.0,-136.5,-9.0,261.13160338364696,-714.0,-1.0,-93.5,-3.75,8.0,-0.125,0.0,0.3535533905932738,-1.0,0.0,0.0,0.0,8.0,0.7321728837671441,0.9719155844155845,0.45208944379282073,0.0,0.9892761394101877,0.713495575221239,0.9860942249240122,8.0,0.9791666666666667,1.0,0.058925565098878946,0.8333333333333334,1.0,1.0,1.0
440,8,8,4.0,0.5,5.0,0.625,5.0,0.625,7.0,0.875,5.0,0.625,0.0,0.0,0.0,0.0,2.0,0.25,0.0,0.0,0.0,0.0,0.0,0.0,1.0,0.125,0.0,0.0,0.0,0.0,0.0,0.0,0.0,0.0,4.0,0.5,4.0,0.5,4.0,0.5,8.0,1.0,0.0,0.0,0.0,0.0,0.0,0.0,0.0,0.0,8.0,0.8125,1.0,0.3471825374147068,0.0,1.0,0.75,1.0,8.0,0.75,1.0,0.3779644730092272,0.0,1.0,0.5,1.0,8.0,351.5,310.5,203.6544692785868,137.0,800.0,249.75,391.75,8.0,176.875,218.0,156.79325559474808,0.0,374.0,0.0,301.25,8.0,15.625,11.5,17.57382387854976,0.0,56.0,5.75,15.25,8.0,1987.75,1787.5,1190.3283760614727,768.0,4670.0,1448.0,2126.25,8.0,356.75,318.0,204.462885210425,134.0,805.0,256.75,396.5,8.0,984.125,1218.0,871.4291115337905,0.0,2017.0,0.0,1692.0,8.0,82.75,60.5,90.45875145217137,0.0,283.0,29.75,81.75,8.0,178.0,220.5,157.4202746063634,0.0,373.0,0.0,304.0,8.0,15.625,11.5,17.57382387854976,0.0,56.0,5.75,15.25,8.0,0.6038938076932756,0.9495282272942913,0.5002785845523905,0.0,0.9838709677419355,0.0,0.9740349264705883,8.0,0.04230578054870843,0.028072916666666666,0.0426197673545966,0.0,0.13493975903614458,0.019111717267552182,0.04669846959394163,8.0,21.998397435897438,19.076923076923077,22.28265029259709,0.0,53.0,0.0,38.208333333333336,8.0,0.020593627310658835,0.023805967136339777,0.008658443486437446,0.007352941176470588,0.032362459546925564,0.013616817964644052,0.0259001088705404,8.0,2.125,2.0,0.3535533905932738,2.0,3.0,2.0,2.0,8.0,0.09728963351305601,0.1014528340495191,0.063323592955647,0.016233766233766267,0.16753926701570676,0.043093845725424684,0.1534239168762782,8.0,0.42928700310070134,0.4145625779698839,0.0576272439758687,0.3421686746987952,0.5109489051094891,0.3982291666666667,0.4763282732447818,8.0,0.7745422869834669,0.7634745044208486,0.0788245271934468,0.7023498694516971,0.8996763754045307,0.7031971651536869,0.8270566529194703,8.0,0.902710366486944,0.8985471659504809,0.063323592955647,0.8324607329842932,0.9837662337662337,0.8465760831237218,0.9569061542745754,8.0,0.9518284385773743,0.9555888403652506,0.04352283518403877,0.89501312335958,0.993485342019544,0.9169011544011544,0.9924881552088991,8.0,0.1696784463175855,0.16763001391105276,0.026869367444150565,0.1357666284076462,0.20115571736463653,0.14909957036159038,0.19599103978380847,5.0,0.17070467441778664,0.16900577538369146,0.026933776944504637,0.13413396886074175,0.19766849435467715,0.15673038367902026,0.19598474981080255,7.0,0.018925703851261223,0.013492063492063503,0.059701767092842944,-0.04487179487179488,0.13084247319229655,-0.02109706264121918,0.03760565521435088,8.0,0.40453525744897634,0.4063885759220075,0.04071521374647013,0.34722880151586927,0.4592875318066158,0.37093126697256296,0.4298318841667214,8.0,0.13161156829200416,0.1403613736986957,0.0424764672132688,0.0725,0.1801470588235294,0.0959929435483871,0.1664994382675396,5.0,0.44216457707418283,0.43859649122807015,0.040977737153836916,0.393048128342246,0.49836065573770494,0.4166666666666667,0.4641509433962264,8.0,77.75,99.0,68.38076170553069,0.0,152.0,0.0,130.5,8.0,0.8982947759753199,0.9583333333333333,0.1290832545153213,0.6810035842293908,1.0,0.8219507502885726,1.0,8.0,0.8144895984518625,0.9166666666666667,0.2313619844681418,0.4056603773584906,1.0,0.6692307692307692,1.0,7.0,0.9557941643556378,1.0,0.06192336468017388,0.8606271777003485,1.0,0.9149659863945578,1.0,8.0,-148.125,-4.5,293.017521416626,-802.0,1.0,-97.25,-1.5,8.0,-0.375,0.0,0.7440238091428449,-2.0,0.0,-0.25,0.0,8.0,0.616251631926921,0.9755440637793579,0.5103902718451528,0.0,1.002680965147453,0.0,0.9854403010221273,8.0,0.862390350877193,1.0,0.34964490296834755,0.0,1.0,0.9660087719298245,1.0
450,8,8,2.0,0.25,5.0,0.625,5.0,0.625,6.0,0.75,5.0,0.625,0.0,0.0,0.0,0.0,1.0,0.125,0.0,0.0,0.0,0.0,0.0,0.0,2.0,0.25,0.0,0.0,0.0,0.0,0.0,0.0,0.0,0.0,4.0,0.5,4.0,0.5,4.0,0.5,8.0,1.0,0.0,0.0,0.0,0.0,0.0,0.0,0.0,0.0,8.0,0.71875,1.0,0.45193038338727726,0.0,1.0,0.5625,1.0,8.0,0.6875,1.0,0.45806269065645216,0.0,1.0,0.375,1.0,8.0,244.625,196.0,120.09393644738509,125.0,497.0,184.0,261.75,8.0,177.625,182.0,177.3833117452549,0.0,488.0,0.0,256.25,8.0,5.125,2.0,6.266407036161723,0.0,18.0,1.5,7.75,8.0,1366.5,1092.0,650.627609093163,702.0,2725.0,1043.5,1468.25,8.0,247.5,198.0,120.4361122872087,126.0,501.0,185.5,267.25,8.0,968.75,998.0,963.0819205624648,0.0,2638.0,0.0,1402.0,8.0,26.875,7.5,36.13244485816828,0.0,102.0,4.5,42.0,8.0,177.0,180.5,176.83002330729119,0.0,487.0,0.0,257.0,8.0,5.125,2.0,6.266407036161723,0.0,18.0,1.5,7.75,8.0,0.612048003098412,0.9737386269644335,0.5068454217466415,0.0,0.9884057971014493,0.0,0.9794300562734697,8.0,0.022300478319164766,0.010723937668909205,0.03340407859345278,0.0,0.10112359550561797,0.004347826086956522,0.022569175738189822,8.0,54.23392857142857,40.68571428571428,60.408769340761324,0.0,170.5,0.0,90.75,8.0,0.015226608275102109,0.016172624237140366,0.0051350556094435975,0.008583690987124463,0.024193548387096774,0.010925556663343303,0.017617685671417853,8.0,2.0,2.0,0.0,2.0,2.0,2.0,2.0,8.0,0.03744181420703063,0.016238189408921078,0.03443354202416059,0.010869565217391353,0.09659090909090906,0.014728058711169195,0.05626741553465692,8.0,0.5159208319118274,0.532707591120855,0.05171634951048761,0.4084507042253521,0.5752688172043011,0.5022668153102936,0.5443636363636364,8.0,0.8623047336079555,0.8744373593398349,0.04974861586329449,0.7681451612903226,0.9215686274509803,0.8389224315608254,0.8974353385643709,8.0,0.9625581857929694,0.9837618105910789,0.03443354202416059,0.9034090909090909,0.9891304347826086,0.943732584465343,0.9852719412888308,8.0,0.9847116033176482,0.9975247524752475,0.026544320837414006,0.9257142857142857,1.0,0.9849032546400966,1.0,8.0,0.1364845003200611,0.13265819601756573,0.01573802348899152,0.11904348999628374,0.16135957208811083,0.1243823314050756,0.14510934942545065,5.0,0.13660700162716247,0.13361918966325273,0.013620033830130428,0.12489128335658986,0.1586091557970992,0.12643440569293418,0.13948097362593637,6.0,-0.12778154536668468,-0.09728487886382621,0.16088237723805823,-0.3095238095238096,0.048039215686274506,-0.2777777777777778,-0.003840852130325816,8.0,0.46306185579313625,0.46643520548969714,0.036544598013443466,0.4040366972477064,0.5128205128205128,0.439110950358103,0.4882624893498863,8.0,0.11773683906538306,0.10931899641577061,0.03797701059633335,0.08292682926829269,0.208,0.1012378619543347,0.1137189809529532,5.0,0.4995590501034518,0.5043988269794721,0.057854979795075874,0.41188524590163933,0.56353591160221,0.4824561403508772,0.5355191256830601,8.0,85.375,100.0,79.0857355749352,0.0,201.0,0.0,125.5,8.0,0.841781537176274,0.9285714285714286,0.19141029718040986,0.5263157894736843,1.0,0.6876984126984127,1.0,8.0,0.7456574332695587,0.8571428571428572,0.2968741218178792,0.28804347826086957,1.0,0.513459841129744,1.0,6.0,0.956923558897243,1.0,0.0932194703155908,0.7678571428571428,1.0,0.9802631578947368,1.0,8.0,-23.25,-2.5,59.333801496280344,-170.0,0.0,-5.0,-0.75,8.0,0.0,0.0,0.0,0.0,0.0,0.0,0.0,8.0,0.6176202486555916,0.9794766941335629,0.5114848586153854,0.0,0.9956331877729258,0.0,0.9925288126507639,8.0,0.75,1.0,0.4629100498862757,0.0,1.0,0.75,1.0
460,8,8,5.0,0.625,5.0,0.625,5.0,0.625,8.0,1.0,5.0,0.625,0.0,0.0,0.0,0.0,3.0,0.375,0.0,0.0,0.0,0.0,0.0,0.0,0.0,0.0,0.0,0.0,0.0,0.0,0.0,0.0,0.0,0.0,4.0,0.5,4.0,0.5,4.0,0.5,8.0,1.0,0.0,0.0,0.0,0.0,0.0,0.0,0.0,0.0,8.0,0.90625,1.0,0.12938729237669142,0.75,1.0,0.75,1.0,8.0,0.8125,1.0,0.25877458475338283,0.5,1.0,0.5,1.0,8.0,333.875,371.5,73.11524660229415,206.0,411.0,287.25,379.5,8.0,195.875,242.0,171.76016293491506,0.0,373.0,0.0,348.5,8.0,14.25,11.5,10.333717350775292,4.0,38.0,9.0,14.75,8.0,1930.75,2096.0,410.7953087783327,1223.0,2361.0,1654.25,2205.25,8.0,339.125,373.0,73.07224898296597,211.0,418.0,295.25,386.25,8.0,1120.25,1375.0,985.6204354908348,0.0,2261.0,0.0,1945.75,8.0,81.875,68.5,62.18276633096527,19.0,222.0,52.0,82.25,8.0,196.5,244.0,172.2224475164937,0.0,372.0,0.0,349.0,8.0,14.5,12.0,10.2399776785471,4.0,38.0,9.75,14.75,8.0,0.5953113623994315,0.9196339370340958,0.49357720033275293,0.0,0.979002624671916,0.0,0.9715432267629125,8.0,0.04286874636959785,0.03088130178872407,0.02824817811095896,0.015873015873015872,0.10026385224274406,0.02597850451175355,0.05201776378960845,8.0,15.903769841269842,11.392857142857142,16.695327067571096,0.0,41.44444444444444,0.0,31.083333333333336,8.0,0.019172071178568062,0.015581535980649062,0.008811820116406703,0.00796812749003984,0.031746031746031744,0.013210108604845446,0.02745130135865117,8.0,2.125,2.0,0.3535533905932738,2.0,3.0,2.0,2.0,8.0,0.06949345481117442,0.07012132029592838,0.03578905203118972,0.02400000000000002,0.13262599469496017,0.047310117752106695,0.08550971834000251,8.0,0.468227546021501,0.46770951289951634,0.06823217043866397,0.34564643799472294,0.5631067961165048,0.44316744666782226,0.5151098901098901,8.0,0.8206645116950805,0.8242317202401979,0.05944501448689551,0.708994708994709,0.8884462151394422,0.7909698025551684,0.8649768191896795,8.0,0.9305065451888256,0.9298786797040717,0.03578905203118972,0.8673740053050398,0.976,0.9144902816599975,0.9526898822478933,8.0,0.9702517297120969,0.9628118121790169,0.02227245478279802,0.9388297872340425,0.997229916897507,0.9566118113912232,0.9939284163681754,8.0,0.15527610505041783,0.15623968589524942,0.01732962700080143,0.13117920414091028,0.18515030851398726,0.14443825388049006,0.16490230114140605,5.0,0.15665098001590289,0.1544284424515125,0.01703337544182151,0.13573305417803422,0.18289689182462338,0.15160723664839068,0.15858927497695374,8.0,0.018878671393913214,0.020681118218431663,0.045672489893196784,-0.05921052631578947,0.08876244665718351,0.002306998556998542,0.043142330085705574,8.0,0.41272256741129865,0.4173265585598386,0.028274413729332145,0.37493808816245666,0.46443172526574,0.3922301814973671,0.4239838987722437,8.0,0.09303753617898003,0.09336059934255792,0.027564960243661174,0.05952380952380952,0.1386861313868613,0.07249775290672388,0.10744257463312185,5.0,0.47458337037713116,0.4742268041237113,0.08526507541305638,0.35054347826086957,0.5906735751295337,0.4691689008042895,0.48830409356725146,8.0,90.375,121.5,77.32480197194171,0.0,175.0,0.0,145.25,8.0,0.9234809308338721,0.9642857142857143,0.09682497100283531,0.7435897435897436,1.0,0.8700980392156863,1.0,8.0,0.8662613122171946,0.9230769230769231,0.1654854787947317,0.55,1.0,0.7680995475113123,1.0,8.0,0.9411465418482594,0.9724770642201834,0.07186106020822726,0.8153153153153153,1.0,0.8858876945885842,1.0,8.0,-129.875,-7.5,178.07256747100124,-404.0,0.0,-278.0,-4.0,8.0,-0.25,0.0,0.7071067811865476,-2.0,0.0,0.0,0.0,8.0,0.615261494635225,0.9748477157360407,0.5095535238775443,0.0,1.0,0.0,0.9850777410280981,8.0,0.99375,1.0,0.017677669529663705,0.95,1.0,1.0,1.0
470,8,8,4.0,0.5,6.0,0.75,8.0,1.0,6.0,0.75,6.0,0.75,0.0,0.0,0.0,0.0,2.0,0.25,0.0,0.0,0.0,0.0,0.0,0.0,2.0,0.25,0.0,0.0,0.0,0.0,0.0,0.0,0.0,0.0,4.0,0.5,4.0,0.5,4.0,0.5,8.0,1.0,0.0,0.0,0.0,0.0,0.0,0.0,0.0,0.0,8.0,0.9375,1.0,0.11572751247156893,0.75,1.0,0.9375,1.0,8.0,0.875,1.0,0.23145502494313785,0.5,1.0,0.875,1.0,8.0,363.375,295.0,222.3767315037383,180.0,858.0,211.5,427.25,8.0,350.875,280.0,221.13049637843133,166.0,843.0,205.5,414.5,8.0,9.25,7.5,9.63253415699702,0.0,26.0,1.5,15.25,8.0,1951.75,1613.5,1140.9525782057226,940.0,4470.0,1180.25,2232.5,8.0,368.125,296.5,222.61975108113964,186.0,864.0,216.5,433.0,8.0,1854.875,1505.5,1135.0782776657175,835.0,4360.0,1117.25,2134.5,8.0,44.625,36.0,46.806402187246626,0.0,127.0,6.75,73.25,8.0,351.25,277.5,221.13069826300853,167.0,844.0,207.0,415.5,8.0,9.25,7.5,9.63253415699702,0.0,26.0,1.5,15.25,8.0,0.9584680988677716,0.9687701482914248,0.02809877180337155,0.9094202898550725,0.9840764331210191,0.9469734660033168,0.9781875101642543,8.0,0.03032360792314486,0.013975172114706998,0.03757244646508219,0.0,0.09420289855072464,0.004777070063694268,0.043882978723404256,8.0,122.69042467948718,78.84375,139.36175976472097,9.653846153846153,425.0,26.47820512820513,163.875,8.0,0.020206855310679513,0.018436703483432453,0.007082663855019559,0.01,0.0335195530726257,0.016524772296172587,0.02347405881796415,8.0,2.375,2.0,0.5175491695067657,2.0,3.0,2.0,3.0,8.0,0.08838266595043748,0.08147518581475183,0.07332121098537736,0.009389671361502372,0.2301401869158879,0.034958446076536503,0.10904013984894181,8.0,0.4244321838037427,0.4394927536231884,0.09832546179383014,0.23193473193473194,0.5422885572139303,0.3949481517300666,0.4669530439934825,8.0,0.7811558651393273,0.7933982190929799,0.11046567448205918,0.5869311551925321,0.915,0.720091212369933,0.8592830909796662,8.0,0.9116173340495626,0.9185248141852482,0.07332121098537735,0.7698598130841121,0.9906103286384976,0.8909598601510582,0.9650415539234635,8.0,0.9571545666231411,0.9665673309741106,0.039590541158051405,0.8783625730994152,1.0,0.9399803857469762,0.9802567475397057,8.0,0.16590697675842192,0.1610275740190093,0.03340512920172509,0.12928571934572128,0.23026288826558125,0.14199845302783953,0.1807413968953143,8.0,0.16240769979291844,0.15413931116789364,0.03277033143427635,0.12924515549789578,0.2283931315531494,0.14249601703938808,0.17488643422929157,6.0,-0.026208796689016406,0.025801626688723468,0.11333589330914134,-0.1825396825396825,0.0713474025974026,-0.11481744062389226,0.05447043879130495,8.0,0.4098937007581902,0.4179553710430721,0.05441276973291372,0.3029082774049217,0.4724809483488569,0.3873399795632011,0.43800404988465164,8.0,0.13288175000656915,0.12722446916076846,0.034502530541907786,0.08181818181818182,0.2,0.1169827613524733,0.14455314189356744,8.0,0.4302828230594751,0.4413381682068078,0.0982562500012677,0.23487544483985764,0.5572916666666666,0.405966795477315,0.47637545057863784,8.0,133.5,125.5,40.70451010462038,74.0,198.0,108.5,157.75,8.0,0.7499643133104638,0.9666666666666667,0.4149168394341361,0.06593406593406592,1.0,0.7029419654833229,1.0,8.0,0.7279990261878406,0.9166666666666667,0.40541902052818,0.08045977011494253,1.0,0.6405932547744819,1.0,8.0,0.7424654161407094,0.9722222222222222,0.4353255589222855,0.03020408163265309,1.0,0.6999153173034978,1.0,8.0,-6.75,-4.5,6.112048990080401,-18.0,0.0,-10.5,-3.25,8.0,-3.25,0.0,5.873670062235365,-15.0,0.0,-3.25,0.0,8.0,0.9805290944846528,0.981217750257998,0.015527231606906899,0.958041958041958,1.0,0.9713859229437735,0.9922005413940898,8.0,0.7453703703703703,1.0,0.4602300287945931,0.0,1.0,0.7222222222222222,1.0
480,8,8,4.0,0.5,5.0,0.625,5.0,0.625,8.0,1.0,5.0,0.625,0.0,0.0,0.0,0.0,3.0,0.375,0.0,0.0,0.0,0.0,0.0,0.0,0.0,0.0,0.0,0.0,0.0,0.0,0.0,0.0,0.0,0.0,4.0,0.5,4.0,0.5,4.0,0.5,8.0,1.0,0.0,0.0,0.0,0.0,0.0,0.0,0.0,0.0,8.0,0.90625,1.0,0.12938729237669142,0.75,1.0,0.75,1.0,8.0,0.8125,1.0,0.25877458475338283,0.5,1.0,0.5,1.0,8.0,395.0,303.5,280.77545680286437,219.0,1059.0,250.0,355.25,8.0,160.75,194.0,140.36661182163553,0.0,307.0,0.0,291.25,8.0,23.125,12.0,28.979980774912285,4.0,89.0,6.5,22.0,8.0,2206.125,1675.0,1561.1954611313545,1133.0,5877.0,1397.25,2039.0,8.0,392.625,308.0,261.0582515728735,224.0,1006.0,253.0,363.25,8.0,879.125,1058.0,771.9530773119753,0.0,1724.0,0.0,1578.75,8.0,125.125,64.5,161.7250201510488,22.0,504.0,41.25,108.75,8.0,161.5,194.5,141.17871146680923,0.0,312.0,0.0,291.75,8.0,23.125,12.0,28.979980774912285,4.0,89.0,6.5,22.0,8.0,0.5869673188407667,0.8839663760896638,0.4886622903101395,0.0,0.9808306709265175,0.0,0.9699087650700554,8.0,0.05624384138951436,0.0351160288919625,0.055866802521899975,0.012903225806451613,0.18181818181818182,0.021580855246989432,0.06553093510290142,8.0,20.79951610889111,10.224038461538463,27.237698553837312,0.0,76.0,0.0,30.532467532467532,8.0,0.023867444340417668,0.025294525294525295,0.007176444777028633,0.013232514177693762,0.032362459546925564,0.020501666049611254,0.028364209556870107,8.0,2.375,2.0,0.5175491695067657,2.0,3.0,2.0,3.0,8.0,0.08247858006177773,0.06559139784946239,0.05944247076296827,0.007751937984496138,0.17889908256880738,0.05391332943583749,0.1145871750877924,8.0,0.4250048003474644,0.44791192611430863,0.0790672390420188,0.2577903682719547,0.5068493150684932,0.4191919191919192,0.46724932415826986,8.0,0.7935125239639617,0.8293485793485793,0.08946530931845609,0.6370510396975425,0.8803088803088803,0.7424757805750957,0.8549144918500045,8.0,0.9175214199382222,0.9344086021505376,0.059442470762968276,0.8211009174311926,0.9922480620155039,0.8854128249122076,0.9460866705641625,8.0,0.9614318047899245,0.9748207885304659,0.03744098889281711,0.8847926267281107,1.0,0.9422203540507113,0.9827137154631322,8.0,0.16612933635395002,0.16029365971273124,0.024016671748683303,0.13403293529765367,0.20166858534341772,0.15417443094518585,0.17659054069032412,5.0,0.15543766939801876,0.15702495491912818,0.007631338318742755,0.14730707596183718,0.16457069634786595,0.14791554043149585,0.16037007932976666,8.0,0.03773696711503294,0.01973986379474184,0.07130621751189666,-0.04772727272727271,0.14278056251740462,-0.01428571428571429,0.09817148758583268,8.0,0.4079888642290501,0.40530555275283353,0.047810032491042743,0.307980262038455,0.47054698457223,0.39989320388349514,0.4354001211468569,8.0,0.13436557445059658,0.1312346329469617,0.02580710081850257,0.0995850622406639,0.18181818181818182,0.1186973363864276,0.1430514825676116,5.0,0.46504546248301304,0.45394736842105265,0.04031264976772505,0.4198895027624309,0.5265700483091788,0.445993031358885,0.4788273615635179,8.0,74.75,92.5,65.45827460516901,0.0,147.0,0.0,130.5,8.0,0.9153299825174825,0.96875,0.11371407603157463,0.7159090909090908,1.0,0.8673076923076923,1.0,8.0,0.8708577428006776,0.96875,0.1697776314985487,0.6103896103896104,1.0,0.7460474308300395,1.0,8.0,0.9163696483826097,0.9573170731707317,0.1022168043995677,0.7571942446043165,1.0,0.8539356381822136,1.0,8.0,-218.875,-7.0,361.6926230536484,-1005.0,3.0,-310.75,-3.0,8.0,0.25,0.0,0.7071067811865476,0.0,2.0,0.0,0.0,8.0,0.6184613295500518,0.9770842721946823,0.5123036058608699,0.0,1.0168539325842696,0.0,0.9876735333631885,8.0,1.0028735632183907,1.0,0.008127664151569501,1.0,1.0229885057471264,1.0,1.0
490,8,8,2.0,0.25,3.0,0.375,3.0,0.375,5.0,0.625,3.0,0.375,0.0,0.0,0.0,0.0,2.0,0.25,0.0,0.0,0.0,0.0,0.0,0.0,3.0,0.375,0.0,0.0,0.0,0.0,0.0,0.0,0.0,0.0,2.0,0.25,2.0,0.25,2.0,0.25,8.0,1.0,0.0,0.0,0.0,0.0,0.0,0.0,0.0,0.0,8.0,0.5625,0.75,0.47715675771026383,0.0,1.0,0.0,1.0,8.0,0.5,0.5,0.4629100498862757,0.0,1.0,0.0,1.0,8.0,205.625,223.0,69.82823313572486,89.0,292.0,162.75,256.25,8.0,90.375,0.0,126.69416211604114,0.0,286.0,0.0,211.25,8.0,11.5,7.0,13.158375931050806,0.0,35.0,0.0,20.75,8.0,1189.875,1265.0,439.720507822867,486.0,1772.0,897.0,1487.25,8.0,208.25,227.0,70.35978965289763,91.0,288.0,163.5,264.25,8.0,498.875,0.0,695.5276388674798,0.0,1536.0,0.0,1203.75,8.0,71.375,39.0,88.35146938708571,0.0,246.0,0.0,114.75,8.0,90.125,0.0,125.90976076993736,0.0,278.0,0.0,213.25,8.0,11.5,7.0,13.158375931050806,0.0,35.0,0.0,20.75,8.0,0.3563655029829798,0.0,0.49215676119633484,0.0,0.9794520547945206,0.0,0.9247307373653686,8.0,0.04641191998281248,0.030323493472249018,0.05180165410819825,0.0,0.1346153846153846,0.0,0.08692670201127661,8.0,12.753804347826087,0.0,24.87040555170418,0.0,71.5,0.0,12.697826086956521,8.0,0.01688484110696569,0.015686515748031496,0.007105613648244361,0.009433962264150943,0.03017241379310345,0.01110004686035614,0.020259111299573727,8.0,2.125,2.0,0.3535533905932738,2.0,3.0,2.0,2.0,8.0,0.04511687682829357,0.04494906146210398,0.028723803503470948,0.0,0.09090909090909094,0.026503608660785938,0.061391212427612835,8.0,0.5117838431721795,0.511986301369863,0.05472340357944232,0.44635193133047213,0.6067415730337079,0.47222982216142273,0.5424963574550753,8.0,0.8520882528478022,0.8567421869308662,0.058225155248938176,0.7629310344827587,0.9431818181818182,0.8101624015748031,0.8852273404445503,8.0,0.9548831231717064,0.955050938537896,0.028723803503470948,0.9090909090909091,1.0,0.9386087875723872,0.9734963913392141,8.0,0.9820667063469066,0.9865079365079366,0.016839864089128895,0.9563492063492064,1.0,0.9679580443241415,0.9948096885813149,8.0,0.13970210472814823,0.1386026462970173,0.018744963776768132,0.1028022631643106,0.1633664825440824,0.13284420031881042,0.153895038350548,3.0,0.13468862281164581,0.13462364312855415,0.00235395181727355,0.13236783358163332,0.13707439172474997,0.13349573835509373,0.13584901742665206,5.0,0.04614900616712013,0.06283018867924531,0.07703686751688195,-0.054999999999999986,0.1425267609356416,-0.0037931034482758443,0.08418118466898956,8.0,0.4606657388218425,0.44655259800151464,0.05645162526808962,0.4006772009029345,0.5761316872427984,0.4237777854519921,0.4765879388019091,8.0,0.1154625300124236,0.11356691253951529,0.029356556750460592,0.07511737089201878,0.16666666666666666,0.0960616006059076,0.13254507447086492,3.0,0.5164014643943955,0.513986013986014,0.041267391566982545,0.47639484978540775,0.5588235294117647,0.4951904318857109,0.5364047716988893,8.0,46.5,0.0,65.05821568850031,0.0,147.0,0.0,111.75,8.0,0.8169286675702986,0.7987577639751553,0.15204436267915367,0.6145251396648045,1.0,0.6889562333926258,0.9625,8.0,0.6771696482973657,0.6545608108108107,0.25327628103155125,0.391304347826087,1.0,0.44113756613756616,0.8928571428571428,6.0,0.8938847014473339,0.9407392253136934,0.13500000107413399,0.6566265060240963,1.0,0.8440797439889293,0.9951923076923077,8.0,-57.125,-3.0,101.62738312088922,-229.0,3.0,-61.75,0.0,8.0,0.0,0.0,0.0,0.0,0.0,0.0,0.0,8.0,0.3686619325894668,0.0,0.5090572976015617,0.0,1.0149253731343284,0.0,0.9610515382887941,8.0,0.625,1.0,0.5175491695067657,0.0,1.0,0.0,1.0
500,8,8,4.0,0.5,6.0,0.75,6.0,0.75,7.0,0.875,6.0,0.75,0.0,0.0,0.0,0.0,1.0,0.125,0.0,0.0,0.0,0.0,0.0,0.0,1.0,0.125,0.0,0.0,0.0,0.0,0.0,0.0,0.0,0.0,4.0,0.5,4.0,0.5,4.0,0.5,8.0,1.0,0.0,0.0,0.0,0.0,0.0,0.0,0.0,0.0,8.0,0.84375,1.0,0.35197148829333974,0.0,1.0,0.9375,1.0,8.0,0.8125,1.0,0.37201190457142247,0.0,1.0,0.875,1.0,8.0,362.25,287.0,189.66417690222895,117.0,699.0,251.5,493.5,8.0,275.625,251.0,230.08565951463754,0.0,693.0,175.5,343.5,8.0,12.875,7.0,17.233169843564557,0.0,53.0,2.75,14.75,8.0,2045.5,1535.0,1158.9442239753016,605.0,4233.0,1420.0,2745.5,8.0,367.125,284.0,195.59319116107142,114.0,714.0,257.25,507.0,8.0,1543.625,1373.0,1358.0308157139038,0.0,4168.0,979.5,1790.75,8.0,66.25,32.0,96.83527987552588,0.0,295.0,14.0,68.75,8.0,276.75,250.0,233.96993091298842,0.0,703.0,175.5,338.75,8.0,12.875,7.0,17.233169843564557,0.0,53.0,2.75,14.75,8.0,0.7285724054342894,0.9638481449525453,0.45011460589181945,0.0,0.9914163090128756,0.7025691699604744,0.9857419935810108,8.0,0.03332553604644389,0.012253529887416806,0.036832896888140655,0.0,0.10095238095238095,0.009235785239807424,0.05930854042982189,8.0,53.745623249299726,42.42857142857143,52.50732061166575,0.0,132.5,10.455882352941178,99.16666666666667,8.0,0.022175467197707598,0.02065878483212313,0.013307290036849806,0.007936507936507936,0.05172413793103448,0.014034459357562963,0.023646033318882764,8.0,2.125,2.0,0.3535533905932738,2.0,3.0,2.0,2.0,8.0,0.06983324770495554,0.06228977250556056,0.04690691864528283,0.01980198019801982,0.15925394548063132,0.031802638006839246,0.09662597013194624,8.0,0.43878200589549554,0.46017787217096967,0.07295497936304032,0.33905579399141633,0.5296442687747036,0.36629399585921324,0.49131001175610844,8.0,0.8032654340431339,0.8193960511033682,0.06861912017582408,0.669054441260745,0.8706896551724138,0.7805858224319787,0.8554963668499607,8.0,0.9301667522950445,0.9377102274944394,0.04690691864528283,0.8407460545193687,0.9801980198019802,0.9033740298680537,0.9681973619931608,8.0,0.9698098004352809,0.9778376436781608,0.024358312613871697,0.9353448275862069,0.9966887417218543,0.9481147540983605,0.9893483709273183,8.0,0.15876574312212344,0.15688621024898047,0.023837160467616365,0.13380148209285656,0.20543776758143842,0.1407691320376392,0.16784405356020002,6.0,0.15848601538255414,0.14633140068262634,0.02680795930366415,0.1351019875559562,0.20528211048144582,0.14290542444977938,0.16866217056103633,7.0,-0.03808966266349461,0.02857142857142857,0.1631892697131367,-0.3857142857142858,0.11198396103416891,-0.04824929971988797,0.03751492845200096,8.0,0.41132201078691105,0.4245076544533696,0.07457227325276258,0.28183321521379634,0.5371900826446281,0.3693067265903418,0.4370597213698402,8.0,0.11209984088935965,0.11399241490774673,0.01853206628594798,0.08297567954220315,0.13382899628252787,0.10287648915589044,0.12776556776556777,6.0,0.4441309500171818,0.4551271534044299,0.08203847250343527,0.33910533910533913,0.5527426160337553,0.3807082307902652,0.49386792452830186,8.0,114.0,128.0,80.01071356833587,0.0,235.0,87.75,141.5,8.0,0.8670092887382608,0.9285714285714286,0.15879409219404017,0.5982905982905983,1.0,0.7533377837116155,1.0,8.0,0.8083323697193956,0.9166666666666667,0.23655082007723793,0.391304347826087,1.0,0.6230053191489362,1.0,8.0,0.9076721209233403,0.953125,0.12681271669903563,0.6359300476947536,1.0,0.8603547854785478,1.0,8.0,-65.25,-5.0,171.6697410727936,-490.0,0.0,-8.25,-2.25,8.0,-0.125,0.0,0.3535533905932738,-1.0,0.0,0.0,0.0,8.0,0.739786222978785,0.9831906065154057,0.4566634934069221,0.0,1.0,0.7306985294117647,0.9881997861050553,8.0,0.8726851851851851,1.0,0.3526776024638359,0.0,1.0,0.9953703703703703,1.0
510,8,8,5.0,0.625,6.0,0.75,6.0,0.75,8.0,1.0,6.0,0.75,0.0,0.0,0.0,0.0,2.0,0.25,0.0,0.0,0.0,0.0,0.0,0.0,0.0,0.0,0.0,0.0,0.0,0.0,0.0,0.0,0.0,0.0,3.0,0.375,3.0,0.375,3.0,0.375,8.0,1.0,0.0,0.0,0.0,0.0,0.0,0.0,0.0,0.0,8.0,0.9375,1.0,0.11572751247156893,0.75,1.0,0.9375,1.0,8.0,0.875,1.0,0.23145502494313785,0.5,1.0,0.875,1.0,8.0,445.75,314.5,449.4268572304063,136.0,1537.0,258.75,387.75,8.0,367.25,277.0,489.81796910397526,0.0,1523.0,96.0,364.75,8.0,13.5,11.5,9.335033858688309,3.0,34.0,8.75,15.25,8.0,2440.625,1740.5,2284.1017576469126,808.0,7958.0,1455.0,2187.5,8.0,451.0,313.0,454.47520755891,141.0,1555.0,264.75,391.75,8.0,1960.0,1480.0,2518.8180901820942,0.0,7849.0,537.0,2039.75,8.0,78.0,67.5,59.03509851895614,14.0,213.0,52.25,81.25,8.0,367.25,271.0,494.5522505978803,0.0,1536.0,95.25,365.75,8.0,13.625,12.0,9.272655652893773,3.0,34.0,8.75,15.25,8.0,0.7182225129882562,0.9470375106564365,0.4438984837646065,0.0,0.9908913467794405,0.6875,0.9665562478062478,8.0,0.04146435337786111,0.04251835121400339,0.026625045643594195,0.009759271307742356,0.08585858585858586,0.0205518018018018,0.05458759590792839,8.0,33.16784255368814,16.503968253968253,41.612324506486615,0.0,101.53333333333333,8.007352941176471,41.59375,8.0,0.01898248237461705,0.019459343488521776,0.008233091627709854,0.007272727272727273,0.027994791666666668,0.01353829557713053,0.02630835843373494,8.0,2.5,2.0,0.7559289460184544,2.0,4.0,2.0,3.0,8.0,0.11763513118100413,0.07952093223996548,0.10255282820770899,0.030456852791878153,0.35309446254071664,0.06801055697124131,0.11502782489375088,8.0,0.4353461082722475,0.4506477821695213,0.13703482643592033,0.15029277813923228,0.6323529411764706,0.4223126535626536,0.47502937720329025,8.0,0.7633005497147775,0.8041811313048806,0.15554586178623755,0.4134114583333333,0.8888888888888888,0.7596638257575757,0.856756175494654,8.0,0.8823648688189958,0.9204790677600345,0.10255282820770897,0.6469055374592834,0.9695431472081218,0.8849721751062491,0.9319894430287587,8.0,0.9359575316934904,0.9562314878104352,0.06870973709531472,0.7764015645371578,0.9949109414758269,0.9351015476669927,0.9695007695911129,8.0,0.173336508420725,0.1594220632926449,0.051061370588330726,0.13094559316920862,0.2872842563716974,0.1413075526011131,0.17542313634653528,6.0,0.1759239310552775,0.156482630516637,0.06026101352723634,0.1238714143143071,0.28687362842131864,0.1381870850409756,0.18892919213941706,8.0,0.022712827144105358,0.023065534205885092,0.05711985568414957,-0.08095238095238094,0.09512314528884538,0.004210002568053399,0.05129765644247352,8.0,0.40733226624212787,0.420692248876401,0.07724705480784397,0.24842925358130183,0.5160891089108911,0.39175720358998584,0.4408560742646758,8.0,0.11919429365002498,0.10425197925197925,0.0452793577673765,0.07246376811594203,0.19843851659076123,0.08543797953964194,0.14921244296244296,6.0,0.4270545646379929,0.4449975827420851,0.16362820887475213,0.15036112934996718,0.65625,0.40044812854091205,0.47134148257549574,8.0,109.5,123.0,79.6815088784271,0.0,229.0,63.0,151.75,8.0,0.901968078898226,0.9330357142857143,0.1023154825097715,0.7777777777777778,1.0,0.7900326797385621,1.0,8.0,0.8679831816928592,0.8782051282051282,0.1298005788537693,0.7,1.0,0.760752688172043,1.0,8.0,0.9302169241225413,0.951529557668458,0.08216045128158629,0.7887323943661972,1.0,0.8942760942760943,1.0,8.0,-76.125,-8.5,125.245401968638,-336.0,1.0,-83.0,-6.25,8.0,0.0,0.0,0.0,0.0,0.0,0.0,0.0,8.0,0.7370792840391408,0.9763816826335641,0.45506712926932685,0.0,1.0078740157480315,0.7294061302681992,0.9800821749093955,8.0,1.0,1.0,0.0,1.0,1.0,1.0,1.0
