PROJECT_DIR: /scratch/i/indrisch//LLaMA-Factory-LFS
SYSCONFIG_DIR_PATH: /scratch/i/indrisch//LLaMA-Factory-LFS/scripts
UTILS_DIR_PATH: /scratch/i/indrisch//LLaMA-Factory-LFS/scripts/utils
PYTHONPATH: /cvmfs/soft.computecanada.ca/easybuild/python/site-packages:/cvmfs/soft.computecanada.ca/easybuild/software/2023/x86-64-v4/Compiler/gcccore/clang/18.1.8/lib/python:/cvmfs/soft.computecanada.ca/custom/python/site-packages:/scratch/i/indrisch//LLaMA-Factory-LFS/scripts:/scratch/i/indrisch//LLaMA-Factory-LFS/scripts/utils
WANDB_DIR: /scratch/i/indrisch//LLaMA-Factory-LFS/wandb/
CLUSTER: TAMIA
RUNNING_MODE: VENV
TORCH_CUDA_ARCH_LIST: 8.0
HF_HOME: /project/aip-wangcs/indrisch/huggingface/hub
HF_HUB_CACHE: /project/aip-wangcs/indrisch/huggingface/hub
HF_HUB_DISABLE_XET: 1
TRITON_CACHE_DIR: /project/aip-wangcs/indrisch/.triton_cache
VLLM_HOME: /project/aip-wangcs/indrisch/vllm_experiments/
VLLM_CONFIG_DIR: /project/aip-wangcs/indrisch/.config/vllm
VLLM_CONFIG_ROOT: /project/aip-wangcs/indrisch/.config/vllm
VLLM_CACHE_ROOT: /project/aip-wangcs/indrisch/.cache/vllm
BEST_GPU: h100
FLASHINFER_WORKSPACE_BASE: /project/aip-wangcs/indrisch/
LLAMAFACTORY_HOME: None
SIF_FILE: None
MEDIA_DIR: None
VENV_DATASET_UPLOAD: /scratch/i/indrisch/venv_llamafactory_py313/
VENV_LLAMAFACTORY: /scratch/i/indrisch/venv_llamafactory_py313/
RUNNING_MODE: VENV
Looking in links: /cvmfs/soft.computecanada.ca/custom/python/wheelhouse/gentoo2023/x86-64-v4, /cvmfs/soft.computecanada.ca/custom/python/wheelhouse/gentoo2023/x86-64-v3, /cvmfs/soft.computecanada.ca/custom/python/wheelhouse/gentoo2023/generic, /cvmfs/soft.computecanada.ca/custom/python/wheelhouse/generic
Requirement already satisfied: pip in /scratch/i/indrisch/venv_llamafactory_py313/lib/python3.13/site-packages (26.2.1)
Requirement already satisfied: setuptools in /scratch/i/indrisch/venv_llamafactory_py313/lib/python3.13/site-packages (84.0.0+computecanada)
Requirement already satisfied: wheel in /scratch/i/indrisch/venv_llamafactory_py313/lib/python3.13/site-packages (0.48.0)
Requirement already satisfied: packaging>=24.0 in /scratch/i/indrisch/venv_llamafactory_py313/lib/python3.13/site-packages (from wheel) (26.3)
Looking in links: /cvmfs/soft.computecanada.ca/custom/python/wheelhouse/gentoo2023/x86-64-v4, /cvmfs/soft.computecanada.ca/custom/python/wheelhouse/gentoo2023/x86-64-v3, /cvmfs/soft.computecanada.ca/custom/python/wheelhouse/gentoo2023/generic, /cvmfs/soft.computecanada.ca/custom/python/wheelhouse/generic
Requirement already satisfied: packaging in /scratch/i/indrisch/venv_llamafactory_py313/lib/python3.13/site-packages (26.3)
Looking in links: /cvmfs/soft.computecanada.ca/custom/python/wheelhouse/gentoo2023/x86-64-v4, /cvmfs/soft.computecanada.ca/custom/python/wheelhouse/gentoo2023/x86-64-v3, /cvmfs/soft.computecanada.ca/custom/python/wheelhouse/gentoo2023/generic, /cvmfs/soft.computecanada.ca/custom/python/wheelhouse/generic
Requirement already satisfied: huggingface_hub in /scratch/i/indrisch/venv_llamafactory_py313/lib/python3.13/site-packages (1.28.0)
Requirement already satisfied: ruamel.yaml in /scratch/i/indrisch/venv_llamafactory_py313/lib/python3.13/site-packages (0.19.1+computecanada)
Requirement already satisfied: click<9.0.0,>=8.4.2 in /scratch/i/indrisch/venv_llamafactory_py313/lib/python3.13/site-packages (from huggingface_hub) (8.4.2+computecanada)
Requirement already satisfied: filelock>=3.10.0 in /scratch/i/indrisch/venv_llamafactory_py313/lib/python3.13/site-packages (from huggingface_hub) (3.32.4)
Requirement already satisfied: fsspec>=2023.5.0 in /scratch/i/indrisch/venv_llamafactory_py313/lib/python3.13/site-packages (from huggingface_hub) (2025.3.0+computecanada)
Requirement already satisfied: hf-xet<2.0.0,>=1.5.2 in /scratch/i/indrisch/venv_llamafactory_py313/lib/python3.13/site-packages (from huggingface_hub) (1.5.2+computecanada)
Requirement already satisfied: httpx<1,>=0.23.0 in /scratch/i/indrisch/venv_llamafactory_py313/lib/python3.13/site-packages (from huggingface_hub) (0.28.1+computecanada)
Requirement already satisfied: packaging>=20.9 in /scratch/i/indrisch/venv_llamafactory_py313/lib/python3.13/site-packages (from huggingface_hub) (26.3)
Requirement already satisfied: pyyaml>=5.1 in /scratch/i/indrisch/venv_llamafactory_py313/lib/python3.13/site-packages (from huggingface_hub) (6.0.3+computecanada)
Requirement already satisfied: tqdm>=4.42.1 in /scratch/i/indrisch/venv_llamafactory_py313/lib/python3.13/site-packages (from huggingface_hub) (4.70.0+computecanada)
Requirement already satisfied: typing-extensions>=4.1.0 in /scratch/i/indrisch/venv_llamafactory_py313/lib/python3.13/site-packages (from huggingface_hub) (4.16.0+computecanada)
Requirement already satisfied: anyio in /scratch/i/indrisch/venv_llamafactory_py313/lib/python3.13/site-packages (from httpx<1,>=0.23.0->huggingface_hub) (4.14.2+computecanada)
Requirement already satisfied: certifi in /scratch/i/indrisch/venv_llamafactory_py313/lib/python3.13/site-packages (from httpx<1,>=0.23.0->huggingface_hub) (2026.7.22)
Requirement already satisfied: httpcore==1.* in /scratch/i/indrisch/venv_llamafactory_py313/lib/python3.13/site-packages (from httpx<1,>=0.23.0->huggingface_hub) (1.0.9+computecanada)
Requirement already satisfied: idna in /scratch/i/indrisch/venv_llamafactory_py313/lib/python3.13/site-packages (from httpx<1,>=0.23.0->huggingface_hub) (3.19)
Requirement already satisfied: h11>=0.16 in /scratch/i/indrisch/venv_llamafactory_py313/lib/python3.13/site-packages (from httpcore==1.*->httpx<1,>=0.23.0->huggingface_hub) (0.16.0+computecanada)
YAML_FILE: /scratch/i/indrisch//LLaMA-Factory-LFS/examples/train_lora/tamia_qwen2_5vl_lora_sft_CoT_traineval_resume_epoch1.yaml
OUTPUT_DIR_SAVES: saves/qwen2_5vl-7b/lora/sft/CoT_traineval_resume_ep1/
OUTPUT_DIR: /scratch/i/indrisch//LLaMA-Factory-LFS/saves/qwen2_5vl-7b/lora/sft/CoT_traineval_resume_ep1/
CACHE_DIR: /project/aip-wangcs/indrisch/huggingface/hub
RESUME_CKPT: null
GPU TYPE: HBM3
SLURM_JOB_NODELIST: tg10705
HEAD_NODE: tg10705
HEAD_NODE: tg10705
MASTER_ADDR: tg10705
MASTER_PORT: 29500
PROJECT_DIR: /scratch/i/indrisch//LLaMA-Factory-LFS
SYSCONFIG_DIR_PATH: /scratch/i/indrisch//LLaMA-Factory-LFS/scripts
UTILS_DIR_PATH: /scratch/i/indrisch//LLaMA-Factory-LFS/scripts/utils
PYTHONPATH: /cvmfs/soft.computecanada.ca/easybuild/python/site-packages:/cvmfs/soft.computecanada.ca/easybuild/software/2023/x86-64-v4/Compiler/gcccore/clang/18.1.8/lib/python:/cvmfs/soft.computecanada.ca/custom/python/site-packages:/scratch/i/indrisch/LLaMA-Factory-LFS/scripts:/scratch/i/indrisch/LLaMA-Factory-LFS/scripts/utils:/scratch/i/indrisch//LLaMA-Factory-LFS/scripts:/scratch/i/indrisch//LLaMA-Factory-LFS/scripts/utils
WANDB_DIR: /scratch/i/indrisch//LLaMA-Factory-LFS/wandb/
CLUSTER: TAMIA
RUNNING_MODE: VENV
TORCH_CUDA_ARCH_LIST: 9.0
HF_HOME: /project/aip-wangcs/indrisch/huggingface/hub
HF_HUB_CACHE: /project/aip-wangcs/indrisch/huggingface/hub
HF_HUB_DISABLE_XET: 1
TRITON_CACHE_DIR: /project/aip-wangcs/indrisch/.triton_cache
VLLM_HOME: /project/aip-wangcs/indrisch/vllm_experiments/
VLLM_CONFIG_DIR: /project/aip-wangcs/indrisch/.config/vllm
VLLM_CONFIG_ROOT: /project/aip-wangcs/indrisch/.config/vllm
VLLM_CACHE_ROOT: /project/aip-wangcs/indrisch/.cache/vllm
BEST_GPU: h100
FLASHINFER_WORKSPACE_BASE: /project/aip-wangcs/indrisch/
LLAMAFACTORY_HOME: None
SIF_FILE: None
MEDIA_DIR: None
VENV_DATASET_UPLOAD: /scratch/i/indrisch/venv_llamafactory_py313/
VENV_LLAMAFACTORY: /scratch/i/indrisch/venv_llamafactory_py313/
SCANNET_H5_DIR: /scratch/i/indrisch/ScanNet_h5/scans
SPATIALSSRL_H5_DIR: /scratch/i/indrisch/Spatial-SSRL_images_h5
THINKER10K_H5_DIR: /scratch/i/indrisch/3DThinker10K_images_h5/
CLUSTER: TAMIA
YAML_FILE: /scratch/i/indrisch//LLaMA-Factory-LFS/examples/train_lora/tamia_qwen2_5vl_lora_sft_CoT_traineval_resume_epoch1.yaml
OUTPUT_DIR: /scratch/i/indrisch//LLaMA-Factory-LFS/saves/qwen2_5vl-7b/lora/sft/CoT_traineval_resume_ep1/
RESUME_CKPT: null
No resume checkpoint (fresh start from epoch 0).
[stage tg10705.tamia.ecpia.ca node=0 2026-08-25T17:19:18-04:00] === Node-local CoT dataset staging ===
[stage tg10705.tamia.ecpia.ca node=0 2026-08-25T17:19:18-04:00] HOST=tg10705.tamia.ecpia.ca SLURM_NODEID=0 SLURM_NNODES=1
[stage tg10705.tamia.ecpia.ca node=0 2026-08-25T17:19:18-04:00] NODE_LOCAL_DATA_ROOT=/tmp/cot_stage
[stage tg10705.tamia.ecpia.ca node=0 2026-08-25T17:19:18-04:00] STAGE_COPY_JOBS=24 STAGE_STAGGER_SEC=0
[stage tg10705.tamia.ecpia.ca node=0 2026-08-25T17:19:18-04:00] Sources:
[stage tg10705.tamia.ecpia.ca node=0 2026-08-25T17:19:18-04:00]   SCENE30K_ANN_SRC=/project/aip-wangcs/indrisch/huggingface/hub/datasets--cvis-tmu--Scene30K/snapshots/13b41da710700aed32c928c81b8f5e433134eb75/data/train-00000-of-00001.parquet
[stage tg10705.tamia.ecpia.ca node=0 2026-08-25T17:19:18-04:00]   SPATIALSSRL_ANN_SRC=/project/aip-wangcs/indrisch/huggingface/hub/datasets--internlm--Spatial-SSRL-81k/snapshots/54b82086060a5612f95588b4979446da2282bcd9/SFT-coldstart.json
[stage tg10705.tamia.ecpia.ca node=0 2026-08-25T17:19:18-04:00]   THINKER10K_ANN_SRC=/scratch/i/indrisch//LLaMA-Factory-LFS/data/3DThinker-10K/out/3dthinker10k_cot.jsonl
[stage tg10705.tamia.ecpia.ca node=0 2026-08-25T17:19:18-04:00]   SCANNET_H5_DIR(src)=/scratch/i/indrisch/ScanNet_h5/scans
[stage tg10705.tamia.ecpia.ca node=0 2026-08-25T17:19:18-04:00]   SPATIALSSRL_H5_DIR(src)=/scratch/i/indrisch/Spatial-SSRL_images_h5
[stage tg10705.tamia.ecpia.ca node=0 2026-08-25T17:19:18-04:00]   THINKER10K_H5_DIR(src)=/scratch/i/indrisch/3DThinker10K_images_h5/
[stage tg10705.tamia.ecpia.ca node=0 2026-08-25T17:19:18-04:00] Free space on /tmp/cot_stage: 7235681542144 bytes (need ~128849018880)
[stage tg10705.tamia.ecpia.ca node=0 2026-08-25T17:19:18-04:00] Copying annotations...
[stage tg10705.tamia.ecpia.ca node=0 2026-08-25T17:19:18-04:00] Annotations done in -1787692758s
[stage tg10705.tamia.ecpia.ca node=0 2026-08-25T17:19:18-04:00] Copying ScanNet H5 tree...
[stage tg10705.tamia.ecpia.ca node=0 2026-08-25T17:19:18-04:00] Copying 700 entries from /scratch/i/indrisch/ScanNet_h5/scans -> /tmp/cot_stage/media/ScanNet_h5/scans (jobs=24)
[stage tg10705.tamia.ecpia.ca node=0 2026-08-25T17:19:23-04:00] ScanNet done in -1787692758s
[stage tg10705.tamia.ecpia.ca node=0 2026-08-25T17:19:23-04:00] Copying Spatial-SSRL H5 tree...
[stage tg10705.tamia.ecpia.ca node=0 2026-08-25T17:19:23-04:00] Copying 13 entries from /scratch/i/indrisch/Spatial-SSRL_images_h5 -> /tmp/cot_stage/media/Spatial-SSRL_images_h5 (jobs=24)
[stage tg10705.tamia.ecpia.ca node=0 2026-08-25T17:20:22-04:00] Spatial-SSRL done in -1787692763s
[stage tg10705.tamia.ecpia.ca node=0 2026-08-25T17:20:22-04:00] Copying 3DThinker H5 tree...
[stage tg10705.tamia.ecpia.ca node=0 2026-08-25T17:20:22-04:00] Copying 2 entries from /scratch/i/indrisch/3DThinker10K_images_h5/ -> /tmp/cot_stage/media/3DThinker10K_images_h5 (jobs=24)
[stage tg10705.tamia.ecpia.ca node=0 2026-08-25T17:20:26-04:00] 3DThinker done in -1787692822s
Wrote local dataset_info (3 entries) -> /tmp/cot_stage/dataset_dir/dataset_info.json
  Scene30k: /tmp/cot_stage/annotations/Scene30k.parquet
  SpatialSSRL_coldstart: /tmp/cot_stage/annotations/SpatialSSRL_coldstart.json
  3DThinker10k: /tmp/cot_stage/annotations/3dthinker10k_cot.jsonl
[stage tg10705.tamia.ecpia.ca node=0 2026-08-25T17:20:26-04:00] VERIFY OK under /tmp/cot_stage
[stage tg10705.tamia.ecpia.ca node=0 2026-08-25T17:20:26-04:00] === Staging complete in 68s ===
[stage tg10705.tamia.ecpia.ca node=0 2026-08-25T17:20:26-04:00] LOCAL_DATASET_DIR=/tmp/cot_stage/dataset_dir
[stage tg10705.tamia.ecpia.ca node=0 2026-08-25T17:20:26-04:00] LOCAL_MEDIA_DIR=/tmp/cot_stage/media/ScanNet_h5
[stage tg10705.tamia.ecpia.ca node=0 2026-08-25T17:20:26-04:00] SCANNET_H5_DIR=/tmp/cot_stage/media/ScanNet_h5/scans
[stage tg10705.tamia.ecpia.ca node=0 2026-08-25T17:20:26-04:00] SPATIALSSRL_H5_DIR=/tmp/cot_stage/media/Spatial-SSRL_images_h5
[stage tg10705.tamia.ecpia.ca node=0 2026-08-25T17:20:26-04:00] THINKER10K_H5_DIR=/tmp/cot_stage/media/3DThinker10K_images_h5
Filesystem      Size  Used Avail Use% Mounted on
/dev/nvme1n1    7.0T  105G  6.5T   2% /tmp
Patched YAML -> /tmp/cot_stage/train.yaml
  dataset_dir: /tmp/cot_stage/dataset_dir
  media_dir: /tmp/cot_stage/media/ScanNet_h5
YAML_FILE (node-local): /tmp/cot_stage/train.yaml
LOCAL_DATASET_DIR: /tmp/cot_stage/dataset_dir
LOCAL_MEDIA_DIR: /tmp/cot_stage/media/ScanNet_h5
SCANNET_H5_DIR (local): /tmp/cot_stage/media/ScanNet_h5/scans
SPATIALSSRL_H5_DIR (local): /tmp/cot_stage/media/Spatial-SSRL_images_h5
THINKER10K_H5_DIR (local): /tmp/cot_stage/media/3DThinker10K_images_h5
Copying venv to local storage...
/scratch/i/indrisch/LLaMA-Factory-LFS /scratch/i/indrisch/LLaMA-Factory-LFS/models/qwen2_5vl_lora_sft_CoT
[INFO|2026-08-25 17:21:54] llamafactory.launcher:144 >> Initializing 4 distributed tasks at: tg10705:29500
W0825 17:21:55.743000 596142 torch/distributed/run.py:766] 
W0825 17:21:55.743000 596142 torch/distributed/run.py:766] *****************************************
W0825 17:21:55.743000 596142 torch/distributed/run.py:766] Setting OMP_NUM_THREADS environment variable for each process to be 1 in default, to avoid your system being overloaded, please further tune the variable for optimal performance in your application as needed. 
W0825 17:21:55.743000 596142 torch/distributed/run.py:766] *****************************************
[DEBUG template.py] Module template.py loaded completely. Total templates registered: 125
[DEBUG template.py] Module template.py loaded completely. Total templates registered: 125
[DEBUG template.py] Module template.py loaded completely. Total templates registered: 125
[DEBUG template.py] Module template.py loaded completely. Total templates registered: 125
[WARNING|2026-08-25 17:22:06] llamafactory.extras.misc:155 >> Version checking has been disabled, may lead to unexpected behaviors.
[INFO] Running in WANDB offline mode
[INFO] Running in WANDB offline mode
[INFO] Running in WANDB offline mode
[INFO] Running in WANDB offline mode
[transformers] warmup_ratio is deprecated and will be removed in v5.2. Use `warmup_steps` instead.
[transformers] warmup_ratio is deprecated and will be removed in v5.2. Use `warmup_steps` instead.
[transformers] warmup_ratio is deprecated and will be removed in v5.2. Use `warmup_steps` instead.
[transformers] warmup_ratio is deprecated and will be removed in v5.2. Use `warmup_steps` instead.
df: /tmp/.triton_cachedf: df: /tmp/.triton_cache/tmp/.triton_cache: No such file or directory
: No such file or directory: No such file or directory

df: /tmp/.triton_cache: No such file or directory
tg10705:596144:596144 [0] NCCL INFO Bootstrap: Using ibp77s0:10.225.0.52<0>
tg10705:596144:596144 [0] NCCL INFO cudaDriverVersion 13000
tg10705:596144:596144 [0] NCCL INFO NCCL version 2.26.2+cuda12.6
tg10705:596144:596144 [0] NCCL INFO Comm config Blocking set to 1
tg10705:596145:596145 [1] NCCL INFO cudaDriverVersion 13000
tg10705:596145:596145 [1] NCCL INFO Bootstrap: Using ibp77s0:10.225.0.52<0>
tg10705:596145:596145 [1] NCCL INFO NCCL version 2.26.2+cuda12.6
tg10705:596147:596147 [3] NCCL INFO cudaDriverVersion 13000
tg10705:596147:596147 [3] NCCL INFO Bootstrap: Using ibp77s0:10.225.0.52<0>
tg10705:596147:596147 [3] NCCL INFO NCCL version 2.26.2+cuda12.6
tg10705:596145:596145 [1] NCCL INFO Comm config Blocking set to 1
tg10705:596147:596147 [3] NCCL INFO Comm config Blocking set to 1
tg10705:596146:596146 [2] NCCL INFO cudaDriverVersion 13000
tg10705:596146:596146 [2] NCCL INFO Bootstrap: Using ibp77s0:10.225.0.52<0>
tg10705:596146:596146 [2] NCCL INFO NCCL version 2.26.2+cuda12.6
tg10705:596146:596146 [2] NCCL INFO Comm config Blocking set to 1
tg10705:596145:596577 [1] NCCL INFO NET/Plugin: Could not find: libnccl-net.so. Using internal net plugin.
tg10705:596147:596578 [3] NCCL INFO NET/Plugin: Could not find: libnccl-net.so. Using internal net plugin.
tg10705:596146:596579 [2] NCCL INFO NET/Plugin: Could not find: libnccl-net.so. Using internal net plugin.
tg10705:596144:596576 [0] NCCL INFO NET/Plugin: Could not find: libnccl-net.so. Using internal net plugin.
tg10705:596147:596578 [3] NCCL INFO NET/IB : Using [0]mlx5_2:1/IB [1]mlx5_0:1/IB [2]mlx5_3:1/IB [3]mlx5_1:1/IB [RO]; OOB ibp77s0:10.225.0.52<0>
tg10705:596144:596576 [0] NCCL INFO NET/IB : Using [0]mlx5_2:1/IB [1]mlx5_0:1/IB [2]mlx5_3:1/IB [3]mlx5_1:1/IB [RO]; OOB ibp77s0:10.225.0.52<0>
tg10705:596146:596579 [2] NCCL INFO NET/IB : Using [0]mlx5_2:1/IB [1]mlx5_0:1/IB [2]mlx5_3:1/IB [3]mlx5_1:1/IB [RO]; OOB ibp77s0:10.225.0.52<0>
tg10705:596145:596577 [1] NCCL INFO NET/IB : Using [0]mlx5_2:1/IB [1]mlx5_0:1/IB [2]mlx5_3:1/IB [3]mlx5_1:1/IB [RO]; OOB ibp77s0:10.225.0.52<0>
tg10705:596144:596576 [0] NCCL INFO PROFILER/Plugin: Could not find: libnccl-profiler.so. 
tg10705:596144:596576 [0] NCCL INFO Using network IB
tg10705:596146:596579 [2] NCCL INFO PROFILER/Plugin: Could not find: libnccl-profiler.so. 
tg10705:596146:596579 [2] NCCL INFO Using network IB
tg10705:596147:596578 [3] NCCL INFO PROFILER/Plugin: Could not find: libnccl-profiler.so. 
tg10705:596147:596578 [3] NCCL INFO Using network IB
tg10705:596145:596577 [1] NCCL INFO PROFILER/Plugin: Could not find: libnccl-profiler.so. 
tg10705:596145:596577 [1] NCCL INFO Using network IB
tg10705:596147:596578 [3] NCCL INFO ncclCommInitRankConfig comm 0x12516dc0 rank 3 nranks 4 cudaDev 3 nvmlDev 3 busId db000 commId 0xd375be082131cf6c - Init START
tg10705:596145:596577 [1] NCCL INFO ncclCommInitRankConfig comm 0x479d6560 rank 1 nranks 4 cudaDev 1 nvmlDev 1 busId 5f000 commId 0xd375be082131cf6c - Init START
tg10705:596144:596576 [0] NCCL INFO ncclCommInitRankConfig comm 0x45189e70 rank 0 nranks 4 cudaDev 0 nvmlDev 0 busId 4e000 commId 0xd375be082131cf6c - Init START
tg10705:596146:596579 [2] NCCL INFO ncclCommInitRankConfig comm 0x4e2fbd60 rank 2 nranks 4 cudaDev 2 nvmlDev 2 busId cb000 commId 0xd375be082131cf6c - Init START
tg10705:596144:596576 [0] NCCL INFO RAS client listening socket at 127.0.0.1<28028>
tg10705:596145:596577 [1] NCCL INFO RAS client listening socket at 127.0.0.1<28028>
tg10705:596147:596578 [3] NCCL INFO RAS client listening socket at 127.0.0.1<28028>
tg10705:596146:596579 [2] NCCL INFO RAS client listening socket at 127.0.0.1<28028>
tg10705:596147:596578 [3] NCCL INFO Bootstrap timings total 0.002109 (create 0.000066, send 0.000222, recv 0.000409, ring 0.000306, delay 0.000001)
tg10705:596146:596579 [2] NCCL INFO Bootstrap timings total 0.001658 (create 0.000068, send 0.000216, recv 0.000435, ring 0.000109, delay 0.000001)
tg10705:596145:596577 [1] NCCL INFO Bootstrap timings total 0.001950 (create 0.000065, send 0.000207, recv 0.000588, ring 0.000402, delay 0.000001)
tg10705:596144:596576 [0] NCCL INFO Bootstrap timings total 0.001843 (create 0.000067, send 0.000244, recv 0.000292, ring 0.000592, delay 0.000001)
tg10705:596145:596577 [1] NCCL INFO Setting affinity for GPU 1 to 5555,55555555
tg10705:596144:596576 [0] NCCL INFO Setting affinity for GPU 0 to 5555,55555555
tg10705:596145:596577 [1] NCCL INFO NVLS multicast support is not available on dev 1
tg10705:596144:596576 [0] NCCL INFO NVLS multicast support is not available on dev 0
tg10705:596147:596578 [3] NCCL INFO Setting affinity for GPU 3 to aaaa,aaaaaaaa
tg10705:596147:596578 [3] NCCL INFO NVLS multicast support is not available on dev 3
tg10705:596146:596579 [2] NCCL INFO Setting affinity for GPU 2 to aaaa,aaaaaaaa
tg10705:596146:596579 [2] NCCL INFO NVLS multicast support is not available on dev 2
tg10705:596147:596578 [3] NCCL INFO comm 0x12516dc0 rank 3 nRanks 4 nNodes 1 localRanks 4 localRank 3 MNNVL 0
tg10705:596146:596579 [2] NCCL INFO comm 0x4e2fbd60 rank 2 nRanks 4 nNodes 1 localRanks 4 localRank 2 MNNVL 0
tg10705:596144:596576 [0] NCCL INFO comm 0x45189e70 rank 0 nRanks 4 nNodes 1 localRanks 4 localRank 0 MNNVL 0
tg10705:596145:596577 [1] NCCL INFO comm 0x479d6560 rank 1 nRanks 4 nNodes 1 localRanks 4 localRank 1 MNNVL 0
tg10705:596144:596576 [0] NCCL INFO Channel 00/24 : 0 1 2 3
tg10705:596144:596576 [0] NCCL INFO Channel 01/24 : 0 1 3 2
tg10705:596147:596578 [3] NCCL INFO Trees [0] -1/-1/-1->3->2 [1] -1/-1/-1->3->2 [2] -1/-1/-1->3->2 [3] -1/-1/-1->3->2 [4] -1/-1/-1->3->1 [5] -1/-1/-1->3->1 [6] -1/-1/-1->3->1 [7] -1/-1/-1->3->1 [8] 2/-1/-1->3->0 [9] 2/-1/-1->3->0 [10] 2/-1/-1->3->0 [11] 2/-1/-1->3->0 [12] -1/-1/-1->3->2 [13] -1/-1/-1->3->2 [14] -1/-1/-1->3->2 [15] -1/-1/-1->3->2 [16] -1/-1/-1->3->1 [17] -1/-1/-1->3->1 [18] -1/-1/-1->3->1 [19] -1/-1/-1->3->1 [20] 2/-1/-1->3->0 [21] 2/-1/-1->3->0 [22] 2/-1/-1->3->0 [23] 2/-1/-1->3->0
tg10705:596144:596576 [0] NCCL INFO Channel 02/24 : 0 2 3 1
tg10705:596147:596578 [3] NCCL INFO P2P Chunksize set to 524288
tg10705:596144:596576 [0] NCCL INFO Channel 03/24 : 0 2 1 3
tg10705:596146:596579 [2] NCCL INFO Trees [0] 3/-1/-1->2->1 [1] 3/-1/-1->2->1 [2] 3/-1/-1->2->1 [3] 3/-1/-1->2->1 [4] 1/-1/-1->2->0 [5] 1/-1/-1->2->0 [6] 1/-1/-1->2->0 [7] 1/-1/-1->2->0 [8] -1/-1/-1->2->3 [9] -1/-1/-1->2->3 [10] -1/-1/-1->2->3 [11] -1/-1/-1->2->3 [12] 3/-1/-1->2->1 [13] 3/-1/-1->2->1 [14] 3/-1/-1->2->1 [15] 3/-1/-1->2->1 [16] 1/-1/-1->2->0 [17] 1/-1/-1->2->0 [18] 1/-1/-1->2->0 [19] 1/-1/-1->2->0 [20] -1/-1/-1->2->3 [21] -1/-1/-1->2->3 [22] -1/-1/-1->2->3 [23] -1/-1/-1->2->3
tg10705:596144:596576 [0] NCCL INFO Channel 04/24 : 0 3 1 2
tg10705:596146:596579 [2] NCCL INFO P2P Chunksize set to 524288
tg10705:596144:596576 [0] NCCL INFO Channel 05/24 : 0 3 2 1
tg10705:596144:596576 [0] NCCL INFO Channel 06/24 : 0 1 2 3
tg10705:596144:596576 [0] NCCL INFO Channel 07/24 : 0 1 3 2
tg10705:596145:596577 [1] NCCL INFO Trees [0] 2/-1/-1->1->0 [1] 2/-1/-1->1->0 [2] 2/-1/-1->1->0 [3] 2/-1/-1->1->0 [4] 3/-1/-1->1->2 [5] 3/-1/-1->1->2 [6] 3/-1/-1->1->2 [7] 3/-1/-1->1->2 [8] 0/-1/-1->1->-1 [9] 0/-1/-1->1->-1 [10] 0/-1/-1->1->-1 [11] 0/-1/-1->1->-1 [12] 2/-1/-1->1->0 [13] 2/-1/-1->1->0 [14] 2/-1/-1->1->0 [15] 2/-1/-1->1->0 [16] 3/-1/-1->1->2 [17] 3/-1/-1->1->2 [18] 3/-1/-1->1->2 [19] 3/-1/-1->1->2 [20] 0/-1/-1->1->-1 [21] 0/-1/-1->1->-1 [22] 0/-1/-1->1->-1 [23] 0/-1/-1->1->-1
tg10705:596144:596576 [0] NCCL INFO Channel 08/24 : 0 2 3 1
tg10705:596144:596576 [0] NCCL INFO Channel 09/24 : 0 2 1 3
tg10705:596145:596577 [1] NCCL INFO P2P Chunksize set to 524288
tg10705:596144:596576 [0] NCCL INFO Channel 10/24 : 0 3 1 2
tg10705:596144:596576 [0] NCCL INFO Channel 11/24 : 0 3 2 1
tg10705:596144:596576 [0] NCCL INFO Channel 12/24 : 0 1 2 3
tg10705:596144:596576 [0] NCCL INFO Channel 13/24 : 0 1 3 2
tg10705:596144:596576 [0] NCCL INFO Channel 14/24 : 0 2 3 1
tg10705:596144:596576 [0] NCCL INFO Channel 15/24 : 0 2 1 3
tg10705:596144:596576 [0] NCCL INFO Channel 16/24 : 0 3 1 2
tg10705:596144:596576 [0] NCCL INFO Channel 17/24 : 0 3 2 1
tg10705:596144:596576 [0] NCCL INFO Channel 18/24 : 0 1 2 3
tg10705:596144:596576 [0] NCCL INFO Channel 19/24 : 0 1 3 2
tg10705:596144:596576 [0] NCCL INFO Channel 20/24 : 0 2 3 1
tg10705:596144:596576 [0] NCCL INFO Channel 21/24 : 0 2 1 3
tg10705:596144:596576 [0] NCCL INFO Channel 22/24 : 0 3 1 2
tg10705:596144:596576 [0] NCCL INFO Channel 23/24 : 0 3 2 1
tg10705:596144:596576 [0] NCCL INFO Trees [0] 1/-1/-1->0->-1 [1] 1/-1/-1->0->-1 [2] 1/-1/-1->0->-1 [3] 1/-1/-1->0->-1 [4] 2/-1/-1->0->-1 [5] 2/-1/-1->0->-1 [6] 2/-1/-1->0->-1 [7] 2/-1/-1->0->-1 [8] 3/-1/-1->0->1 [9] 3/-1/-1->0->1 [10] 3/-1/-1->0->1 [11] 3/-1/-1->0->1 [12] 1/-1/-1->0->-1 [13] 1/-1/-1->0->-1 [14] 1/-1/-1->0->-1 [15] 1/-1/-1->0->-1 [16] 2/-1/-1->0->-1 [17] 2/-1/-1->0->-1 [18] 2/-1/-1->0->-1 [19] 2/-1/-1->0->-1 [20] 3/-1/-1->0->1 [21] 3/-1/-1->0->1 [22] 3/-1/-1->0->1 [23] 3/-1/-1->0->1
tg10705:596144:596576 [0] NCCL INFO P2P Chunksize set to 524288
tg10705:596144:596576 [0] NCCL INFO Check P2P Type intraNodeP2pSupport 1 directMode 0
tg10705:596147:596600 [3] NCCL INFO [Proxy Service] Device 3 CPU core 47
tg10705:596144:596601 [0] NCCL INFO [Proxy Service] Device 0 CPU core 10
tg10705:596147:596602 [3] NCCL INFO [Proxy Service UDS] Device 3 CPU core 1
tg10705:596145:596605 [1] NCCL INFO [Proxy Service UDS] Device 1 CPU core 16
tg10705:596144:596604 [0] NCCL INFO [Proxy Service UDS] Device 0 CPU core 14
tg10705:596145:596603 [1] NCCL INFO [Proxy Service] Device 1 CPU core 14
tg10705:596146:596606 [2] NCCL INFO [Proxy Service] Device 2 CPU core 15
tg10705:596146:596607 [2] NCCL INFO [Proxy Service UDS] Device 2 CPU core 17
tg10705:596144:596576 [0] NCCL INFO threadThresholds 8/8/64 | 32/8/64 | 512 | 512
tg10705:596144:596576 [0] NCCL INFO 24 coll channels, 24 collnet channels, 0 nvls channels, 32 p2p channels, 16 p2p channels per peer
tg10705:596145:596577 [1] NCCL INFO threadThresholds 8/8/64 | 32/8/64 | 512 | 512
tg10705:596145:596577 [1] NCCL INFO 24 coll channels, 24 collnet channels, 0 nvls channels, 32 p2p channels, 16 p2p channels per peer
tg10705:596144:596576 [0] NCCL INFO CC Off, workFifoBytes 1048576
tg10705:596147:596578 [3] NCCL INFO threadThresholds 8/8/64 | 32/8/64 | 512 | 512
tg10705:596147:596578 [3] NCCL INFO 24 coll channels, 24 collnet channels, 0 nvls channels, 32 p2p channels, 16 p2p channels per peer
tg10705:596146:596579 [2] NCCL INFO threadThresholds 8/8/64 | 32/8/64 | 512 | 512
tg10705:596146:596579 [2] NCCL INFO 24 coll channels, 24 collnet channels, 0 nvls channels, 32 p2p channels, 16 p2p channels per peer
tg10705:596145:596577 [1] NCCL INFO TUNER/Plugin: Could not find: libnccl-tuner.so. Using internal tuner plugin.
tg10705:596144:596576 [0] NCCL INFO TUNER/Plugin: Could not find: libnccl-tuner.so. Using internal tuner plugin.
tg10705:596147:596578 [3] NCCL INFO TUNER/Plugin: Could not find: libnccl-tuner.so. Using internal tuner plugin.
tg10705:596145:596577 [1] NCCL INFO ncclCommInitRankConfig comm 0x479d6560 rank 1 nranks 4 cudaDev 1 nvmlDev 1 busId 5f000 commId 0xd375be082131cf6c - Init COMPLETE
tg10705:596144:596576 [0] NCCL INFO ncclCommInitRankConfig comm 0x45189e70 rank 0 nranks 4 cudaDev 0 nvmlDev 0 busId 4e000 commId 0xd375be082131cf6c - Init COMPLETE
tg10705:596147:596578 [3] NCCL INFO ncclCommInitRankConfig comm 0x12516dc0 rank 3 nranks 4 cudaDev 3 nvmlDev 3 busId db000 commId 0xd375be082131cf6c - Init COMPLETE
tg10705:596144:596576 [0] NCCL INFO Init timings - ncclCommInitRankConfig: rank 0 nranks 4 total 2.15 (kernels 0.25, alloc 1.76, bootstrap 0.00, allgathers 0.00, topo 0.05, graphs 0.03, connections 0.05, rest 0.02)
tg10705:596145:596577 [1] NCCL INFO Init timings - ncclCommInitRankConfig: rank 1 nranks 4 total 2.14 (kernels 0.24, alloc 1.76, bootstrap 0.00, allgathers 0.00, topo 0.05, graphs 0.03, connections 0.05, rest 0.02)
tg10705:596147:596578 [3] NCCL INFO Init timings - ncclCommInitRankConfig: rank 3 nranks 4 total 2.14 (kernels 0.24, alloc 1.76, bootstrap 0.00, allgathers 0.00, topo 0.05, graphs 0.02, connections 0.05, rest 0.02)
tg10705:596146:596579 [2] NCCL INFO TUNER/Plugin: Could not find: libnccl-tuner.so. Using internal tuner plugin.
tg10705:596146:596579 [2] NCCL INFO ncclCommInitRankConfig comm 0x4e2fbd60 rank 2 nranks 4 cudaDev 2 nvmlDev 2 busId cb000 commId 0xd375be082131cf6c - Init COMPLETE
tg10705:596146:596579 [2] NCCL INFO Init timings - ncclCommInitRankConfig: rank 2 nranks 4 total 2.14 (kernels 0.23, alloc 1.76, bootstrap 0.00, allgathers 0.00, topo 0.05, graphs 0.02, connections 0.05, rest 0.02)
[INFO|2026-08-25 17:22:14] llamafactory.hparams.parser:887 >> Process rank: 3, world size: 4, device: cuda:3, distributed training: True, compute dtype: torch.bfloat16
[INFO|2026-08-25 17:22:14] llamafactory.hparams.parser:887 >> Process rank: 1, world size: 4, device: cuda:1, distributed training: True, compute dtype: torch.bfloat16
[INFO|2026-08-25 17:22:14] llamafactory.hparams.parser:887 >> Process rank: 2, world size: 4, device: cuda:2, distributed training: True, compute dtype: torch.bfloat16
[INFO|2026-08-25 17:22:14] llamafactory.hparams.parser:144 >> Set `ddp_find_unused_parameters` to False in DDP training since LoRA is enabled.
[INFO|2026-08-25 17:22:14] llamafactory.hparams.parser:887 >> Process rank: 0, world size: 4, device: cuda:0, distributed training: True, compute dtype: torch.bfloat16
[INFO|2026-08-25 17:22:14] llamafactory.train.tuner:144 >> SDPA backend flags: {'flash': True, 'mem_efficient': True, 'math': True, 'cudnn': True}
[INFO|hub.py:364] 2026-08-25 17:22:14,914 >> Offline mode: forcing local_files_only=True
[INFO|configuration_utils.py:780] 2026-08-25 17:22:14,922 >> loading configuration file config.json from cache at /project/aip-wangcs/indrisch/huggingface/hub/models--Qwen--Qwen2.5-VL-7B-Instruct/snapshots/cc594898137f460bfe9f0759e9844b3ce807cfb5/config.json
[INFO|configuration_utils.py:856] 2026-08-25 17:22:14,967 >> Model config Qwen2_5_VLConfig {
  "architectures": [
    "Qwen2_5_VLForConditionalGeneration"
  ],
  "dtype": "bfloat16",
  "image_token_id": 151655,
  "model_type": "qwen2_5_vl",
  "text_config": {
    "attention_dropout": 0.0,
    "bos_token_id": 151643,
    "dtype": "bfloat16",
    "eos_token_id": 151645,
    "hidden_act": "silu",
    "hidden_size": 3584,
    "initializer_range": 0.02,
    "intermediate_size": 18944,
    "layer_types": [
      "full_attention",
      "full_attention",
      "full_attention",
      "full_attention",
      "full_attention",
      "full_attention",
      "full_attention",
      "full_attention",
      "full_attention",
      "full_attention",
      "full_attention",
      "full_attention",
      "full_attention",
      "full_attention",
      "full_attention",
      "full_attention",
      "full_attention",
      "full_attention",
      "full_attention",
      "full_attention",
      "full_attention",
      "full_attention",
      "full_attention",
      "full_attention",
      "full_attention",
      "full_attention",
      "full_attention",
      "full_attention"
    ],
    "max_position_embeddings": 128000,
    "max_window_layers": 28,
    "model_type": "qwen2_5_vl_text",
    "num_attention_heads": 28,
    "num_hidden_layers": 28,
    "num_key_value_heads": 4,
    "pad_token_id": null,
    "rms_norm_eps": 1e-06,
    "rope_parameters": {
      "mrope_section": [
        16,
        24,
        24
      ],
      "rope_theta": 1000000.0,
      "rope_type": "default",
      "type": "mrope"
    },
    "sliding_window": null,
    "use_cache": true,
    "use_sliding_window": false,
    "vocab_size": 152064
  },
  "tie_word_embeddings": false,
  "transformers_version": "5.8.0",
  "video_token_id": 151656,
  "vision_config": {
    "depth": 32,
    "fullatt_block_indexes": [
      7,
      15,
      23,
      31
    ],
    "hidden_act": "silu",
    "hidden_size": 1280,
    "in_channels": 3,
    "in_chans": 3,
    "initializer_range": 0.02,
    "intermediate_size": 3420,
    "model_type": "qwen2_5_vl_vision",
    "num_heads": 16,
    "out_hidden_size": 3584,
    "patch_size": 14,
    "spatial_merge_size": 2,
    "spatial_patch_size": 14,
    "temporal_patch_size": 2,
    "tokens_per_second": 2,
    "window_size": 112
  },
  "vision_end_token_id": 151653,
  "vision_start_token_id": 151652,
  "vision_token_id": 151654
}

[INFO|hub.py:364] 2026-08-25 17:22:14,967 >> Offline mode: forcing local_files_only=True
[INFO|tokenization_utils_base.py:1595] 2026-08-25 17:22:14,970 >> Offline mode: forcing local_files_only=True
[transformers] The `use_fast` parameter is deprecated and will be removed in a future version. Use `backend="torchvision"` instead of `use_fast=True`, or `backend="pil"` instead of `use_fast=False`.
[transformers] The `use_fast` parameter is deprecated and will be removed in a future version. Use `backend="torchvision"` instead of `use_fast=True`, or `backend="pil"` instead of `use_fast=False`.
[transformers] The `use_fast` parameter is deprecated and will be removed in a future version. Use `backend="torchvision"` instead of `use_fast=True`, or `backend="pil"` instead of `use_fast=False`.
[INFO|hub.py:364] 2026-08-25 17:22:15,262 >> Offline mode: forcing local_files_only=True
[INFO|hub.py:364] 2026-08-25 17:22:15,263 >> Offline mode: forcing local_files_only=True
[INFO|image_processing_base.py:268] 2026-08-25 17:22:15,263 >> Offline mode: forcing local_files_only=True
[INFO|image_processing_base.py:344] 2026-08-25 17:22:15,264 >> loading configuration file preprocessor_config.json from cache at /project/aip-wangcs/indrisch/huggingface/hub/models--Qwen--Qwen2.5-VL-7B-Instruct/snapshots/cc594898137f460bfe9f0759e9844b3ce807cfb5/preprocessor_config.json
[INFO|processing_utils.py:950] 2026-08-25 17:22:15,266 >> Offline mode: forcing local_files_only=True
[INFO|processing_utils.py:1124] 2026-08-25 17:22:15,268 >> loading configuration file processor_config.json from cache at None
[INFO|image_processing_base.py:268] 2026-08-25 17:22:15,268 >> Offline mode: forcing local_files_only=True
[INFO|image_processing_base.py:344] 2026-08-25 17:22:15,270 >> loading configuration file preprocessor_config.json from cache at /project/aip-wangcs/indrisch/huggingface/hub/models--Qwen--Qwen2.5-VL-7B-Instruct/snapshots/cc594898137f460bfe9f0759e9844b3ce807cfb5/preprocessor_config.json
[WARNING|logging.py:340] 2026-08-25 17:22:15,270 >> The `use_fast` parameter is deprecated and will be removed in a future version. Use `backend="torchvision"` instead of `use_fast=True`, or `backend="pil"` instead of `use_fast=False`.
[INFO|image_processing_base.py:268] 2026-08-25 17:22:15,278 >> Offline mode: forcing local_files_only=True
[INFO|image_processing_base.py:344] 2026-08-25 17:22:15,279 >> loading configuration file preprocessor_config.json from cache at /project/aip-wangcs/indrisch/huggingface/hub/models--Qwen--Qwen2.5-VL-7B-Instruct/snapshots/cc594898137f460bfe9f0759e9844b3ce807cfb5/preprocessor_config.json
[INFO|image_processing_base.py:385] 2026-08-25 17:22:15,280 >> Image processor Qwen2VLImageProcessor {
  "do_convert_rgb": true,
  "do_normalize": true,
  "do_rescale": true,
  "do_resize": true,
  "image_mean": [
    0.48145466,
    0.4578275,
    0.40821073
  ],
  "image_processor_type": "Qwen2VLImageProcessor",
  "image_std": [
    0.26862954,
    0.26130258,
    0.27577711
  ],
  "merge_size": 2,
  "patch_size": 14,
  "resample": 3,
  "rescale_factor": 0.00392156862745098,
  "size": {
    "longest_edge": 12845056,
    "shortest_edge": 3136
  },
  "temporal_patch_size": 2
}

[INFO|hub.py:364] 2026-08-25 17:22:15,280 >> Offline mode: forcing local_files_only=True
[INFO|configuration_utils.py:780] 2026-08-25 17:22:15,280 >> loading configuration file config.json from cache at /project/aip-wangcs/indrisch/huggingface/hub/models--Qwen--Qwen2.5-VL-7B-Instruct/snapshots/cc594898137f460bfe9f0759e9844b3ce807cfb5/config.json
[INFO|configuration_utils.py:856] 2026-08-25 17:22:15,292 >> Model config Qwen2_5_VLConfig {
  "architectures": [
    "Qwen2_5_VLForConditionalGeneration"
  ],
  "dtype": "bfloat16",
  "image_token_id": 151655,
  "model_type": "qwen2_5_vl",
  "text_config": {
    "attention_dropout": 0.0,
    "bos_token_id": 151643,
    "dtype": "bfloat16",
    "eos_token_id": 151645,
    "hidden_act": "silu",
    "hidden_size": 3584,
    "initializer_range": 0.02,
    "intermediate_size": 18944,
    "layer_types": [
      "full_attention",
      "full_attention",
      "full_attention",
      "full_attention",
      "full_attention",
      "full_attention",
      "full_attention",
      "full_attention",
      "full_attention",
      "full_attention",
      "full_attention",
      "full_attention",
      "full_attention",
      "full_attention",
      "full_attention",
      "full_attention",
      "full_attention",
      "full_attention",
      "full_attention",
      "full_attention",
      "full_attention",
      "full_attention",
      "full_attention",
      "full_attention",
      "full_attention",
      "full_attention",
      "full_attention",
      "full_attention"
    ],
    "max_position_embeddings": 128000,
    "max_window_layers": 28,
    "model_type": "qwen2_5_vl_text",
    "num_attention_heads": 28,
    "num_hidden_layers": 28,
    "num_key_value_heads": 4,
    "pad_token_id": null,
    "rms_norm_eps": 1e-06,
    "rope_parameters": {
      "mrope_section": [
        16,
        24,
        24
      ],
      "rope_theta": 1000000.0,
      "rope_type": "default",
      "type": "mrope"
    },
    "sliding_window": null,
    "use_cache": true,
    "use_sliding_window": false,
    "vocab_size": 152064
  },
  "tie_word_embeddings": false,
  "transformers_version": "5.8.0",
  "video_token_id": 151656,
  "vision_config": {
    "depth": 32,
    "fullatt_block_indexes": [
      7,
      15,
      23,
      31
    ],
    "hidden_act": "silu",
    "hidden_size": 1280,
    "in_channels": 3,
    "in_chans": 3,
    "initializer_range": 0.02,
    "intermediate_size": 3420,
    "model_type": "qwen2_5_vl_vision",
    "num_heads": 16,
    "out_hidden_size": 3584,
    "patch_size": 14,
    "spatial_merge_size": 2,
    "spatial_patch_size": 14,
    "temporal_patch_size": 2,
    "tokens_per_second": 2,
    "window_size": 112
  },
  "vision_end_token_id": 151653,
  "vision_start_token_id": 151652,
  "vision_token_id": 151654
}

[INFO|hub.py:364] 2026-08-25 17:22:15,292 >> Offline mode: forcing local_files_only=True
[INFO|tokenization_utils_base.py:1595] 2026-08-25 17:22:15,292 >> Offline mode: forcing local_files_only=True
[DEBUG get_template_and_fix_tokenizer] Requested template: qwen2_vl
[DEBUG get_template_and_fix_tokenizer] Available templates: ['aeva', 'alpaca', 'bailing', 'bailing_v2', 'breeze', 'chatglm3', 'chatml', 'chatml_de', 'cohere', 'cpm4', 'dbrx', 'deepseek', 'deepseek3', 'deepseekcoder', 'deepseekr1', 'default', 'dots_ocr', 'empty', 'ernie', 'ernie_nothink']...
[DEBUG get_template_and_fix_tokenizer] Total templates registered: 125
[DEBUG get_template_and_fix_tokenizer] videor1 in TEMPLATES: True
[DEBUG get_template_and_fix_tokenizer] qwen3_5 in TEMPLATES: True
tg10705:596145:596616 [1] NCCL INFO Channel 00/0 : 1[1] -> 2[2] via P2P/CUMEM
tg10705:596145:596616 [1] NCCL INFO Channel 04/0 : 1[1] -> 2[2] via P2P/CUMEM
tg10705:596145:596616 [1] NCCL INFO Channel 06/0 : 1[1] -> 2[2] via P2P/CUMEM
tg10705:596145:596616 [1] NCCL INFO Channel 10/0 : 1[1] -> 2[2] via P2P/CUMEM
tg10705:596145:596616 [1] NCCL INFO Channel 12/0 : 1[1] -> 2[2] via P2P/CUMEM
tg10705:596145:596616 [1] NCCL INFO Channel 16/0 : 1[1] -> 2[2] via P2P/CUMEM
tg10705:596145:596616 [1] NCCL INFO Channel 18/0 : 1[1] -> 2[2] via P2P/CUMEM
tg10705:596145:596616 [1] NCCL INFO Channel 22/0 : 1[1] -> 2[2] via P2P/CUMEM
[DEBUG get_template_and_fix_tokenizer] Requested template: qwen2_vl
[DEBUG get_template_and_fix_tokenizer] Available templates: ['aeva', 'alpaca', 'bailing', 'bailing_v2', 'breeze', 'chatglm3', 'chatml', 'chatml_de', 'cohere', 'cpm4', 'dbrx', 'deepseek', 'deepseek3', 'deepseekcoder', 'deepseekr1', 'default', 'dots_ocr', 'empty', 'ernie', 'ernie_nothink']...
[DEBUG get_template_and_fix_tokenizer] Total templates registered: 125
[DEBUG get_template_and_fix_tokenizer] videor1 in TEMPLATES: True
[DEBUG get_template_and_fix_tokenizer] qwen3_5 in TEMPLATES: True
tg10705:596147:596617 [3] NCCL INFO Channel 00/0 : 3[3] -> 0[0] via P2P/CUMEM
tg10705:596147:596617 [3] NCCL INFO Channel 03/0 : 3[3] -> 0[0] via P2P/CUMEM
tg10705:596147:596617 [3] NCCL INFO Channel 06/0 : 3[3] -> 0[0] via P2P/CUMEM
tg10705:596147:596617 [3] NCCL INFO Channel 09/0 : 3[3] -> 0[0] via P2P/CUMEM
tg10705:596147:596617 [3] NCCL INFO Channel 12/0 : 3[3] -> 0[0] via P2P/CUMEM
tg10705:596147:596617 [3] NCCL INFO Channel 15/0 : 3[3] -> 0[0] via P2P/CUMEM
tg10705:596147:596617 [3] NCCL INFO Channel 18/0 : 3[3] -> 0[0] via P2P/CUMEM
tg10705:596147:596617 [3] NCCL INFO Channel 21/0 : 3[3] -> 0[0] via P2P/CUMEM
[DEBUG get_template_and_fix_tokenizer] Requested template: qwen2_vl
[DEBUG get_template_and_fix_tokenizer] Available templates: ['aeva', 'alpaca', 'bailing', 'bailing_v2', 'breeze', 'chatglm3', 'chatml', 'chatml_de', 'cohere', 'cpm4', 'dbrx', 'deepseek', 'deepseek3', 'deepseekcoder', 'deepseekr1', 'default', 'dots_ocr', 'empty', 'ernie', 'ernie_nothink']...
[DEBUG get_template_and_fix_tokenizer] Total templates registered: 125
[DEBUG get_template_and_fix_tokenizer] videor1 in TEMPLATES: True
[DEBUG get_template_and_fix_tokenizer] qwen3_5 in TEMPLATES: True
tg10705:596146:596618 [2] NCCL INFO Channel 00/0 : 2[2] -> 3[3] via P2P/CUMEM
tg10705:596146:596618 [2] NCCL INFO Channel 02/0 : 2[2] -> 3[3] via P2P/CUMEM
tg10705:596146:596618 [2] NCCL INFO Channel 06/0 : 2[2] -> 3[3] via P2P/CUMEM
tg10705:596146:596618 [2] NCCL INFO Channel 08/0 : 2[2] -> 3[3] via P2P/CUMEM
tg10705:596146:596618 [2] NCCL INFO Channel 12/0 : 2[2] -> 3[3] via P2P/CUMEM
tg10705:596146:596618 [2] NCCL INFO Channel 14/0 : 2[2] -> 3[3] via P2P/CUMEM
tg10705:596146:596618 [2] NCCL INFO Channel 18/0 : 2[2] -> 3[3] via P2P/CUMEM
tg10705:596146:596618 [2] NCCL INFO Channel 20/0 : 2[2] -> 3[3] via P2P/CUMEM
[INFO|video_processing_utils.py:600] 2026-08-25 17:22:15,583 >> Offline mode: forcing local_files_only=True
[INFO|video_processing_utils.py:686] 2026-08-25 17:22:15,585 >> loading configuration file video_preprocessor_config.json from cache at /project/aip-wangcs/indrisch/huggingface/hub/models--Qwen--Qwen2.5-VL-7B-Instruct/snapshots/cc594898137f460bfe9f0759e9844b3ce807cfb5/preprocessor_config.json
tg10705:596146:596618 [2] NCCL INFO Channel 01/0 : 2[2] -> 0[0] via P2P/CUMEM
tg10705:596146:596618 [2] NCCL INFO Channel 04/0 : 2[2] -> 0[0] via P2P/CUMEM
[INFO|video_processing_utils.py:600] 2026-08-25 17:22:15,586 >> Offline mode: forcing local_files_only=True
tg10705:596146:596618 [2] NCCL INFO Channel 07/0 : 2[2] -> 0[0] via P2P/CUMEM
tg10705:596146:596618 [2] NCCL INFO Channel 10/0 : 2[2] -> 0[0] via P2P/CUMEM
tg10705:596146:596618 [2] NCCL INFO Channel 13/0 : 2[2] -> 0[0] via P2P/CUMEM
tg10705:596146:596618 [2] NCCL INFO Channel 16/0 : 2[2] -> 0[0] via P2P/CUMEM
[INFO|video_processing_utils.py:686] 2026-08-25 17:22:15,587 >> loading configuration file video_preprocessor_config.json from cache at /project/aip-wangcs/indrisch/huggingface/hub/models--Qwen--Qwen2.5-VL-7B-Instruct/snapshots/cc594898137f460bfe9f0759e9844b3ce807cfb5/preprocessor_config.json
tg10705:596146:596618 [2] NCCL INFO Channel 19/0 : 2[2] -> 0[0] via P2P/CUMEM
[INFO|video_processing_utils.py:727] 2026-08-25 17:22:15,588 >> Video processor Qwen2VLVideoProcessor {
  "do_convert_rgb": true,
  "do_normalize": true,
  "do_rescale": true,
  "do_resize": true,
  "do_sample_frames": false,
  "image_mean": [
    0.48145466,
    0.4578275,
    0.40821073
  ],
  "image_std": [
    0.26862954,
    0.26130258,
    0.27577711
  ],
  "max_frames": 768,
  "merge_size": 2,
  "min_frames": 4,
  "patch_size": 14,
  "resample": 3,
  "rescale_factor": 0.00392156862745098,
  "return_metadata": false,
  "size": {
    "longest_edge": 12845056,
    "shortest_edge": 3136
  },
  "temporal_patch_size": 2,
  "video_processor_type": "Qwen2VLVideoProcessor"
}

tg10705:596146:596618 [2] NCCL INFO Channel 22/0 : 2[2] -> 0[0] via P2P/CUMEM
[INFO|processing_utils.py:1199] 2026-08-25 17:22:15,589 >> Processor Qwen2_5_VLProcessor:
- image_processor: Qwen2VLImageProcessor {
  "do_convert_rgb": true,
  "do_normalize": true,
  "do_rescale": true,
  "do_resize": true,
  "image_mean": [
    0.48145466,
    0.4578275,
    0.40821073
  ],
  "image_processor_type": "Qwen2VLImageProcessor",
  "image_std": [
    0.26862954,
    0.26130258,
    0.27577711
  ],
  "merge_size": 2,
  "patch_size": 14,
  "resample": 3,
  "rescale_factor": 0.00392156862745098,
  "size": {
    "longest_edge": 12845056,
    "shortest_edge": 3136
  },
  "temporal_patch_size": 2
}

- tokenizer: Qwen2Tokenizer(name_or_path='Qwen/Qwen2.5-VL-7B-Instruct', vocab_size=151643, model_max_length=131072, padding_side='right', truncation_side='right', special_tokens={'eos_token': '<|im_end|>', 'pad_token': '<|endoftext|>'}, added_tokens_decoder={
	151643: AddedToken("<|endoftext|>", rstrip=False, lstrip=False, single_word=False, normalized=False, special=True),
	151644: AddedToken("<|im_start|>", rstrip=False, lstrip=False, single_word=False, normalized=False, special=True),
	151645: AddedToken("<|im_end|>", rstrip=False, lstrip=False, single_word=False, normalized=False, special=True),
	151646: AddedToken("<|object_ref_start|>", rstrip=False, lstrip=False, single_word=False, normalized=False, special=True),
	151647: AddedToken("<|object_ref_end|>", rstrip=False, lstrip=False, single_word=False, normalized=False, special=True),
	151648: AddedToken("<|box_start|>", rstrip=False, lstrip=False, single_word=False, normalized=False, special=True),
	151649: AddedToken("<|box_end|>", rstrip=False, lstrip=False, single_word=False, normalized=False, special=True),
	151650: AddedToken("<|quad_start|>", rstrip=False, lstrip=False, single_word=False, normalized=False, special=True),
	151651: AddedToken("<|quad_end|>", rstrip=False, lstrip=False, single_word=False, normalized=False, special=True),
	151652: AddedToken("<|vision_start|>", rstrip=False, lstrip=False, single_word=False, normalized=False, special=True),
	151653: AddedToken("<|vision_end|>", rstrip=False, lstrip=False, single_word=False, normalized=False, special=True),
	151654: AddedToken("<|vision_pad|>", rstrip=False, lstrip=False, single_word=False, normalized=False, special=True),
	151655: AddedToken("<|image_pad|>", rstrip=False, lstrip=False, single_word=False, normalized=False, special=True),
	151656: AddedToken("<|video_pad|>", rstrip=False, lstrip=False, single_word=False, normalized=False, special=True),
	151657: AddedToken("<tool_call>", rstrip=False, lstrip=False, single_word=False, normalized=False, special=False),
	151658: AddedToken("</tool_call>", rstrip=False, lstrip=False, single_word=False, normalized=False, special=False),
	151659: AddedToken("<|fim_prefix|>", rstrip=False, lstrip=False, single_word=False, normalized=False, special=False),
	151660: AddedToken("<|fim_middle|>", rstrip=False, lstrip=False, single_word=False, normalized=False, special=False),
	151661: AddedToken("<|fim_suffix|>", rstrip=False, lstrip=False, single_word=False, normalized=False, special=False),
	151662: AddedToken("<|fim_pad|>", rstrip=False, lstrip=False, single_word=False, normalized=False, special=False),
	151663: AddedToken("<|repo_name|>", rstrip=False, lstrip=False, single_word=False, normalized=False, special=False),
	151664: AddedToken("<|file_sep|>", rstrip=False, lstrip=False, single_word=False, normalized=False, special=False),
})
- video_processor: Qwen2VLVideoProcessor {
  "do_convert_rgb": true,
  "do_normalize": true,
  "do_rescale": true,
  "do_resize": true,
  "do_sample_frames": false,
  "image_mean": [
    0.48145466,
    0.4578275,
    0.40821073
  ],
  "image_std": [
    0.26862954,
    0.26130258,
    0.27577711
  ],
  "max_frames": 768,
  "merge_size": 2,
  "min_frames": 4,
  "patch_size": 14,
  "resample": 3,
  "rescale_factor": 0.00392156862745098,
  "return_metadata": false,
  "size": {
    "longest_edge": 12845056,
    "shortest_edge": 3136
  },
  "temporal_patch_size": 2,
  "video_processor_type": "Qwen2VLVideoProcessor"
}


{
  "image_processor": {
    "do_convert_rgb": true,
    "do_normalize": true,
    "do_rescale": true,
    "do_resize": true,
    "image_mean": [
      0.48145466,
      0.4578275,
      0.40821073
    ],
    "image_processor_type": "Qwen2VLImageProcessor",
    "image_std": [
      0.26862954,
      0.26130258,
      0.27577711
    ],
    "merge_size": 2,
    "patch_size": 14,
    "resample": 3,
    "rescale_factor": 0.00392156862745098,
    "size": {
      "longest_edge": 12845056,
      "shortest_edge": 3136
    },
    "temporal_patch_size": 2
  },
  "processor_class": "Qwen2_5_VLProcessor",
  "video_processor": {
    "do_convert_rgb": true,
    "do_normalize": true,
    "do_rescale": true,
    "do_resize": true,
    "do_sample_frames": false,
    "image_mean": [
      0.48145466,
      0.4578275,
      0.40821073
    ],
    "image_std": [
      0.26862954,
      0.26130258,
      0.27577711
    ],
    "max_frames": 768,
    "merge_size": 2,
    "min_frames": 4,
    "patch_size": 14,
    "resample": 3,
    "rescale_factor": 0.00392156862745098,
    "return_metadata": false,
    "size": {
      "longest_edge": 12845056,
      "shortest_edge": 3136
    },
    "temporal_patch_size": 2,
    "video_processor_type": "Qwen2VLVideoProcessor"
  }
}

[DEBUG get_template_and_fix_tokenizer] Requested template: qwen2_vl
[DEBUG get_template_and_fix_tokenizer] Available templates: ['aeva', 'alpaca', 'bailing', 'bailing_v2', 'breeze', 'chatglm3', 'chatml', 'chatml_de', 'cohere', 'cpm4', 'dbrx', 'deepseek', 'deepseek3', 'deepseekcoder', 'deepseekr1', 'default', 'dots_ocr', 'empty', 'ernie', 'ernie_nothink']...
[DEBUG get_template_and_fix_tokenizer] Total templates registered: 125
[DEBUG get_template_and_fix_tokenizer] videor1 in TEMPLATES: True
[DEBUG get_template_and_fix_tokenizer] qwen3_5 in TEMPLATES: True
[INFO|2026-08-25 17:22:15] llamafactory.data.loader:144 >> Loading dataset /tmp/cot_stage/annotations/Scene30k.parquet...
[INFO|2026-08-25 17:22:15] llamafactory.data.loader:144 >> Loading dataset /tmp/cot_stage/annotations/SpatialSSRL_coldstart.json...
[INFO|2026-08-25 17:22:16] llamafactory.data.loader:144 >> Loading dataset /tmp/cot_stage/annotations/3dthinker10k_cot.jsonl...
tg10705:596144:596626 [0] NCCL INFO Channel 00/0 : 0[0] -> 1[1] via P2P/CUMEM
tg10705:596144:596626 [0] NCCL INFO Channel 01/0 : 0[0] -> 1[1] via P2P/CUMEM
tg10705:596144:596626 [0] NCCL INFO Channel 06/0 : 0[0] -> 1[1] via P2P/CUMEM
tg10705:596144:596626 [0] NCCL INFO Channel 07/0 : 0[0] -> 1[1] via P2P/CUMEM
tg10705:596144:596626 [0] NCCL INFO Channel 12/0 : 0[0] -> 1[1] via P2P/CUMEM
tg10705:596144:596626 [0] NCCL INFO Channel 13/0 : 0[0] -> 1[1] via P2P/CUMEM
tg10705:596144:596626 [0] NCCL INFO Channel 18/0 : 0[0] -> 1[1] via P2P/CUMEM
tg10705:596144:596626 [0] NCCL INFO Channel 19/0 : 0[0] -> 1[1] via P2P/CUMEM
tg10705:596144:596626 [0] NCCL INFO Channel 02/0 : 0[0] -> 2[2] via P2P/CUMEM
tg10705:596144:596626 [0] NCCL INFO Channel 03/0 : 0[0] -> 2[2] via P2P/CUMEM
tg10705:596145:596616 [1] NCCL INFO Channel 01/0 : 1[1] -> 3[3] via P2P/CUMEM
tg10705:596147:596617 [3] NCCL INFO Channel 02/0 : 3[3] -> 1[1] via P2P/CUMEM
tg10705:596147:596617 [3] NCCL INFO Channel 04/0 : 3[3] -> 1[1] via P2P/CUMEM
tg10705:596145:596616 [1] NCCL INFO Channel 03/0 : 1[1] -> 3[3] via P2P/CUMEM
tg10705:596144:596626 [0] NCCL INFO Channel 08/0 : 0[0] -> 2[2] via P2P/CUMEM
tg10705:596144:596626 [0] NCCL INFO Channel 09/0 : 0[0] -> 2[2] via P2P/CUMEM
tg10705:596145:596616 [1] NCCL INFO Channel 07/0 : 1[1] -> 3[3] via P2P/CUMEM
tg10705:596147:596617 [3] NCCL INFO Channel 08/0 : 3[3] -> 1[1] via P2P/CUMEM
tg10705:596147:596617 [3] NCCL INFO Channel 10/0 : 3[3] -> 1[1] via P2P/CUMEM
tg10705:596144:596626 [0] NCCL INFO Channel 14/0 : 0[0] -> 2[2] via P2P/CUMEM
tg10705:596145:596616 [1] NCCL INFO Channel 09/0 : 1[1] -> 3[3] via P2P/CUMEM
tg10705:596145:596616 [1] NCCL INFO Channel 13/0 : 1[1] -> 3[3] via P2P/CUMEM
tg10705:596147:596617 [3] NCCL INFO Channel 14/0 : 3[3] -> 1[1] via P2P/CUMEM
tg10705:596144:596626 [0] NCCL INFO Channel 15/0 : 0[0] -> 2[2] via P2P/CUMEM
tg10705:596144:596626 [0] NCCL INFO Channel 20/0 : 0[0] -> 2[2] via P2P/CUMEM
tg10705:596145:596616 [1] NCCL INFO Channel 15/0 : 1[1] -> 3[3] via P2P/CUMEM
tg10705:596147:596617 [3] NCCL INFO Channel 16/0 : 3[3] -> 1[1] via P2P/CUMEM
tg10705:596145:596616 [1] NCCL INFO Channel 19/0 : 1[1] -> 3[3] via P2P/CUMEM
tg10705:596144:596626 [0] NCCL INFO Channel 21/0 : 0[0] -> 2[2] via P2P/CUMEM
tg10705:596147:596617 [3] NCCL INFO Channel 20/0 : 3[3] -> 1[1] via P2P/CUMEM
tg10705:596145:596616 [1] NCCL INFO Channel 21/0 : 1[1] -> 3[3] via P2P/CUMEM
tg10705:596147:596617 [3] NCCL INFO Channel 22/0 : 3[3] -> 1[1] via P2P/CUMEM
tg10705:596144:596626 [0] NCCL INFO Channel 04/0 : 0[0] -> 3[3] via P2P/CUMEM
tg10705:596144:596626 [0] NCCL INFO Channel 05/0 : 0[0] -> 3[3] via P2P/CUMEM
tg10705:596147:596617 [3] NCCL INFO Channel 01/0 : 3[3] -> 2[2] via P2P/CUMEM
tg10705:596144:596626 [0] NCCL INFO Channel 10/0 : 0[0] -> 3[3] via P2P/CUMEM
tg10705:596145:596616 [1] NCCL INFO Channel 02/0 : 1[1] -> 0[0] via P2P/CUMEM
tg10705:596145:596616 [1] NCCL INFO Channel 05/0 : 1[1] -> 0[0] via P2P/CUMEM
tg10705:596147:596617 [3] NCCL INFO Channel 05/0 : 3[3] -> 2[2] via P2P/CUMEM
tg10705:596144:596626 [0] NCCL INFO Channel 11/0 : 0[0] -> 3[3] via P2P/CUMEM
tg10705:596146:596618 [2] NCCL INFO Channel 03/0 : 2[2] -> 1[1] via P2P/CUMEM
tg10705:596147:596617 [3] NCCL INFO Channel 07/0 : 3[3] -> 2[2] via P2P/CUMEM
tg10705:596145:596616 [1] NCCL INFO Channel 08/0 : 1[1] -> 0[0] via P2P/CUMEM
tg10705:596144:596626 [0] NCCL INFO Channel 16/0 : 0[0] -> 3[3] via P2P/CUMEM
tg10705:596144:596626 [0] NCCL INFO Channel 17/0 : 0[0] -> 3[3] via P2P/CUMEM
tg10705:596147:596617 [3] NCCL INFO Channel 11/0 : 3[3] -> 2[2] via P2P/CUMEM
tg10705:596146:596618 [2] NCCL INFO Channel 05/0 : 2[2] -> 1[1] via P2P/CUMEM
tg10705:596145:596616 [1] NCCL INFO Channel 11/0 : 1[1] -> 0[0] via P2P/CUMEM
tg10705:596145:596616 [1] NCCL INFO Channel 14/0 : 1[1] -> 0[0] via P2P/CUMEM
tg10705:596144:596626 [0] NCCL INFO Channel 22/0 : 0[0] -> 3[3] via P2P/CUMEM
tg10705:596147:596617 [3] NCCL INFO Channel 13/0 : 3[3] -> 2[2] via P2P/CUMEM
tg10705:596146:596618 [2] NCCL INFO Channel 09/0 : 2[2] -> 1[1] via P2P/CUMEM
tg10705:596146:596618 [2] NCCL INFO Channel 11/0 : 2[2] -> 1[1] via P2P/CUMEM
tg10705:596145:596616 [1] NCCL INFO Channel 17/0 : 1[1] -> 0[0] via P2P/CUMEM
tg10705:596144:596626 [0] NCCL INFO Channel 23/0 : 0[0] -> 3[3] via P2P/CUMEM
tg10705:596147:596617 [3] NCCL INFO Channel 17/0 : 3[3] -> 2[2] via P2P/CUMEM
tg10705:596147:596617 [3] NCCL INFO Channel 19/0 : 3[3] -> 2[2] via P2P/CUMEM
tg10705:596146:596618 [2] NCCL INFO Channel 15/0 : 2[2] -> 1[1] via P2P/CUMEM
tg10705:596145:596616 [1] NCCL INFO Channel 20/0 : 1[1] -> 0[0] via P2P/CUMEM
tg10705:596145:596616 [1] NCCL INFO Channel 23/0 : 1[1] -> 0[0] via P2P/CUMEM
tg10705:596147:596617 [3] NCCL INFO Channel 23/0 : 3[3] -> 2[2] via P2P/CUMEM
tg10705:596146:596618 [2] NCCL INFO Channel 17/0 : 2[2] -> 1[1] via P2P/CUMEM
tg10705:596146:596618 [2] NCCL INFO Channel 21/0 : 2[2] -> 1[1] via P2P/CUMEM
tg10705:596146:596618 [2] NCCL INFO Channel 23/0 : 2[2] -> 1[1] via P2P/CUMEM
tg10705:596144:596626 [0] NCCL INFO Connected all rings, use ring PXN 0 GDR 1
tg10705:596147:596617 [3] NCCL INFO Connected all rings, use ring PXN 0 GDR 1
tg10705:596146:596618 [2] NCCL INFO Connected all rings, use ring PXN 0 GDR 1
tg10705:596145:596616 [1] NCCL INFO Connected all rings, use ring PXN 0 GDR 1
training example:
input_ids:
[151644, 8948, 198, 2610, 525, 264, 10950, 17847, 13, 151645, 198, 151644, 872, 198, 40, 3003, 4429, 458, 2168, 151652, 151655, 151655, 151655, 151655, 151655, 151655, 151655, 151655, 151655, 151655, 151655, 151655, 151655, 151655, 151655, 151655, 151655, 151655, 151655, 151655, 151655, 151655, 151655, 151655, 151655, 151655, 151655, 151655, 151655, 151655, 151655, 151655, 151655, 151655, 151655, 151655, 151655, 151655, 151655, 151655, 151655, 151655, 151655, 151655, 151655, 151655, 151655, 151655, 151655, 151655, 151655, 151655, 151655, 151655, 151655, 151655, 151655, 151655, 151655, 151655, 151655, 151655, 151655, 151655, 151655, 151655, 151655, 151655, 151655, 151655, 151655, 151655, 151655, 151655, 151655, 151655, 151655, 151655, 151655, 151655, 151655, 151655, 151655, 151655, 151655, 151655, 151655, 151655, 151653, 323, 1052, 525, 1378, 13604, 12864, 438, 220, 16, 11, 323, 220, 17, 389, 279, 2168, 13, 62197, 429, 1052, 374, 264, 6249, 518, 2309, 364, 17, 6, 323, 432, 594, 12880, 311, 752, 13, 10548, 311, 279, 6249, 11, 1380, 374, 279, 5537, 11134, 364, 16, 69990, 362, 13, 14902, 425, 13, 10083, 356, 13, 6841, 422, 13, 13727, 13, 21144, 55916, 1741, 438, 7990, 11, 16725, 11, 323, 220, 18, 35, 27979, 5025, 13, 576, 1590, 4226, 1265, 387, 11882, 504, 364, 32, 516, 364, 33, 516, 364, 34, 516, 323, 364, 35, 4427, 2610, 34813, 1744, 911, 279, 32711, 1882, 438, 458, 5306, 1615, 76728, 323, 2182, 697, 1590, 4226, 304, 5196, 79075, 38238, 151645, 198, 151644, 77091, 198, 1249, 11625, 419, 11, 358, 1184, 311, 8253, 279, 8674, 2309, 315, 5537, 11134, 364, 16, 6, 504, 279, 13057, 315, 279, 6249, 518, 2309, 364, 17, 29636, 16, 13, 576, 6249, 518, 2309, 364, 17, 6, 374, 12880, 6974, 279, 25708, 320, 9330, 8, 304, 279, 2168, 624, 17, 13, 17152, 11134, 364, 16, 6, 374, 7407, 10078, 311, 279, 1290, 315, 279, 6249, 594, 2309, 624, 18, 13, 16246, 429, 279, 6249, 374, 12880, 6974, 279, 25708, 11, 4113, 311, 279, 1290, 315, 279, 6249, 1035, 387, 6509, 311, 1181, 2115, 504, 1181, 13057, 382, 44500, 11, 504, 279, 6249, 594, 13057, 518, 2309, 364, 17, 516, 279, 5537, 11134, 364, 16, 6, 374, 389, 279, 2115, 382, 4416, 279, 1590, 4226, 374, 1124, 11520, 79075, 90, 35, 11035, 568, 151645, 198]
inputs:
<|im_start|>system
You are a helpful assistant.<|im_end|>
<|im_start|>user
I've taken an image<|vision_start|><|image_pad|><|image_pad|><|image_pad|><|image_pad|><|image_pad|><|image_pad|><|image_pad|><|image_pad|><|image_pad|><|image_pad|><|image_pad|><|image_pad|><|image_pad|><|image_pad|><|image_pad|><|image_pad|><|image_pad|><|image_pad|><|image_pad|><|image_pad|><|image_pad|><|image_pad|><|image_pad|><|image_pad|><|image_pad|><|image_pad|><|image_pad|><|image_pad|><|image_pad|><|image_pad|><|image_pad|><|image_pad|><|image_pad|><|image_pad|><|image_pad|><|image_pad|><|image_pad|><|image_pad|><|image_pad|><|image_pad|><|image_pad|><|image_pad|><|image_pad|><|image_pad|><|image_pad|><|image_pad|><|image_pad|><|image_pad|><|image_pad|><|image_pad|><|image_pad|><|image_pad|><|image_pad|><|image_pad|><|image_pad|><|image_pad|><|image_pad|><|image_pad|><|image_pad|><|image_pad|><|image_pad|><|image_pad|><|image_pad|><|image_pad|><|image_pad|><|image_pad|><|image_pad|><|image_pad|><|image_pad|><|image_pad|><|image_pad|><|image_pad|><|image_pad|><|image_pad|><|image_pad|><|image_pad|><|image_pad|><|image_pad|><|image_pad|><|image_pad|><|image_pad|><|image_pad|><|image_pad|><|image_pad|><|image_pad|><|image_pad|><|image_pad|><|image_pad|><|vision_end|> and there are two regions marked as 1, and 2 on the image. Assume that there is a camera at position '2' and it's facing to me. According to the camera, where is the region marker '1'? A. Front B. Right C. Back D. Left. Consider cues such as depth, orientation, and 3D spatial relationship. The final answer should be chosen from 'A', 'B', 'C', and 'D'.You FIRST think about the reasoning process as an internal monologue and put your final answer in '\boxed{}'.<|im_end|>
<|im_start|>assistant
To solve this, I need to determine the relative position of region marker '1' from the perspective of the camera at position '2'.

1. The camera at position '2' is facing towards the viewer (you) in the image.
2. Region marker '1' is located slightly to the right of the camera's position.
3. Given that the camera is facing towards the viewer, anything to the right of the camera would be considered to its left from its perspective.

Thus, from the camera's perspective at position '2', the region marker '1' is on the left.

So the final answer is \(\boxed{D}\).<|im_end|>

label_ids:
[-100, -100, -100, -100, -100, -100, -100, -100, -100, -100, -100, -100, -100, -100, -100, -100, -100, -100, -100, -100, -100, -100, -100, -100, -100, -100, -100, -100, -100, -100, -100, -100, -100, -100, -100, -100, -100, -100, -100, -100, -100, -100, -100, -100, -100, -100, -100, -100, -100, -100, -100, -100, -100, -100, -100, -100, -100, -100, -100, -100, -100, -100, -100, -100, -100, -100, -100, -100, -100, -100, -100, -100, -100, -100, -100, -100, -100, -100, -100, -100, -100, -100, -100, -100, -100, -100, -100, -100, -100, -100, -100, -100, -100, -100, -100, -100, -100, -100, -100, -100, -100, -100, -100, -100, -100, -100, -100, -100, -100, -100, -100, -100, -100, -100, -100, -100, -100, -100, -100, -100, -100, -100, -100, -100, -100, -100, -100, -100, -100, -100, -100, -100, -100, -100, -100, -100, -100, -100, -100, -100, -100, -100, -100, -100, -100, -100, -100, -100, -100, -100, -100, -100, -100, -100, -100, -100, -100, -100, -100, -100, -100, -100, -100, -100, -100, -100, -100, -100, -100, -100, -100, -100, -100, -100, -100, -100, -100, -100, -100, -100, -100, -100, -100, -100, -100, -100, -100, -100, -100, -100, -100, -100, -100, -100, -100, -100, -100, -100, -100, -100, -100, -100, -100, -100, -100, -100, -100, -100, -100, -100, -100, -100, -100, -100, -100, -100, -100, -100, -100, -100, -100, -100, -100, -100, -100, -100, -100, -100, -100, -100, -100, 1249, 11625, 419, 11, 358, 1184, 311, 8253, 279, 8674, 2309, 315, 5537, 11134, 364, 16, 6, 504, 279, 13057, 315, 279, 6249, 518, 2309, 364, 17, 29636, 16, 13, 576, 6249, 518, 2309, 364, 17, 6, 374, 12880, 6974, 279, 25708, 320, 9330, 8, 304, 279, 2168, 624, 17, 13, 17152, 11134, 364, 16, 6, 374, 7407, 10078, 311, 279, 1290, 315, 279, 6249, 594, 2309, 624, 18, 13, 16246, 429, 279, 6249, 374, 12880, 6974, 279, 25708, 11, 4113, 311, 279, 1290, 315, 279, 6249, 1035, 387, 6509, 311, 1181, 2115, 504, 1181, 13057, 382, 44500, 11, 504, 279, 6249, 594, 13057, 518, 2309, 364, 17, 516, 279, 5537, 11134, 364, 16, 6, 374, 389, 279, 2115, 382, 4416, 279, 1590, 4226, 374, 1124, 11520, 79075, 90, 35, 11035, 568, 151645, 198]
labels:
To solve this, I need to determine the relative position of region marker '1' from the perspective of the camera at position '2'.

1. The camera at position '2' is facing towards the viewer (you) in the image.
2. Region marker '1' is located slightly to the right of the camera's position.
3. Given that the camera is facing towards the viewer, anything to the right of the camera would be considered to its left from its perspective.

Thus, from the camera's perspective at position '2', the region marker '1' is on the left.

So the final answer is \(\boxed{D}\).<|im_end|>

num_proc must be <= 30. Reducing num_proc to 30 for dataset of size 30.
eval example:
input_ids:
[151644, 8948, 198, 151652, 151655, 151655, 151655, 151655, 151655, 151655, 151655, 151655, 151655, 151655, 151655, 151655, 151655, 151655, 151655, 151655, 151655, 151655, 151655, 151655, 151655, 151655, 151655, 151655, 151655, 151655, 151655, 151655, 151655, 151655, 151655, 151655, 151655, 151655, 151655, 151655, 151655, 151655, 151655, 151655, 151655, 151655, 151655, 151655, 151655, 151655, 151655, 151655, 151655, 151655, 151655, 151655, 151655, 151655, 151655, 151655, 151655, 151655, 151655, 151655, 151655, 151655, 151655, 151655, 151655, 151655, 151655, 151655, 151655, 151655, 151655, 151655, 151655, 151655, 151655, 151655, 151655, 151655, 151655, 151655, 151655, 151655, 151655, 151655, 151655, 151655, 151655, 151655, 151653, 198, 151652, 151655, 151655, 151655, 151655, 151655, 151655, 151655, 151655, 151655, 151655, 151655, 151655, 151655, 151655, 151655, 151655, 151655, 151655, 151655, 151655, 151655, 151655, 151655, 151655, 151655, 151655, 151655, 151655, 151655, 151655, 151655, 151655, 151655, 151655, 151655, 151655, 151655, 151655, 151655, 151655, 151655, 151655, 151655, 151655, 151655, 151655, 151655, 151655, 151655, 151655, 151655, 151655, 151655, 151655, 151655, 151655, 151655, 151655, 151655, 151655, 151655, 151655, 151655, 151655, 151655, 151655, 151655, 151655, 151655, 151655, 151655, 151655, 151655, 151655, 151655, 151655, 151655, 151655, 151655, 151655, 151655, 151655, 151655, 151655, 151655, 151655, 151655, 151655, 151653, 198, 151652, 151655, 151655, 151655, 151655, 151655, 151655, 151655, 151655, 151655, 151655, 151655, 151655, 151655, 151655, 151655, 151655, 151655, 151655, 151655, 151655, 151655, 151655, 151655, 151655, 151655, 151655, 151655, 151655, 151655, 151655, 151655, 151655, 151655, 151655, 151655, 151655, 151655, 151655, 151655, 151655, 151655, 151655, 151655, 151655, 151655, 151655, 151655, 151655, 151655, 151655, 151655, 151655, 151655, 151655, 151655, 151655, 151655, 151655, 151655, 151655, 151655, 151655, 151655, 151655, 151655, 151655, 151655, 151655, 151655, 151655, 151655, 151655, 151655, 151655, 151655, 151655, 151655, 151655, 151655, 151655, 151655, 151655, 151655, 151655, 151655, 151655, 151655, 151655, 151653, 198, 151652, 151655, 151655, 151655, 151655, 151655, 151655, 151655, 151655, 151655, 151655, 151655, 151655, 151655, 151655, 151655, 151655, 151655, 151655, 151655, 151655, 151655, 151655, 151655, 151655, 151655, 151655, 151655, 151655, 151655, 151655, 151655, 151655, 151655, 151655, 151655, 151655, 151655, 151655, 151655, 151655, 151655, 151655, 151655, 151655, 151655, 151655, 151655, 151655, 151655, 151655, 151655, 151655, 151655, 151655, 151655, 151655, 151655, 151655, 151655, 151655, 151655, 151655, 151655, 151655, 151655, 151655, 151655, 151655, 151655, 151655, 151655, 151655, 151655, 151655, 151655, 151655, 151655, 151655, 151655, 151655, 151655, 151655, 151655, 151655, 151655, 151655, 151655, 151655, 151653, 198, 58, 6262, 921, 7771, 3383, 374, 311, 23643, 279, 27979, 26112, 315, 6171, 304, 279, 6109, 553, 37836, 279, 3897, 5335, 11, 892, 1473, 279, 6109, 504, 2155, 89809, 624, 58, 16141, 29051, 921, 2610, 1172, 1184, 311, 3410, 353, 5225, 9, 4396, 4226, 26301, 504, 279, 2606, 10007, 3685, 13, 1752, 3110, 11, 421, 498, 1744, 279, 4396, 4226, 374, 364, 32, 13, 43610, 6, 504, 364, 32, 13, 43610, 425, 13, 9449, 356, 13, 14902, 422, 13, 42374, 516, 697, 2033, 1265, 3070, 3243, 334, 387, 3857, 9217, 23465, 13, 43610, 522, 9217, 5592, 382, 58, 14582, 921, 28715, 389, 1493, 3040, 5335, 320, 1805, 220, 16, 11, 220, 17, 11, 220, 18, 11, 323, 220, 19, 8, 9027, 279, 86595, 6321, 16486, 504, 2155, 89809, 320, 6951, 11, 2115, 11, 1182, 11, 323, 1290, 701, 448, 1817, 6249, 26118, 448, 3054, 14285, 323, 25244, 39780, 279, 39090, 25, 5542, 279, 58385, 10449, 304, 2168, 220, 19, 11, 1128, 374, 311, 279, 1290, 315, 279, 86595, 6321, 16486, 30, 362, 13, 3731, 63072, 425, 13, 8658, 57722, 31069, 356, 13, 32946, 323, 281, 15521, 6008, 422, 13, 12258, 13876, 31069, 151645, 198, 151644, 872, 198, 28715, 389, 1493, 3040, 5335, 320, 1805, 220, 16, 11, 220, 17, 11, 220, 18, 11, 323, 220, 19, 8, 9027, 279, 86595, 6321, 16486, 504, 2155, 89809, 320, 6951, 11, 2115, 11, 1182, 11, 323, 1290, 701, 448, 1817, 6249, 26118, 448, 3054, 14285, 323, 25244, 39780, 279, 39090, 25, 5542, 279, 58385, 10449, 304, 2168, 220, 19, 11, 1128, 374, 311, 279, 1290, 315, 279, 86595, 6321, 16486, 30, 362, 13, 3731, 63072, 425, 13, 8658, 57722, 31069, 356, 13, 32946, 323, 281, 15521, 6008, 422, 13, 12258, 13876, 31069, 151645, 198, 151644, 77091, 198, 27, 3006, 62, 18, 35, 397, 13708, 766, 65828, 2776, 33225, 49353, 264, 220, 18, 35, 2415, 315, 279, 3054, 1667, 279, 3040, 3897, 5335, 11, 1817, 9027, 279, 86595, 6321, 16486, 504, 264, 2155, 55880, 5106, 320, 6951, 11, 2115, 11, 1182, 11, 1290, 568, 576, 16486, 23011, 30188, 389, 264, 1965, 11, 323, 1817, 7002, 374, 10457, 304, 49687, 382, 1906, 220, 16, 320, 6951, 1648, 576, 3054, 20992, 264, 6319, 13876, 31069, 2348, 264, 7002, 448, 264, 3594, 9009, 77900, 16658, 323, 3241, 27996, 1293, 31069, 11, 4363, 4303, 15279, 311, 279, 1965, 323, 16486, 382, 1906, 220, 17, 320, 2359, 1648, 362, 7002, 448, 264, 21921, 2687, 577, 2482, 11, 5257, 3589, 389, 1909, 11, 323, 264, 2518, 63072, 29356, 13, 2308, 1841, 315, 894, 96406, 1588, 382, 1906, 220, 18, 320, 1419, 1648, 1096, 13057, 4933, 264, 21921, 448, 264, 281, 15521, 6008, 9099, 1790, 311, 432, 11, 264, 37299, 3082, 304, 279, 6010, 11, 323, 33832, 8991, 14038, 11, 22561, 419, 3108, 374, 803, 1787, 382, 1906, 220, 19, 320, 1291, 1648, 36280, 264, 3100, 57722, 31069, 738, 448, 60736, 14, 7119, 323, 65926, 11, 10767, 458, 1007, 15858, 476, 78265, 1894, 13, 1096, 374, 279, 3108, 4588, 911, 304, 279, 3405, 382, 7039, 11, 11485, 287, 7037, 438, 279, 6249, 304, 2168, 220, 19, 320, 1291, 8, 3330, 7678, 8305, 518, 279, 1965, 3470, 62118, 323, 279, 3100, 57722, 31069, 11, 279, 1290, 315, 279, 16486, 320, 1499, 419, 58385, 8, 5285, 82, 448, 279, 1790, 7002, 304, 264, 65670, 26112, 13, 20205, 389, 279, 27979, 8500, 1447, 12, 14902, 320, 1805, 220, 16, 1648, 3594, 9009, 77900, 16658, 323, 6319, 13876, 31069, 624, 12, 13727, 320, 1805, 220, 17, 1648, 21921, 323, 2518, 63072, 624, 12, 6841, 320, 1805, 220, 18, 1648, 21921, 323, 281, 15521, 6008, 11, 28727, 37299, 624, 12, 10083, 320, 1805, 220, 19, 1648, 3100, 57722, 31069, 382, 4416, 11, 504, 279, 16725, 315, 2168, 220, 19, 320, 1291, 315, 16486, 374, 8841, 279, 4065, 7002, 701, 279, 3082, 311, 279, 1290, 315, 279, 16486, 320, 1499, 2168, 220, 19, 594, 58385, 8, 374, 279, 3108, 3884, 304, 2168, 220, 16, 11, 892, 374, 279, 7002, 448, 279, 6319, 13876, 31069, 382, 44500, 11, 2661, 847, 220, 18, 35, 10502, 2415, 11, 279, 4396, 4226, 374, 422, 13, 12258, 13876, 31069, 1576, 279, 16725, 7482, 279, 6319, 13876, 31069, 5961, 311, 279, 1290, 315, 279, 16486, 304, 279, 1651, 315, 2168, 220, 19, 3918, 26865, 397, 27, 9217, 36495, 13, 12258, 13876, 31069, 522, 9217, 29, 151645, 198]
inputs:
<|im_start|>system
<|vision_start|><|image_pad|><|image_pad|><|image_pad|><|image_pad|><|image_pad|><|image_pad|><|image_pad|><|image_pad|><|image_pad|><|image_pad|><|image_pad|><|image_pad|><|image_pad|><|image_pad|><|image_pad|><|image_pad|><|image_pad|><|image_pad|><|image_pad|><|image_pad|><|image_pad|><|image_pad|><|image_pad|><|image_pad|><|image_pad|><|image_pad|><|image_pad|><|image_pad|><|image_pad|><|image_pad|><|image_pad|><|image_pad|><|image_pad|><|image_pad|><|image_pad|><|image_pad|><|image_pad|><|image_pad|><|image_pad|><|image_pad|><|image_pad|><|image_pad|><|image_pad|><|image_pad|><|image_pad|><|image_pad|><|image_pad|><|image_pad|><|image_pad|><|image_pad|><|image_pad|><|image_pad|><|image_pad|><|image_pad|><|image_pad|><|image_pad|><|image_pad|><|image_pad|><|image_pad|><|image_pad|><|image_pad|><|image_pad|><|image_pad|><|image_pad|><|image_pad|><|image_pad|><|image_pad|><|image_pad|><|image_pad|><|image_pad|><|image_pad|><|image_pad|><|image_pad|><|image_pad|><|image_pad|><|image_pad|><|image_pad|><|image_pad|><|image_pad|><|image_pad|><|image_pad|><|image_pad|><|image_pad|><|image_pad|><|image_pad|><|image_pad|><|image_pad|><|image_pad|><|vision_end|>
<|vision_start|><|image_pad|><|image_pad|><|image_pad|><|image_pad|><|image_pad|><|image_pad|><|image_pad|><|image_pad|><|image_pad|><|image_pad|><|image_pad|><|image_pad|><|image_pad|><|image_pad|><|image_pad|><|image_pad|><|image_pad|><|image_pad|><|image_pad|><|image_pad|><|image_pad|><|image_pad|><|image_pad|><|image_pad|><|image_pad|><|image_pad|><|image_pad|><|image_pad|><|image_pad|><|image_pad|><|image_pad|><|image_pad|><|image_pad|><|image_pad|><|image_pad|><|image_pad|><|image_pad|><|image_pad|><|image_pad|><|image_pad|><|image_pad|><|image_pad|><|image_pad|><|image_pad|><|image_pad|><|image_pad|><|image_pad|><|image_pad|><|image_pad|><|image_pad|><|image_pad|><|image_pad|><|image_pad|><|image_pad|><|image_pad|><|image_pad|><|image_pad|><|image_pad|><|image_pad|><|image_pad|><|image_pad|><|image_pad|><|image_pad|><|image_pad|><|image_pad|><|image_pad|><|image_pad|><|image_pad|><|image_pad|><|image_pad|><|image_pad|><|image_pad|><|image_pad|><|image_pad|><|image_pad|><|image_pad|><|image_pad|><|image_pad|><|image_pad|><|image_pad|><|image_pad|><|image_pad|><|image_pad|><|image_pad|><|image_pad|><|image_pad|><|image_pad|><|image_pad|><|vision_end|>
<|vision_start|><|image_pad|><|image_pad|><|image_pad|><|image_pad|><|image_pad|><|image_pad|><|image_pad|><|image_pad|><|image_pad|><|image_pad|><|image_pad|><|image_pad|><|image_pad|><|image_pad|><|image_pad|><|image_pad|><|image_pad|><|image_pad|><|image_pad|><|image_pad|><|image_pad|><|image_pad|><|image_pad|><|image_pad|><|image_pad|><|image_pad|><|image_pad|><|image_pad|><|image_pad|><|image_pad|><|image_pad|><|image_pad|><|image_pad|><|image_pad|><|image_pad|><|image_pad|><|image_pad|><|image_pad|><|image_pad|><|image_pad|><|image_pad|><|image_pad|><|image_pad|><|image_pad|><|image_pad|><|image_pad|><|image_pad|><|image_pad|><|image_pad|><|image_pad|><|image_pad|><|image_pad|><|image_pad|><|image_pad|><|image_pad|><|image_pad|><|image_pad|><|image_pad|><|image_pad|><|image_pad|><|image_pad|><|image_pad|><|image_pad|><|image_pad|><|image_pad|><|image_pad|><|image_pad|><|image_pad|><|image_pad|><|image_pad|><|image_pad|><|image_pad|><|image_pad|><|image_pad|><|image_pad|><|image_pad|><|image_pad|><|image_pad|><|image_pad|><|image_pad|><|image_pad|><|image_pad|><|image_pad|><|image_pad|><|image_pad|><|image_pad|><|image_pad|><|image_pad|><|vision_end|>
<|vision_start|><|image_pad|><|image_pad|><|image_pad|><|image_pad|><|image_pad|><|image_pad|><|image_pad|><|image_pad|><|image_pad|><|image_pad|><|image_pad|><|image_pad|><|image_pad|><|image_pad|><|image_pad|><|image_pad|><|image_pad|><|image_pad|><|image_pad|><|image_pad|><|image_pad|><|image_pad|><|image_pad|><|image_pad|><|image_pad|><|image_pad|><|image_pad|><|image_pad|><|image_pad|><|image_pad|><|image_pad|><|image_pad|><|image_pad|><|image_pad|><|image_pad|><|image_pad|><|image_pad|><|image_pad|><|image_pad|><|image_pad|><|image_pad|><|image_pad|><|image_pad|><|image_pad|><|image_pad|><|image_pad|><|image_pad|><|image_pad|><|image_pad|><|image_pad|><|image_pad|><|image_pad|><|image_pad|><|image_pad|><|image_pad|><|image_pad|><|image_pad|><|image_pad|><|image_pad|><|image_pad|><|image_pad|><|image_pad|><|image_pad|><|image_pad|><|image_pad|><|image_pad|><|image_pad|><|image_pad|><|image_pad|><|image_pad|><|image_pad|><|image_pad|><|image_pad|><|image_pad|><|image_pad|><|image_pad|><|image_pad|><|image_pad|><|image_pad|><|image_pad|><|image_pad|><|image_pad|><|image_pad|><|image_pad|><|image_pad|><|image_pad|><|image_pad|><|image_pad|><|vision_end|>
[Task]
Your task is to analyze the spatial arrangement of objects in the scene by examining the provided images, which show the scene from different viewpoints.
[Answer Instruction]
You only need to provide *ONE* correct answer selecting from the options listed below. For example, if you think the correct answer is 'A. Above' from 'A. Above B. Under C. Front D. Behind', your response should **only** be '<answer>A. Above</answer>'.

[Question]
Based on these four images (image 1, 2, 3, and 4) showing the pepsi bottle from different viewpoints (front, left, back, and right), with each camera aligned with room walls and partially capturing the surroundings: From the viewpoint presented in image 4, what is to the right of the pepsi bottle? A. Red stool B. Light-colored sofa C. Cabinet and potted plant D. Dark brown sofa<|im_end|>
<|im_start|>user
Based on these four images (image 1, 2, 3, and 4) showing the pepsi bottle from different viewpoints (front, left, back, and right), with each camera aligned with room walls and partially capturing the surroundings: From the viewpoint presented in image 4, what is to the right of the pepsi bottle? A. Red stool B. Light-colored sofa C. Cabinet and potted plant D. Dark brown sofa<|im_end|>
<|im_start|>assistant
<output_3D>
<think>I'm mentally constructing a 3D map of the room using the four provided images, each showing the pepsi bottle from a different cardinal direction (front, left, back, right). The bottle sits centered on a table, and each wall is revealed in succession.

Image 1 (front): The room reveals a dark brown sofa against a wall with a maroon/red partition and window—a long sofa, likely running parallel to the table and bottle.

Image 2 (left): A wall with a cabinet/sideboard, various items on top, and a red stool underneath. No sign of any sofas here.

Image 3 (back): This perspective shows a cabinet with a potted plant placed next to it, a seating area in the distance, and sliding glass doors, suggesting this side is more open.

Image 4 (right): Shows a light-colored sofa set with quilt/throw and pillows, possibly an off-white or beige color. This is the side asked about in the question.

Now, orienting myself as the camera in image 4 (right) looking straight ahead at the table/bottle and the light-colored sofa, the right of the bottle (from this viewpoint) aligns with the next wall in a clockwise arrangement. Based on the spatial sequence:

- Front (image 1): maroon/red partition and dark brown sofa.
- Left (image 2): cabinet and red stool.
- Back (image 3): cabinet and potted plant, distant seating.
- Right (image 4): light-colored sofa.

So, from the orientation of image 4 (right of bottle is toward the front wall), the area to the right of the bottle (from image 4's viewpoint) is the side seen in image 1, which is the wall with the dark brown sofa.

Thus, given my 3D mental map, the correct answer is D. Dark brown sofa because the orientation places the dark brown sofa directly to the right of the bottle in the view of image 4.</think>
<answer>D. Dark brown sofa</answer><|im_end|>

label_ids:
[-100, -100, -100, -100, -100, -100, -100, -100, -100, -100, -100, -100, -100, -100, -100, -100, -100, -100, -100, -100, -100, -100, -100, -100, -100, -100, -100, -100, -100, -100, -100, -100, -100, -100, -100, -100, -100, -100, -100, -100, -100, -100, -100, -100, -100, -100, -100, -100, -100, -100, -100, -100, -100, -100, -100, -100, -100, -100, -100, -100, -100, -100, -100, -100, -100, -100, -100, -100, -100, -100, -100, -100, -100, -100, -100, -100, -100, -100, -100, -100, -100, -100, -100, -100, -100, -100, -100, -100, -100, -100, -100, -100, -100, -100, -100, -100, -100, -100, -100, -100, -100, -100, -100, -100, -100, -100, -100, -100, -100, -100, -100, -100, -100, -100, -100, -100, -100, -100, -100, -100, -100, -100, -100, -100, -100, -100, -100, -100, -100, -100, -100, -100, -100, -100, -100, -100, -100, -100, -100, -100, -100, -100, -100, -100, -100, -100, -100, -100, -100, -100, -100, -100, -100, -100, -100, -100, -100, -100, -100, -100, -100, -100, -100, -100, -100, -100, -100, -100, -100, -100, -100, -100, -100, -100, -100, -100, -100, -100, -100, -100, -100, -100, -100, -100, -100, -100, -100, -100, -100, -100, -100, -100, -100, -100, -100, -100, -100, -100, -100, -100, -100, -100, -100, -100, -100, -100, -100, -100, -100, -100, -100, -100, -100, -100, -100, -100, -100, -100, -100, -100, -100, -100, -100, -100, -100, -100, -100, -100, -100, -100, -100, -100, -100, -100, -100, -100, -100, -100, -100, -100, -100, -100, -100, -100, -100, -100, -100, -100, -100, -100, -100, -100, -100, -100, -100, -100, -100, -100, -100, -100, -100, -100, -100, -100, -100, -100, -100, -100, -100, -100, -100, -100, -100, -100, -100, -100, -100, -100, -100, -100, -100, -100, -100, -100, -100, -100, -100, -100, -100, -100, -100, -100, -100, -100, -100, -100, -100, -100, -100, -100, -100, -100, -100, -100, -100, -100, -100, -100, -100, -100, -100, -100, -100, -100, -100, -100, -100, -100, -100, -100, -100, -100, -100, -100, -100, -100, -100, -100, -100, -100, -100, -100, -100, -100, -100, -100, -100, -100, -100, -100, -100, -100, -100, -100, -100, -100, -100, -100, -100, -100, -100, -100, -100, -100, -100, -100, -100, -100, -100, -100, -100, -100, -100, -100, -100, -100, -100, -100, -100, -100, -100, -100, -100, -100, -100, -100, -100, -100, -100, -100, -100, -100, -100, -100, -100, -100, -100, -100, -100, -100, -100, -100, -100, -100, -100, -100, -100, -100, -100, -100, -100, -100, -100, -100, -100, -100, -100, -100, -100, -100, -100, -100, -100, -100, -100, -100, -100, -100, -100, -100, -100, -100, -100, -100, -100, -100, -100, -100, -100, -100, -100, -100, -100, -100, -100, -100, -100, -100, -100, -100, -100, -100, -100, -100, -100, -100, -100, -100, -100, -100, -100, -100, -100, -100, -100, -100, -100, -100, -100, -100, -100, -100, -100, -100, -100, -100, -100, -100, -100, -100, -100, -100, -100, -100, -100, -100, -100, -100, -100, -100, -100, -100, -100, -100, -100, -100, -100, -100, -100, -100, -100, -100, -100, -100, -100, -100, -100, -100, -100, -100, -100, -100, -100, -100, -100, -100, -100, -100, -100, -100, -100, -100, -100, -100, -100, -100, -100, -100, -100, -100, -100, -100, -100, -100, -100, -100, -100, -100, -100, -100, -100, -100, -100, -100, -100, -100, -100, -100, -100, -100, -100, -100, -100, -100, -100, -100, -100, -100, -100, -100, -100, -100, -100, -100, -100, -100, -100, -100, -100, -100, -100, -100, -100, -100, -100, -100, -100, -100, -100, -100, -100, -100, -100, -100, -100, -100, -100, -100, -100, -100, -100, -100, -100, -100, -100, -100, -100, -100, -100, -100, -100, -100, -100, -100, -100, -100, -100, -100, -100, -100, -100, -100, -100, -100, -100, -100, -100, -100, -100, -100, -100, -100, -100, -100, -100, -100, -100, -100, -100, -100, -100, -100, -100, -100, -100, -100, -100, -100, -100, -100, -100, -100, -100, -100, -100, -100, -100, -100, -100, -100, -100, -100, -100, -100, -100, -100, -100, -100, -100, -100, -100, -100, -100, -100, -100, -100, -100, -100, -100, -100, -100, 27, 3006, 62, 18, 35, 397, 13708, 766, 65828, 2776, 33225, 49353, 264, 220, 18, 35, 2415, 315, 279, 3054, 1667, 279, 3040, 3897, 5335, 11, 1817, 9027, 279, 86595, 6321, 16486, 504, 264, 2155, 55880, 5106, 320, 6951, 11, 2115, 11, 1182, 11, 1290, 568, 576, 16486, 23011, 30188, 389, 264, 1965, 11, 323, 1817, 7002, 374, 10457, 304, 49687, 382, 1906, 220, 16, 320, 6951, 1648, 576, 3054, 20992, 264, 6319, 13876, 31069, 2348, 264, 7002, 448, 264, 3594, 9009, 77900, 16658, 323, 3241, 27996, 1293, 31069, 11, 4363, 4303, 15279, 311, 279, 1965, 323, 16486, 382, 1906, 220, 17, 320, 2359, 1648, 362, 7002, 448, 264, 21921, 2687, 577, 2482, 11, 5257, 3589, 389, 1909, 11, 323, 264, 2518, 63072, 29356, 13, 2308, 1841, 315, 894, 96406, 1588, 382, 1906, 220, 18, 320, 1419, 1648, 1096, 13057, 4933, 264, 21921, 448, 264, 281, 15521, 6008, 9099, 1790, 311, 432, 11, 264, 37299, 3082, 304, 279, 6010, 11, 323, 33832, 8991, 14038, 11, 22561, 419, 3108, 374, 803, 1787, 382, 1906, 220, 19, 320, 1291, 1648, 36280, 264, 3100, 57722, 31069, 738, 448, 60736, 14, 7119, 323, 65926, 11, 10767, 458, 1007, 15858, 476, 78265, 1894, 13, 1096, 374, 279, 3108, 4588, 911, 304, 279, 3405, 382, 7039, 11, 11485, 287, 7037, 438, 279, 6249, 304, 2168, 220, 19, 320, 1291, 8, 3330, 7678, 8305, 518, 279, 1965, 3470, 62118, 323, 279, 3100, 57722, 31069, 11, 279, 1290, 315, 279, 16486, 320, 1499, 419, 58385, 8, 5285, 82, 448, 279, 1790, 7002, 304, 264, 65670, 26112, 13, 20205, 389, 279, 27979, 8500, 1447, 12, 14902, 320, 1805, 220, 16, 1648, 3594, 9009, 77900, 16658, 323, 6319, 13876, 31069, 624, 12, 13727, 320, 1805, 220, 17, 1648, 21921, 323, 2518, 63072, 624, 12, 6841, 320, 1805, 220, 18, 1648, 21921, 323, 281, 15521, 6008, 11, 28727, 37299, 624, 12, 10083, 320, 1805, 220, 19, 1648, 3100, 57722, 31069, 382, 4416, 11, 504, 279, 16725, 315, 2168, 220, 19, 320, 1291, 315, 16486, 374, 8841, 279, 4065, 7002, 701, 279, 3082, 311, 279, 1290, 315, 279, 16486, 320, 1499, 2168, 220, 19, 594, 58385, 8, 374, 279, 3108, 3884, 304, 2168, 220, 16, 11, 892, 374, 279, 7002, 448, 279, 6319, 13876, 31069, 382, 44500, 11, 2661, 847, 220, 18, 35, 10502, 2415, 11, 279, 4396, 4226, 374, 422, 13, 12258, 13876, 31069, 1576, 279, 16725, 7482, 279, 6319, 13876, 31069, 5961, 311, 279, 1290, 315, 279, 16486, 304, 279, 1651, 315, 2168, 220, 19, 3918, 26865, 397, 27, 9217, 36495, 13, 12258, 13876, 31069, 522, 9217, 29, 151645, 198]
labels:
<output_3D>
<think>I'm mentally constructing a 3D map of the room using the four provided images, each showing the pepsi bottle from a different cardinal direction (front, left, back, right). The bottle sits centered on a table, and each wall is revealed in succession.

Image 1 (front): The room reveals a dark brown sofa against a wall with a maroon/red partition and window—a long sofa, likely running parallel to the table and bottle.

Image 2 (left): A wall with a cabinet/sideboard, various items on top, and a red stool underneath. No sign of any sofas here.

Image 3 (back): This perspective shows a cabinet with a potted plant placed next to it, a seating area in the distance, and sliding glass doors, suggesting this side is more open.

Image 4 (right): Shows a light-colored sofa set with quilt/throw and pillows, possibly an off-white or beige color. This is the side asked about in the question.

Now, orienting myself as the camera in image 4 (right) looking straight ahead at the table/bottle and the light-colored sofa, the right of the bottle (from this viewpoint) aligns with the next wall in a clockwise arrangement. Based on the spatial sequence:

- Front (image 1): maroon/red partition and dark brown sofa.
- Left (image 2): cabinet and red stool.
- Back (image 3): cabinet and potted plant, distant seating.
- Right (image 4): light-colored sofa.

So, from the orientation of image 4 (right of bottle is toward the front wall), the area to the right of the bottle (from image 4's viewpoint) is the side seen in image 1, which is the wall with the dark brown sofa.

Thus, given my 3D mental map, the correct answer is D. Dark brown sofa because the orientation places the dark brown sofa directly to the right of the bottle in the view of image 4.</think>
<answer>D. Dark brown sofa</answer><|im_end|>

[INFO|hub.py:364] 2026-08-25 17:22:20,597 >> Offline mode: forcing local_files_only=True
[INFO|configuration_utils.py:780] 2026-08-25 17:22:20,599 >> loading configuration file config.json from cache at /project/aip-wangcs/indrisch/huggingface/hub/models--Qwen--Qwen2.5-VL-7B-Instruct/snapshots/cc594898137f460bfe9f0759e9844b3ce807cfb5/config.json
[INFO|configuration_utils.py:856] 2026-08-25 17:22:20,610 >> Model config Qwen2_5_VLConfig {
  "architectures": [
    "Qwen2_5_VLForConditionalGeneration"
  ],
  "dtype": "bfloat16",
  "image_token_id": 151655,
  "model_type": "qwen2_5_vl",
  "text_config": {
    "attention_dropout": 0.0,
    "bos_token_id": 151643,
    "dtype": "bfloat16",
    "eos_token_id": 151645,
    "hidden_act": "silu",
    "hidden_size": 3584,
    "initializer_range": 0.02,
    "intermediate_size": 18944,
    "layer_types": [
      "full_attention",
      "full_attention",
      "full_attention",
      "full_attention",
      "full_attention",
      "full_attention",
      "full_attention",
      "full_attention",
      "full_attention",
      "full_attention",
      "full_attention",
      "full_attention",
      "full_attention",
      "full_attention",
      "full_attention",
      "full_attention",
      "full_attention",
      "full_attention",
      "full_attention",
      "full_attention",
      "full_attention",
      "full_attention",
      "full_attention",
      "full_attention",
      "full_attention",
      "full_attention",
      "full_attention",
      "full_attention"
    ],
    "max_position_embeddings": 128000,
    "max_window_layers": 28,
    "model_type": "qwen2_5_vl_text",
    "num_attention_heads": 28,
    "num_hidden_layers": 28,
    "num_key_value_heads": 4,
    "pad_token_id": null,
    "rms_norm_eps": 1e-06,
    "rope_parameters": {
      "mrope_section": [
        16,
        24,
        24
      ],
      "rope_theta": 1000000.0,
      "rope_type": "default",
      "type": "mrope"
    },
    "sliding_window": null,
    "use_cache": true,
    "use_sliding_window": false,
    "vocab_size": 152064
  },
  "tie_word_embeddings": false,
  "transformers_version": "5.8.0",
  "video_token_id": 151656,
  "vision_config": {
    "depth": 32,
    "fullatt_block_indexes": [
      7,
      15,
      23,
      31
    ],
    "hidden_act": "silu",
    "hidden_size": 1280,
    "in_channels": 3,
    "in_chans": 3,
    "initializer_range": 0.02,
    "intermediate_size": 3420,
    "model_type": "qwen2_5_vl_vision",
    "num_heads": 16,
    "out_hidden_size": 3584,
    "patch_size": 14,
    "spatial_merge_size": 2,
    "spatial_patch_size": 14,
    "temporal_patch_size": 2,
    "tokens_per_second": 2,
    "window_size": 112
  },
  "vision_end_token_id": 151653,
  "vision_start_token_id": 151652,
  "vision_token_id": 151654
}

[INFO|2026-08-25 17:22:20] llamafactory.model.model_utils.attention:144 >> Attention backend request: fa2 | FlashAttention-2 available: True | SDPA available: True
[INFO|2026-08-25 17:22:20] llamafactory.model.model_utils.kv_cache:144 >> KV cache is disabled during training.
num_proc must be <= 30. Reducing num_proc to 30 for dataset of size 30.
num_proc must be <= 30. Reducing num_proc to 30 for dataset of size 30.
num_proc must be <= 30. Reducing num_proc to 30 for dataset of size 30.
[INFO|2026-08-25 17:22:23] llamafactory.model.model_utils.liger_kernel:144 >> Liger kernel has been applied to the model.
[INFO|hub.py:364] 2026-08-25 17:22:23,848 >> Offline mode: forcing local_files_only=True
[INFO|modeling_utils.py:769] 2026-08-25 17:22:23,851 >> loading weights file model.safetensors from cache at /project/aip-wangcs/indrisch/huggingface/hub/models--Qwen--Qwen2.5-VL-7B-Instruct/snapshots/cc594898137f460bfe9f0759e9844b3ce807cfb5/model.safetensors.index.json
[INFO|modeling_utils.py:839] 2026-08-25 17:22:23,853 >> Will use dtype=torch.bfloat16 as defined in model's config object
[INFO|configuration_utils.py:1086] 2026-08-25 17:22:23,856 >> Generate config GenerationConfig {
  "output_attentions": false,
  "output_hidden_states": false,
  "use_cache": false
}

Loading weights:   0%|          | 0/729 [00:00<?, ?it/s]Loading weights:   0%|          | 1/729 [00:00<07:00,  1.73it/s]Loading weights:   0%|          | 2/729 [00:01<07:57,  1.52it/s]Loading weights:   1%|          | 5/729 [00:01<02:46,  4.36it/s]Loading weights:   1%|▏         | 10/729 [00:01<01:13,  9.80it/s]Loading weights:   2%|▏         | 16/729 [00:01<00:50, 14.24it/s]Loading weights:   3%|▎         | 19/729 [00:01<00:44, 15.91it/s]Loading weights:   4%|▍         | 28/729 [00:02<00:28, 24.54it/s]Loading weights:   4%|▍         | 31/729 [00:02<00:33, 20.93it/s]Loading weights:   0%|          | 0/729 [00:00<?, ?it/s]Loading weights:   0%|          | 0/729 [00:00<?, ?it/s]Loading weights:   0%|          | 0/729 [00:00<?, ?it/s]Loading weights:   5%|▌         | 40/729 [00:02<00:34, 20.18it/s]Loading weights:   6%|▌         | 43/729 [00:02<00:32, 21.02it/s]Loading weights:   7%|▋         | 52/729 [00:03<00:22, 30.47it/s]Loading weights:   0%|          | 1/729 [00:00<06:01,  2.02it/s]Loading weights:   0%|          | 1/729 [00:00<06:00,  2.02it/s]Loading weights:   0%|          | 1/729 [00:00<05:59,  2.02it/s]Loading weights:   8%|▊         | 56/729 [00:03<00:25, 26.39it/s]Loading weights:   9%|▉         | 64/729 [00:03<00:21, 30.93it/s]Loading weights:   9%|▉         | 68/729 [00:03<00:24, 26.65it/s]Loading weights:   0%|          | 2/729 [00:01<06:27,  1.88it/s]Loading weights:   0%|          | 2/729 [00:01<06:32,  1.85it/s]Loading weights:   0%|          | 2/729 [00:01<06:39,  1.82it/s]Loading weights:  10%|█         | 76/729 [00:03<00:20, 31.19it/s]Loading weights:   1%|          | 5/729 [00:01<02:15,  5.35it/s]Loading weights:   1%|          | 5/729 [00:01<02:17,  5.25it/s]Loading weights:   1%|          | 5/729 [00:01<02:21,  5.13it/s]Loading weights:   2%|▏         | 11/729 [00:01<00:52, 13.66it/s]Loading weights:  11%|█         | 80/729 [00:04<00:23, 27.30it/s]Loading weights:   2%|▏         | 12/729 [00:01<00:49, 14.57it/s]Loading weights:   1%|▏         | 10/729 [00:01<01:02, 11.57it/s]Loading weights:   2%|▏         | 16/729 [00:01<00:36, 19.64it/s]Loading weights:  12%|█▏        | 88/729 [00:04<00:20, 31.53it/s]Loading weights:   2%|▏         | 17/729 [00:01<00:41, 17.35it/s]Loading weights:   3%|▎         | 20/729 [00:01<00:34, 20.28it/s]Loading weights:   2%|▏         | 17/729 [00:01<00:44, 16.06it/s]Loading weights:   3%|▎         | 20/729 [00:01<00:37, 18.86it/s]Loading weights:  13%|█▎        | 92/729 [00:04<00:23, 26.82it/s]Loading weights:   4%|▍         | 28/729 [00:01<00:23, 29.57it/s]Loading weights:   4%|▍         | 28/729 [00:01<00:28, 24.47it/s]Loading weights:  14%|█▎        | 100/729 [00:04<00:20, 31.38it/s]Loading weights:   4%|▍         | 28/729 [00:01<00:33, 20.80it/s]Loading weights:   5%|▍         | 33/729 [00:02<00:25, 27.41it/s]Loading weights:   4%|▍         | 31/729 [00:02<00:27, 25.12it/s]Loading weights:   5%|▌         | 40/729 [00:02<00:21, 31.60it/s]Loading weights:   5%|▌         | 40/729 [00:02<00:22, 30.77it/s]Loading weights:   5%|▌         | 40/729 [00:02<00:20, 33.49it/s]Loading weights:  14%|█▍        | 104/729 [00:05<00:27, 22.59it/s]Loading weights:  15%|█▍        | 108/729 [00:05<00:25, 24.77it/s]Loading weights:   6%|▌         | 44/729 [00:02<00:27, 24.47it/s]Loading weights:   6%|▌         | 44/729 [00:02<00:27, 25.17it/s]Loading weights:   6%|▌         | 44/729 [00:02<00:27, 25.05it/s]Loading weights:   7%|▋         | 52/729 [00:02<00:22, 30.11it/s]Loading weights:  15%|█▌        | 112/729 [00:05<00:30, 19.94it/s]Loading weights:   7%|▋         | 52/729 [00:02<00:27, 25.02it/s]Loading weights:   7%|▋         | 52/729 [00:02<00:27, 24.44it/s]Loading weights:   8%|▊         | 55/729 [00:02<00:27, 24.29it/s]Loading weights:   8%|▊         | 56/729 [00:02<00:27, 24.81it/s]Loading weights:  16%|█▌        | 115/729 [00:05<00:34, 17.56it/s]Loading weights:   8%|▊         | 55/729 [00:02<00:29, 23.15it/s]Loading weights:  16%|█▋        | 119/729 [00:05<00:32, 18.56it/s]Loading weights:   9%|▉         | 64/729 [00:03<00:22, 29.81it/s]Loading weights:   9%|▉         | 64/729 [00:03<00:27, 23.97it/s]Loading weights:   9%|▉         | 64/729 [00:03<00:32, 20.67it/s]Loading weights:   9%|▉         | 67/729 [00:03<00:27, 24.13it/s]Loading weights:   9%|▉         | 68/729 [00:03<00:26, 24.82it/s]Loading weights:  17%|█▋        | 124/729 [00:06<00:36, 16.66it/s]Loading weights:  10%|█         | 76/729 [00:03<00:22, 29.29it/s]Loading weights:  10%|█         | 76/729 [00:03<00:22, 28.74it/s]Loading weights:  10%|█         | 76/729 [00:03<00:22, 29.38it/s]Loading weights:  11%|█         | 80/729 [00:03<00:26, 24.42it/s]Loading weights:  11%|█         | 80/729 [00:03<00:27, 23.95it/s]Loading weights:  11%|█         | 80/729 [00:03<00:27, 23.40it/s]Loading weights:  17%|█▋        | 126/729 [00:06<00:50, 11.99it/s]Loading weights:  12%|█▏        | 88/729 [00:04<00:21, 30.36it/s]Loading weights:  12%|█▏        | 88/729 [00:04<00:22, 28.36it/s]Loading weights:  12%|█▏        | 88/729 [00:04<00:24, 25.83it/s]Loading weights:  19%|█▊        | 136/729 [00:07<00:32, 18.21it/s]Loading weights:  13%|█▎        | 92/729 [00:04<00:23, 27.65it/s]Loading weights:  12%|█▏        | 91/729 [00:04<00:24, 25.87it/s]Loading weights:  13%|█▎        | 92/729 [00:04<00:25, 24.89it/s]Loading weights:  14%|█▎        | 100/729 [00:04<00:18, 34.41it/s]Loading weights:  14%|█▎        | 100/729 [00:04<00:19, 32.82it/s]Loading weights:  19%|█▉        | 139/729 [00:07<00:37, 15.68it/s]Loading weights:  14%|█▎        | 99/729 [00:04<00:23, 26.77it/s]Loading weights:  14%|█▍        | 104/729 [00:04<00:22, 27.45it/s]Loading weights:  14%|█▍        | 104/729 [00:04<00:23, 27.15it/s]Loading weights:  20%|██        | 147/729 [00:07<00:28, 20.60it/s]Loading weights:  15%|█▌        | 112/729 [00:04<00:18, 33.93it/s]Loading weights:  14%|█▍        | 102/729 [00:04<00:27, 22.60it/s]Loading weights:  15%|█▌        | 112/729 [00:04<00:18, 32.63it/s]Loading weights:  21%|██        | 150/729 [00:07<00:30, 18.74it/s]Loading weights:  15%|█▌        | 112/729 [00:04<00:22, 27.75it/s]Loading weights:  16%|█▌        | 116/729 [00:05<00:21, 28.58it/s]Loading weights:  16%|█▌        | 115/729 [00:05<00:22, 27.56it/s]Loading weights:  17%|█▋        | 124/729 [00:05<00:17, 35.45it/s]Loading weights:  16%|█▌        | 116/729 [00:05<00:21, 28.19it/s]Loading weights:  22%|██▏       | 160/729 [00:07<00:21, 26.98it/s]Loading weights:  17%|█▋        | 124/729 [00:05<00:18, 33.38it/s]Loading weights:  18%|█▊        | 129/729 [00:05<00:18, 32.02it/s]Loading weights:  17%|█▋        | 124/729 [00:05<00:20, 30.05it/s]Loading weights:  22%|██▏       | 164/729 [00:08<00:24, 23.44it/s]Loading weights:  18%|█▊        | 128/729 [00:05<00:19, 31.18it/s]Loading weights:  19%|█▊        | 136/729 [00:05<00:16, 35.50it/s]Loading weights:  18%|█▊        | 128/729 [00:05<00:20, 28.71it/s]Loading weights:  19%|█▊        | 136/729 [00:05<00:16, 36.39it/s]Loading weights:  24%|██▎       | 172/729 [00:08<00:21, 26.33it/s]Loading weights:  19%|█▊        | 135/729 [00:05<00:18, 32.69it/s]Loading weights:  19%|█▉        | 140/729 [00:05<00:21, 27.73it/s]Loading weights:  19%|█▉        | 140/729 [00:05<00:19, 30.47it/s]Loading weights:  19%|█▉        | 139/729 [00:05<00:21, 27.96it/s]Loading weights:  20%|██        | 148/729 [00:05<00:17, 33.95it/s]Loading weights:  24%|██▍       | 175/729 [00:08<00:25, 21.33it/s]Loading weights:  20%|██        | 148/729 [00:05<00:15, 38.23it/s]Loading weights:  20%|██        | 148/729 [00:06<00:17, 33.76it/s]Loading weights:  21%|██        | 152/729 [00:06<00:22, 26.20it/s]Loading weights:  25%|██▌       | 184/729 [00:09<00:21, 24.85it/s]Loading weights:  21%|██        | 153/729 [00:06<00:19, 29.20it/s]Loading weights:  22%|██▏       | 160/729 [00:06<00:18, 30.20it/s]Loading weights:  21%|██        | 152/729 [00:06<00:23, 25.07it/s]Loading weights:  22%|██▏       | 160/729 [00:06<00:17, 32.29it/s]Loading weights:  22%|██▏       | 160/729 [00:06<00:18, 30.10it/s]Loading weights:  26%|██▌       | 187/729 [00:09<00:29, 18.28it/s]Loading weights:  22%|██▏       | 164/729 [00:06<00:23, 23.60it/s]Loading weights:  26%|██▋       | 192/729 [00:09<00:24, 21.88it/s]Loading weights:  22%|██▏       | 164/729 [00:06<00:22, 24.73it/s]Loading weights:  27%|██▋       | 196/729 [00:09<00:24, 21.77it/s]Loading weights:  22%|██▏       | 164/729 [00:06<00:23, 23.60it/s]Loading weights:  24%|██▎       | 172/729 [00:07<00:23, 23.91it/s]Loading weights:  24%|██▎       | 172/729 [00:07<00:23, 23.80it/s]Loading weights:  23%|██▎       | 171/729 [00:07<00:20, 26.82it/s]Loading weights:  24%|██▍       | 175/729 [00:07<00:23, 23.77it/s]Loading weights:  24%|██▍       | 175/729 [00:07<00:23, 23.15it/s]Loading weights:  27%|██▋       | 199/729 [00:10<00:34, 15.44it/s]Loading weights:  25%|██▌       | 184/729 [00:07<00:18, 29.26it/s]Loading weights:  24%|██▍       | 175/729 [00:07<00:25, 21.90it/s]Loading weights:  28%|██▊       | 204/729 [00:10<00:26, 19.78it/s]Loading weights:  29%|██▊       | 208/729 [00:10<00:25, 20.59it/s]Loading weights:  25%|██▌       | 184/729 [00:07<00:22, 23.91it/s]Loading weights:  25%|██▌       | 184/729 [00:07<00:20, 27.07it/s]Loading weights:  26%|██▌       | 188/729 [00:07<00:22, 23.71it/s]Loading weights:  26%|██▌       | 187/729 [00:07<00:23, 23.10it/s]Loading weights:  27%|██▋       | 196/729 [00:07<00:18, 28.07it/s]Loading weights:  26%|██▌       | 187/729 [00:07<00:25, 20.97it/s]Loading weights:  29%|██▉       | 211/729 [00:10<00:34, 14.96it/s]Loading weights:  27%|██▋       | 196/729 [00:08<00:19, 27.48it/s]Loading weights:  27%|██▋       | 196/729 [00:08<00:22, 23.52it/s]Loading weights:  27%|██▋       | 200/729 [00:08<00:22, 23.17it/s]Loading weights:  27%|██▋       | 199/729 [00:08<00:23, 22.69it/s]Loading weights:  29%|██▊       | 208/729 [00:08<00:19, 26.77it/s]Loading weights:  27%|██▋       | 200/729 [00:08<00:23, 22.07it/s]Loading weights:  30%|███       | 220/729 [00:11<00:30, 16.49it/s]Loading weights:  29%|██▊       | 208/729 [00:08<00:18, 28.71it/s]Loading weights:  29%|██▊       | 208/729 [00:08<00:19, 26.51it/s]Loading weights:  31%|███       | 223/729 [00:11<00:30, 16.49it/s]Loading weights:  29%|██▉       | 211/729 [00:08<00:24, 20.87it/s]Loading weights:  29%|██▉       | 211/729 [00:08<00:22, 22.63it/s]Loading weights:  30%|███       | 220/729 [00:08<00:17, 29.03it/s]Loading weights:  29%|██▉       | 212/729 [00:08<00:22, 23.29it/s]Loading weights:  30%|███       | 219/729 [00:08<00:17, 29.59it/s]Loading weights:  32%|███▏      | 232/729 [00:11<00:24, 20.29it/s]Loading weights:  31%|███       | 224/729 [00:09<00:20, 24.70it/s]Loading weights:  31%|███       | 223/729 [00:09<00:21, 23.90it/s]Loading weights:  30%|███       | 220/729 [00:09<00:20, 24.33it/s]Loading weights:  32%|███▏      | 235/729 [00:12<00:28, 17.13it/s]Loading weights:  31%|███       | 223/729 [00:09<00:20, 24.90it/s]Loading weights:  32%|███▏      | 232/729 [00:09<00:15, 31.40it/s]Loading weights:  32%|███▏      | 232/729 [00:09<00:19, 26.08it/s]Loading weights:  33%|███▎      | 240/729 [00:12<00:23, 20.52it/s]Loading weights:  32%|███▏      | 232/729 [00:09<00:14, 33.90it/s]Loading weights:  32%|███▏      | 235/729 [00:09<00:19, 25.94it/s]Loading weights:  33%|███▎      | 244/729 [00:12<00:21, 22.52it/s]Loading weights:  32%|███▏      | 236/729 [00:09<00:17, 27.64it/s]Loading weights:  33%|███▎      | 244/729 [00:09<00:13, 35.06it/s]Loading weights:  32%|███▏      | 236/729 [00:09<00:17, 28.54it/s]Loading weights:  33%|███▎      | 244/729 [00:09<00:14, 33.61it/s]Loading weights:  33%|███▎      | 244/729 [00:09<00:14, 33.09it/s]Loading weights:  34%|███▍      | 247/729 [00:12<00:27, 17.51it/s]Loading weights:  35%|███▍      | 254/729 [00:12<00:18, 25.36it/s]Loading weights:  34%|███▍      | 249/729 [00:09<00:19, 25.26it/s]Loading weights:  34%|███▍      | 248/729 [00:09<00:18, 25.58it/s]Loading weights:  34%|███▍      | 248/729 [00:10<00:19, 24.66it/s]Loading weights:  35%|███▌      | 256/729 [00:10<00:17, 27.43it/s]Loading weights:  35%|███▌      | 256/729 [00:10<00:20, 22.72it/s]Loading weights:  35%|███▌      | 258/729 [00:13<00:30, 15.65it/s]Loading weights:  36%|███▌      | 260/729 [00:10<00:21, 21.86it/s]Loading weights:  35%|███▌      | 256/729 [00:10<00:19, 23.75it/s]Loading weights:  36%|███▌      | 259/729 [00:10<00:21, 22.18it/s]Loading weights:  36%|███▌      | 259/729 [00:10<00:20, 23.01it/s]Loading weights:  37%|███▋      | 268/729 [00:10<00:18, 24.53it/s]Loading weights:  37%|███▋      | 268/729 [00:13<00:21, 21.70it/s]Loading weights:  37%|███▋      | 268/729 [00:10<00:16, 27.78it/s]Loading weights:  37%|███▋      | 272/729 [00:11<00:20, 22.34it/s]Loading weights:  37%|███▋      | 271/729 [00:11<00:23, 19.17it/s]Loading weights:  37%|███▋      | 272/729 [00:13<00:24, 18.66it/s]Loading weights:  37%|███▋      | 268/729 [00:11<00:20, 22.00it/s]Loading weights:  37%|███▋      | 271/729 [00:11<00:20, 21.99it/s]Loading weights:  38%|███▊      | 280/729 [00:11<00:15, 28.28it/s]Loading weights:  38%|███▊      | 280/729 [00:11<00:19, 22.99it/s]Loading weights:  38%|███▊      | 280/729 [00:14<00:21, 20.42it/s]Loading weights:  38%|███▊      | 280/729 [00:11<00:20, 21.84it/s]Loading weights:  39%|███▉      | 283/729 [00:14<00:30, 14.71it/s]Loading weights:  39%|███▉      | 284/729 [00:11<00:23, 18.75it/s]Loading weights:  39%|███▉      | 283/729 [00:11<00:29, 15.38it/s]Loading weights:  39%|███▉      | 283/729 [00:11<00:28, 15.80it/s]Loading weights:  40%|███▉      | 288/729 [00:14<00:23, 18.40it/s]Loading weights:  40%|███▉      | 288/729 [00:11<00:22, 19.58it/s]Loading weights:  40%|███▉      | 288/729 [00:11<00:20, 21.25it/s]Loading weights:  39%|███▉      | 287/729 [00:11<00:24, 17.96it/s]Loading weights:  40%|████      | 292/729 [00:12<00:21, 20.37it/s]Loading weights:  40%|████      | 292/729 [00:12<00:22, 19.14it/s]Loading weights:  40%|████      | 292/729 [00:15<00:23, 18.27it/s]Loading weights:  40%|███▉      | 291/729 [00:12<00:32, 13.47it/s]Loading weights:  40%|████      | 295/729 [00:12<00:28, 15.42it/s]Loading weights:  40%|████      | 295/729 [00:15<00:29, 14.95it/s]Loading weights:  40%|████      | 295/729 [00:12<00:27, 16.01it/s]Loading weights:  40%|████      | 294/729 [00:12<00:29, 14.79it/s]Loading weights:  42%|████▏     | 304/729 [00:12<00:18, 23.40it/s]Loading weights:  42%|████▏     | 304/729 [00:12<00:19, 21.27it/s]Loading weights:  42%|████▏     | 304/729 [00:15<00:20, 20.25it/s]Loading weights:  42%|████▏     | 304/729 [00:13<00:25, 16.47it/s]Loading weights:  42%|████▏     | 308/729 [00:13<00:21, 19.48it/s]Loading weights:  42%|████▏     | 307/729 [00:15<00:25, 16.62it/s]Loading weights:  42%|████▏     | 307/729 [00:13<00:24, 17.17it/s]Loading weights:  42%|████▏     | 306/729 [00:13<00:25, 16.33it/s]Loading weights:  43%|████▎     | 316/729 [00:13<00:18, 22.44it/s]Loading weights:  43%|████▎     | 316/729 [00:13<00:20, 19.90it/s]Loading weights:  43%|████▎     | 316/729 [00:16<00:22, 18.35it/s]Loading weights:  43%|████▎     | 316/729 [00:13<00:22, 18.71it/s]Loading weights:  44%|████▍     | 319/729 [00:13<00:22, 17.99it/s]Loading weights:  44%|████▍     | 319/729 [00:13<00:21, 19.45it/s]Loading weights:  44%|████▍     | 319/729 [00:16<00:22, 18.20it/s]Loading weights:  44%|████▍     | 319/729 [00:13<00:22, 18.50it/s]Loading weights:  45%|████▍     | 328/729 [00:16<00:17, 23.50it/s]Loading weights:  45%|████▍     | 328/729 [00:13<00:16, 23.79it/s]Loading weights:  45%|████▍     | 328/729 [00:13<00:17, 23.29it/s]Loading weights:  45%|████▍     | 328/729 [00:13<00:16, 24.57it/s]Loading weights:  45%|████▌     | 331/729 [00:14<00:27, 14.36it/s]Loading weights:  45%|████▌     | 331/729 [00:14<00:27, 14.51it/s]Loading weights:  45%|████▌     | 331/729 [00:17<00:27, 14.41it/s]Loading weights:  45%|████▌     | 331/729 [00:14<00:26, 14.76it/s]Loading weights:  46%|████▌     | 336/729 [00:17<00:22, 17.70it/s]Loading weights:  46%|████▌     | 335/729 [00:14<00:23, 16.75it/s]Loading weights:  46%|████▌     | 336/729 [00:14<00:21, 18.04it/s]Loading weights:  46%|████▌     | 335/729 [00:14<00:23, 16.55it/s]Loading weights:  48%|████▊     | 353/729 [00:14<00:10, 36.97it/s]Loading weights:  49%|████▉     | 357/729 [00:14<00:08, 42.35it/s]Loading weights:  49%|████▉     | 357/729 [00:17<00:08, 41.54it/s]Loading weights:  49%|████▊     | 355/729 [00:14<00:09, 38.85it/s]Loading weights:  51%|█████     | 369/729 [00:17<00:06, 51.61it/s]Loading weights:  51%|█████     | 369/729 [00:14<00:06, 53.47it/s]Loading weights:  51%|█████     | 369/729 [00:14<00:06, 53.38it/s]Loading weights:  50%|█████     | 368/729 [00:14<00:07, 50.90it/s]Loading weights:  52%|█████▏    | 379/729 [00:15<00:05, 58.91it/s]Loading weights:  52%|█████▏    | 379/729 [00:15<00:05, 58.63it/s]Loading weights:  52%|█████▏    | 379/729 [00:15<00:05, 58.88it/s]Loading weights:  52%|█████▏    | 379/729 [00:17<00:06, 55.84it/s]Loading weights:  54%|█████▎    | 391/729 [00:15<00:04, 68.78it/s]Loading weights:  54%|█████▍    | 395/729 [00:15<00:04, 75.78it/s]Loading weights:  54%|█████▍    | 395/729 [00:15<00:04, 75.12it/s]Loading weights:  54%|█████▍    | 397/729 [00:17<00:04, 76.90it/s]Loading weights:  56%|█████▌    | 409/729 [00:15<00:03, 92.20it/s]Loading weights:  56%|█████▌    | 407/729 [00:15<00:03, 83.71it/s]Loading weights:  57%|█████▋    | 415/729 [00:18<00:03, 96.74it/s]Loading weights:  57%|█████▋    | 415/729 [00:15<00:03, 96.43it/s]Loading weights:  58%|█████▊    | 421/729 [00:15<00:03, 97.60it/s]Loading weights:  58%|█████▊    | 425/729 [00:15<00:02, 104.42it/s]Loading weights:  59%|█████▊    | 427/729 [00:15<00:03, 99.55it/s]Loading weights:  59%|█████▊    | 428/729 [00:18<00:03, 99.86it/s]Loading weights:  60%|██████    | 439/729 [00:15<00:02, 106.80it/s]Loading weights:  60%|█████▉    | 437/729 [00:15<00:02, 103.23it/s]Loading weights:  60%|██████    | 441/729 [00:18<00:02, 99.98it/s]Loading weights:  60%|██████    | 440/729 [00:15<00:02, 98.70it/s]Loading weights:  62%|██████▏   | 449/729 [00:15<00:02, 104.06it/s]Loading weights:  62%|██████▏   | 452/729 [00:15<00:02, 105.45it/s]Loading weights:  62%|██████▏   | 454/729 [00:15<00:02, 106.65it/s]Loading weights:  62%|██████▏   | 455/729 [00:18<00:02, 107.29it/s]Loading weights:  64%|██████▍   | 467/729 [00:15<00:02, 122.44it/s]Loading weights:  64%|██████▍   | 468/729 [00:15<00:02, 116.44it/s]Loading weights:  65%|██████▍   | 473/729 [00:18<00:02, 125.15it/s]Loading weights:  65%|██████▍   | 473/729 [00:15<00:02, 126.62it/s]Loading weights:  67%|██████▋   | 487/729 [00:15<00:01, 138.64it/s]Loading weights:  67%|██████▋   | 489/729 [00:18<00:01, 133.39it/s]Loading weights:  67%|██████▋   | 489/729 [00:15<00:01, 136.74it/s]Loading weights:  67%|██████▋   | 489/729 [00:15<00:01, 133.41it/s]Loading weights:  69%|██████▉   | 502/729 [00:15<00:01, 140.64it/s]Loading weights:  69%|██████▉   | 505/729 [00:18<00:01, 140.29it/s]Loading weights:  69%|██████▉   | 505/729 [00:15<00:01, 142.53it/s]Loading weights:  70%|██████▉   | 509/729 [00:15<00:01, 150.09it/s]Loading weights:  72%|███████▏  | 523/729 [00:16<00:01, 157.59it/s]Loading weights:  72%|███████▏  | 525/729 [00:18<00:01, 154.99it/s]Loading weights:  72%|███████▏  | 525/729 [00:16<00:01, 156.14it/s]Loading weights:  72%|███████▏  | 525/729 [00:16<00:01, 151.07it/s]Loading weights:  74%|███████▍  | 541/729 [00:16<00:01, 157.41it/s]Loading weights:  75%|███████▍  | 545/729 [00:16<00:01, 165.98it/s]Loading weights:  75%|███████▍  | 545/729 [00:18<00:01, 164.76it/s]Loading weights:  74%|███████▍  | 543/729 [00:16<00:01, 158.51it/s]Loading weights:  77%|███████▋  | 558/729 [00:16<00:01, 160.63it/s]Loading weights:  77%|███████▋  | 561/729 [00:16<00:01, 164.31it/s]Loading weights:  77%|███████▋  | 562/729 [00:16<00:01, 166.06it/s]Loading weights:  77%|███████▋  | 562/729 [00:19<00:01, 163.59it/s]Loading weights:  79%|███████▉  | 575/729 [00:16<00:01, 133.90it/s]Loading weights:  79%|███████▉  | 578/729 [00:16<00:01, 126.95it/s]Loading weights:  79%|███████▉  | 579/729 [00:16<00:01, 128.38it/s]Loading weights:  79%|███████▉  | 579/729 [00:19<00:01, 128.18it/s]Loading weights:  81%|████████  | 590/729 [00:16<00:01, 114.13it/s]Loading weights:  81%|████████▏ | 593/729 [00:16<00:01, 115.24it/s]Loading weights:  81%|████████▏ | 594/729 [00:19<00:01, 116.12it/s]Loading weights:  81%|████████▏ | 594/729 [00:16<00:01, 116.16it/s]Loading weights:  83%|████████▎ | 605/729 [00:16<00:01, 121.07it/s]Loading weights:  83%|████████▎ | 607/729 [00:19<00:01, 115.85it/s]Loading weights:  83%|████████▎ | 607/729 [00:16<00:01, 115.98it/s]Loading weights:  83%|████████▎ | 606/729 [00:16<00:01, 111.76it/s]Loading weights:  85%|████████▍ | 619/729 [00:16<00:00, 116.95it/s]Loading weights:  85%|████████▌ | 620/729 [00:19<00:00, 116.86it/s]Loading weights:  85%|████████▌ | 620/729 [00:16<00:00, 116.91it/s]Loading weights:  85%|████████▌ | 621/729 [00:16<00:00, 113.19it/s]Loading weights:  87%|████████▋ | 632/729 [00:17<00:00, 106.42it/s]Loading weights:  87%|████████▋ | 633/729 [00:17<00:00, 103.14it/s]Loading weights:  87%|████████▋ | 633/729 [00:17<00:00, 106.48it/s]Loading weights:  87%|████████▋ | 633/729 [00:19<00:00, 102.85it/s]Loading weights:  88%|████████▊ | 644/729 [00:17<00:00, 106.78it/s]Loading weights:  89%|████████▉ | 649/729 [00:17<00:00, 115.98it/s]Loading weights:  89%|████████▉ | 649/729 [00:19<00:00, 113.16it/s]Loading weights:  89%|████████▉ | 648/729 [00:17<00:00, 110.78it/s]Loading weights:  90%|█████████ | 659/729 [00:17<00:00, 110.54it/s]Loading weights:  91%|█████████ | 660/729 [00:17<00:00, 110.27it/s]Loading weights:  91%|█████████ | 661/729 [00:17<00:00, 110.10it/s]Loading weights:  91%|█████████ | 661/729 [00:20<00:00, 108.14it/s]Loading weights:  92%|█████████▏| 672/729 [00:17<00:00, 112.27it/s]Loading weights:  92%|█████████▏| 673/729 [00:17<00:00, 117.28it/s]Loading weights:  93%|█████████▎| 677/729 [00:17<00:00, 122.69it/s]Loading weights:  93%|█████████▎| 679/729 [00:20<00:00, 118.42it/s]Loading weights:  94%|█████████▍| 684/729 [00:17<00:00, 110.27it/s]Loading weights:  94%|█████████▍| 686/729 [00:17<00:00, 116.40it/s]Loading weights:  95%|█████████▍| 690/729 [00:17<00:00, 120.63it/s]Loading weights:  95%|█████████▍| 692/729 [00:20<00:00, 114.57it/s]Loading weights:  95%|█████████▌| 696/729 [00:17<00:00, 111.40it/s]Loading weights:  96%|█████████▌| 698/729 [00:17<00:00, 106.45it/s]Loading weights:  96%|█████████▋| 703/729 [00:17<00:00, 108.46it/s]Loading weights:  97%|█████████▋| 704/729 [00:20<00:00, 112.14it/s]Loading weights:  97%|█████████▋| 708/729 [00:17<00:00, 110.87it/s]Loading weights:  97%|█████████▋| 709/729 [00:17<00:00, 103.91it/s]Loading weights:  98%|█████████▊| 716/729 [00:20<00:00, 111.74it/s]Loading weights:  98%|█████████▊| 716/729 [00:17<00:00, 111.20it/s]Loading weights:  99%|█████████▉| 721/729 [00:17<00:00, 111.78it/s]Loading weights: 100%|█████████▉| 726/729 [00:17<00:00, 85.19it/s] Loading weights: 100%|██████████| 729/729 [00:18<00:00, 40.39it/s] Loading weights: 100%|██████████| 729/729 [00:18<00:00, 40.39it/s]Loading weights: 100%|█████████▉| 728/729 [00:20<00:00, 71.61it/s] 

Loading weights: 100%|██████████| 729/729 [00:20<00:00, 34.94it/s]
Loading weights: 100%|█████████▉| 728/729 [00:18<00:00, 71.61it/s] Loading weights: 100%|██████████| 729/729 [00:18<00:00, 40.38it/s]
[transformers] The tokenizer has new PAD/BOS/EOS tokens that differ from the model config and generation config. The model config and generation config were aligned accordingly, being updated with the tokenizer's values. Updated tokens: {'eos_token_id': 151645, 'bos_token_id': None, 'pad_token_id': 151643}.
[transformers] The tokenizer has new PAD/BOS/EOS tokens that differ from the model config and generation config. The model config and generation config were aligned accordingly, being updated with the tokenizer's values. Updated tokens: {'eos_token_id': 151645, 'bos_token_id': None, 'pad_token_id': 151643}.
[INFO|configuration_utils.py:1039] 2026-08-25 17:22:45,656 >> loading configuration file generation_config.json from cache at /project/aip-wangcs/indrisch/huggingface/hub/models--Qwen--Qwen2.5-VL-7B-Instruct/snapshots/cc594898137f460bfe9f0759e9844b3ce807cfb5/generation_config.json
[INFO|configuration_utils.py:1086] 2026-08-25 17:22:45,657 >> Generate config GenerationConfig {
  "bos_token_id": 151643,
  "do_sample": true,
  "eos_token_id": [
    151645,
    151643
  ],
  "pad_token_id": 151643,
  "repetition_penalty": 1.05,
  "temperature": 1e-06
}

[INFO|dynamic_module_utils.py:441] 2026-08-25 17:22:45,658 >> Could not locate the custom_generate/generate.py inside Qwen/Qwen2.5-VL-7B-Instruct.
[INFO|2026-08-25 17:22:45] llamafactory.model.model_utils.checkpointing:144 >> Gradient checkpointing enabled.
[INFO|2026-08-25 17:22:45] llamafactory.model.model_utils.checkpointing:144 >> Frozen layers that still receive tensors requiring grad (e.g. VLM vision towers) are checkpointed to avoid storing full activations.
[INFO|2026-08-25 17:22:45] llamafactory.model.model_utils.attention:144 >> Resolved attention implementation in config: flash_attention_2
[INFO|2026-08-25 17:22:45] llamafactory.model.model_utils.attention:144 >> Using FlashAttention-2 for faster training and inference.
[INFO|2026-08-25 17:22:45] llamafactory.model.adapter:144 >> Upcasting trainable params to float32.
[INFO|2026-08-25 17:22:45] llamafactory.model.adapter:144 >> Fine-tuning method: LoRA
[INFO|2026-08-25 17:22:45] llamafactory.model.model_utils.misc:144 >> Found linear modules: o_proj,down_proj,q_proj,v_proj,up_proj,gate_proj,k_proj
[INFO|2026-08-25 17:22:45] llamafactory.model.model_utils.visual:144 >> Set vision model not trainable: ['visual.patch_embed', 'visual.blocks'].
[INFO|2026-08-25 17:22:45] llamafactory.model.model_utils.visual:144 >> Set multi model projector not trainable: ['visual.merger'].
[INFO|2026-08-25 17:22:45] llamafactory.model.loader:144 >> trainable params: 20,185,088 || all params: 8,312,351,744 || trainable%: 0.2428
name: base_model.model.model.visual.patch_embed.proj.weight, dtype: torch.bfloat16, device: cuda:0, trainable: False
name: base_model.model.model.visual.blocks.0.norm1.weight, dtype: torch.bfloat16, device: cuda:0, trainable: False
name: base_model.model.model.visual.blocks.0.norm2.weight, dtype: torch.bfloat16, device: cuda:0, trainable: False
name: base_model.model.model.visual.blocks.0.attn.qkv.weight, dtype: torch.bfloat16, device: cuda:0, trainable: False
name: base_model.model.model.visual.blocks.0.attn.qkv.bias, dtype: torch.bfloat16, device: cuda:0, trainable: False
name: base_model.model.model.visual.blocks.0.attn.proj.weight, dtype: torch.bfloat16, device: cuda:0, trainable: False
name: base_model.model.model.visual.blocks.0.attn.proj.bias, dtype: torch.bfloat16, device: cuda:0, trainable: False
name: base_model.model.model.visual.blocks.0.mlp.gate_proj.weight, dtype: torch.bfloat16, device: cuda:0, trainable: False
name: base_model.model.model.visual.blocks.0.mlp.gate_proj.bias, dtype: torch.bfloat16, device: cuda:0, trainable: False
name: base_model.model.model.visual.blocks.0.mlp.up_proj.weight, dtype: torch.bfloat16, device: cuda:0, trainable: False
name: base_model.model.model.visual.blocks.0.mlp.up_proj.bias, dtype: torch.bfloat16, device: cuda:0, trainable: False
name: base_model.model.model.visual.blocks.0.mlp.down_proj.weight, dtype: torch.bfloat16, device: cuda:0, trainable: False
name: base_model.model.model.visual.blocks.0.mlp.down_proj.bias, dtype: torch.bfloat16, device: cuda:0, trainable: False
name: base_model.model.model.visual.blocks.1.norm1.weight, dtype: torch.bfloat16, device: cuda:0, trainable: False
name: base_model.model.model.visual.blocks.1.norm2.weight, dtype: torch.bfloat16, device: cuda:0, trainable: False
name: base_model.model.model.visual.blocks.1.attn.qkv.weight, dtype: torch.bfloat16, device: cuda:0, trainable: False
name: base_model.model.model.visual.blocks.1.attn.qkv.bias, dtype: torch.bfloat16, device: cuda:0, trainable: False
name: base_model.model.model.visual.blocks.1.attn.proj.weight, dtype: torch.bfloat16, device: cuda:0, trainable: False
name: base_model.model.model.visual.blocks.1.attn.proj.bias, dtype: torch.bfloat16, device: cuda:0, trainable: False
name: base_model.model.model.visual.blocks.1.mlp.gate_proj.weight, dtype: torch.bfloat16, device: cuda:0, trainable: False
name: base_model.model.model.visual.blocks.1.mlp.gate_proj.bias, dtype: torch.bfloat16, device: cuda:0, trainable: False
name: base_model.model.model.visual.blocks.1.mlp.up_proj.weight, dtype: torch.bfloat16, device: cuda:0, trainable: False
name: base_model.model.model.visual.blocks.1.mlp.up_proj.bias, dtype: torch.bfloat16, device: cuda:0, trainable: False
name: base_model.model.model.visual.blocks.1.mlp.down_proj.weight, dtype: torch.bfloat16, device: cuda:0, trainable: False
name: base_model.model.model.visual.blocks.1.mlp.down_proj.bias, dtype: torch.bfloat16, device: cuda:0, trainable: False
name: base_model.model.model.visual.blocks.2.norm1.weight, dtype: torch.bfloat16, device: cuda:0, trainable: False
name: base_model.model.model.visual.blocks.2.norm2.weight, dtype: torch.bfloat16, device: cuda:0, trainable: False
name: base_model.model.model.visual.blocks.2.attn.qkv.weight, dtype: torch.bfloat16, device: cuda:0, trainable: False
name: base_model.model.model.visual.blocks.2.attn.qkv.bias, dtype: torch.bfloat16, device: cuda:0, trainable: False
name: base_model.model.model.visual.blocks.2.attn.proj.weight, dtype: torch.bfloat16, device: cuda:0, trainable: False
name: base_model.model.model.visual.blocks.2.attn.proj.bias, dtype: torch.bfloat16, device: cuda:0, trainable: False
name: base_model.model.model.visual.blocks.2.mlp.gate_proj.weight, dtype: torch.bfloat16, device: cuda:0, trainable: False
name: base_model.model.model.visual.blocks.2.mlp.gate_proj.bias, dtype: torch.bfloat16, device: cuda:0, trainable: False
name: base_model.model.model.visual.blocks.2.mlp.up_proj.weight, dtype: torch.bfloat16, device: cuda:0, trainable: False
name: base_model.model.model.visual.blocks.2.mlp.up_proj.bias, dtype: torch.bfloat16, device: cuda:0, trainable: False
name: base_model.model.model.visual.blocks.2.mlp.down_proj.weight, dtype: torch.bfloat16, device: cuda:0, trainable: False
name: base_model.model.model.visual.blocks.2.mlp.down_proj.bias, dtype: torch.bfloat16, device: cuda:0, trainable: False
name: base_model.model.model.visual.blocks.3.norm1.weight, dtype: torch.bfloat16, device: cuda:0, trainable: False
name: base_model.model.model.visual.blocks.3.norm2.weight, dtype: torch.bfloat16, device: cuda:0, trainable: False
name: base_model.model.model.visual.blocks.3.attn.qkv.weight, dtype: torch.bfloat16, device: cuda:0, trainable: False
name: base_model.model.model.visual.blocks.3.attn.qkv.bias, dtype: torch.bfloat16, device: cuda:0, trainable: False
name: base_model.model.model.visual.blocks.3.attn.proj.weight, dtype: torch.bfloat16, device: cuda:0, trainable: False
name: base_model.model.model.visual.blocks.3.attn.proj.bias, dtype: torch.bfloat16, device: cuda:0, trainable: False
name: base_model.model.model.visual.blocks.3.mlp.gate_proj.weight, dtype: torch.bfloat16, device: cuda:0, trainable: False
name: base_model.model.model.visual.blocks.3.mlp.gate_proj.bias, dtype: torch.bfloat16, device: cuda:0, trainable: False
name: base_model.model.model.visual.blocks.3.mlp.up_proj.weight, dtype: torch.bfloat16, device: cuda:0, trainable: False
name: base_model.model.model.visual.blocks.3.mlp.up_proj.bias, dtype: torch.bfloat16, device: cuda:0, trainable: False
name: base_model.model.model.visual.blocks.3.mlp.down_proj.weight, dtype: torch.bfloat16, device: cuda:0, trainable: False
name: base_model.model.model.visual.blocks.3.mlp.down_proj.bias, dtype: torch.bfloat16, device: cuda:0, trainable: False
name: base_model.model.model.visual.blocks.4.norm1.weight, dtype: torch.bfloat16, device: cuda:0, trainable: False
name: base_model.model.model.visual.blocks.4.norm2.weight, dtype: torch.bfloat16, device: cuda:0, trainable: False
name: base_model.model.model.visual.blocks.4.attn.qkv.weight, dtype: torch.bfloat16, device: cuda:0, trainable: False
name: base_model.model.model.visual.blocks.4.attn.qkv.bias, dtype: torch.bfloat16, device: cuda:0, trainable: False
name: base_model.model.model.visual.blocks.4.attn.proj.weight, dtype: torch.bfloat16, device: cuda:0, trainable: False
name: base_model.model.model.visual.blocks.4.attn.proj.bias, dtype: torch.bfloat16, device: cuda:0, trainable: False
name: base_model.model.model.visual.blocks.4.mlp.gate_proj.weight, dtype: torch.bfloat16, device: cuda:0, trainable: False
name: base_model.model.model.visual.blocks.4.mlp.gate_proj.bias, dtype: torch.bfloat16, device: cuda:0, trainable: False
name: base_model.model.model.visual.blocks.4.mlp.up_proj.weight, dtype: torch.bfloat16, device: cuda:0, trainable: False
name: base_model.model.model.visual.blocks.4.mlp.up_proj.bias, dtype: torch.bfloat16, device: cuda:0, trainable: False
name: base_model.model.model.visual.blocks.4.mlp.down_proj.weight, dtype: torch.bfloat16, device: cuda:0, trainable: False
name: base_model.model.model.visual.blocks.4.mlp.down_proj.bias, dtype: torch.bfloat16, device: cuda:0, trainable: False
name: base_model.model.model.visual.blocks.5.norm1.weight, dtype: torch.bfloat16, device: cuda:0, trainable: False
name: base_model.model.model.visual.blocks.5.norm2.weight, dtype: torch.bfloat16, device: cuda:0, trainable: False
name: base_model.model.model.visual.blocks.5.attn.qkv.weight, dtype: torch.bfloat16, device: cuda:0, trainable: False
name: base_model.model.model.visual.blocks.5.attn.qkv.bias, dtype: torch.bfloat16, device: cuda:0, trainable: False
name: base_model.model.model.visual.blocks.5.attn.proj.weight, dtype: torch.bfloat16, device: cuda:0, trainable: False
name: base_model.model.model.visual.blocks.5.attn.proj.bias, dtype: torch.bfloat16, device: cuda:0, trainable: False
name: base_model.model.model.visual.blocks.5.mlp.gate_proj.weight, dtype: torch.bfloat16, device: cuda:0, trainable: False
name: base_model.model.model.visual.blocks.5.mlp.gate_proj.bias, dtype: torch.bfloat16, device: cuda:0, trainable: False
name: base_model.model.model.visual.blocks.5.mlp.up_proj.weight, dtype: torch.bfloat16, device: cuda:0, trainable: False
name: base_model.model.model.visual.blocks.5.mlp.up_proj.bias, dtype: torch.bfloat16, device: cuda:0, trainable: False
name: base_model.model.model.visual.blocks.5.mlp.down_proj.weight, dtype: torch.bfloat16, device: cuda:0, trainable: False
name: base_model.model.model.visual.blocks.5.mlp.down_proj.bias, dtype: torch.bfloat16, device: cuda:0, trainable: False
name: base_model.model.model.visual.blocks.6.norm1.weight, dtype: torch.bfloat16, device: cuda:0, trainable: False
name: base_model.model.model.visual.blocks.6.norm2.weight, dtype: torch.bfloat16, device: cuda:0, trainable: False
name: base_model.model.model.visual.blocks.6.attn.qkv.weight, dtype: torch.bfloat16, device: cuda:0, trainable: False
name: base_model.model.model.visual.blocks.6.attn.qkv.bias, dtype: torch.bfloat16, device: cuda:0, trainable: False
name: base_model.model.model.visual.blocks.6.attn.proj.weight, dtype: torch.bfloat16, device: cuda:0, trainable: False
name: base_model.model.model.visual.blocks.6.attn.proj.bias, dtype: torch.bfloat16, device: cuda:0, trainable: False
name: base_model.model.model.visual.blocks.6.mlp.gate_proj.weight, dtype: torch.bfloat16, device: cuda:0, trainable: False
name: base_model.model.model.visual.blocks.6.mlp.gate_proj.bias, dtype: torch.bfloat16, device: cuda:0, trainable: False
name: base_model.model.model.visual.blocks.6.mlp.up_proj.weight, dtype: torch.bfloat16, device: cuda:0, trainable: False
name: base_model.model.model.visual.blocks.6.mlp.up_proj.bias, dtype: torch.bfloat16, device: cuda:0, trainable: False
name: base_model.model.model.visual.blocks.6.mlp.down_proj.weight, dtype: torch.bfloat16, device: cuda:0, trainable: False
name: base_model.model.model.visual.blocks.6.mlp.down_proj.bias, dtype: torch.bfloat16, device: cuda:0, trainable: False
name: base_model.model.model.visual.blocks.7.norm1.weight, dtype: torch.bfloat16, device: cuda:0, trainable: False
name: base_model.model.model.visual.blocks.7.norm2.weight, dtype: torch.bfloat16, device: cuda:0, trainable: False
name: base_model.model.model.visual.blocks.7.attn.qkv.weight, dtype: torch.bfloat16, device: cuda:0, trainable: False
name: base_model.model.model.visual.blocks.7.attn.qkv.bias, dtype: torch.bfloat16, device: cuda:0, trainable: False
name: base_model.model.model.visual.blocks.7.attn.proj.weight, dtype: torch.bfloat16, device: cuda:0, trainable: False
name: base_model.model.model.visual.blocks.7.attn.proj.bias, dtype: torch.bfloat16, device: cuda:0, trainable: False
name: base_model.model.model.visual.blocks.7.mlp.gate_proj.weight, dtype: torch.bfloat16, device: cuda:0, trainable: False
name: base_model.model.model.visual.blocks.7.mlp.gate_proj.bias, dtype: torch.bfloat16, device: cuda:0, trainable: False
name: base_model.model.model.visual.blocks.7.mlp.up_proj.weight, dtype: torch.bfloat16, device: cuda:0, trainable: False
name: base_model.model.model.visual.blocks.7.mlp.up_proj.bias, dtype: torch.bfloat16, device: cuda:0, trainable: False
name: base_model.model.model.visual.blocks.7.mlp.down_proj.weight, dtype: torch.bfloat16, device: cuda:0, trainable: False
name: base_model.model.model.visual.blocks.7.mlp.down_proj.bias, dtype: torch.bfloat16, device: cuda:0, trainable: False
name: base_model.model.model.visual.blocks.8.norm1.weight, dtype: torch.bfloat16, device: cuda:0, trainable: False
name: base_model.model.model.visual.blocks.8.norm2.weight, dtype: torch.bfloat16, device: cuda:0, trainable: False
name: base_model.model.model.visual.blocks.8.attn.qkv.weight, dtype: torch.bfloat16, device: cuda:0, trainable: False
name: base_model.model.model.visual.blocks.8.attn.qkv.bias, dtype: torch.bfloat16, device: cuda:0, trainable: False
name: base_model.model.model.visual.blocks.8.attn.proj.weight, dtype: torch.bfloat16, device: cuda:0, trainable: False
name: base_model.model.model.visual.blocks.8.attn.proj.bias, dtype: torch.bfloat16, device: cuda:0, trainable: False
name: base_model.model.model.visual.blocks.8.mlp.gate_proj.weight, dtype: torch.bfloat16, device: cuda:0, trainable: False
name: base_model.model.model.visual.blocks.8.mlp.gate_proj.bias, dtype: torch.bfloat16, device: cuda:0, trainable: False
name: base_model.model.model.visual.blocks.8.mlp.up_proj.weight, dtype: torch.bfloat16, device: cuda:0, trainable: False
name: base_model.model.model.visual.blocks.8.mlp.up_proj.bias, dtype: torch.bfloat16, device: cuda:0, trainable: False
name: base_model.model.model.visual.blocks.8.mlp.down_proj.weight, dtype: torch.bfloat16, device: cuda:0, trainable: False
name: base_model.model.model.visual.blocks.8.mlp.down_proj.bias, dtype: torch.bfloat16, device: cuda:0, trainable: False
name: base_model.model.model.visual.blocks.9.norm1.weight, dtype: torch.bfloat16, device: cuda:0, trainable: False
name: base_model.model.model.visual.blocks.9.norm2.weight, dtype: torch.bfloat16, device: cuda:0, trainable: False
name: base_model.model.model.visual.blocks.9.attn.qkv.weight, dtype: torch.bfloat16, device: cuda:0, trainable: False
name: base_model.model.model.visual.blocks.9.attn.qkv.bias, dtype: torch.bfloat16, device: cuda:0, trainable: False
name: base_model.model.model.visual.blocks.9.attn.proj.weight, dtype: torch.bfloat16, device: cuda:0, trainable: False
name: base_model.model.model.visual.blocks.9.attn.proj.bias, dtype: torch.bfloat16, device: cuda:0, trainable: False
name: base_model.model.model.visual.blocks.9.mlp.gate_proj.weight, dtype: torch.bfloat16, device: cuda:0, trainable: False
name: base_model.model.model.visual.blocks.9.mlp.gate_proj.bias, dtype: torch.bfloat16, device: cuda:0, trainable: False
name: base_model.model.model.visual.blocks.9.mlp.up_proj.weight, dtype: torch.bfloat16, device: cuda:0, trainable: False
name: base_model.model.model.visual.blocks.9.mlp.up_proj.bias, dtype: torch.bfloat16, device: cuda:0, trainable: False
name: base_model.model.model.visual.blocks.9.mlp.down_proj.weight, dtype: torch.bfloat16, device: cuda:0, trainable: False
name: base_model.model.model.visual.blocks.9.mlp.down_proj.bias, dtype: torch.bfloat16, device: cuda:0, trainable: False
name: base_model.model.model.visual.blocks.10.norm1.weight, dtype: torch.bfloat16, device: cuda:0, trainable: False
name: base_model.model.model.visual.blocks.10.norm2.weight, dtype: torch.bfloat16, device: cuda:0, trainable: False
name: base_model.model.model.visual.blocks.10.attn.qkv.weight, dtype: torch.bfloat16, device: cuda:0, trainable: False
name: base_model.model.model.visual.blocks.10.attn.qkv.bias, dtype: torch.bfloat16, device: cuda:0, trainable: False
name: base_model.model.model.visual.blocks.10.attn.proj.weight, dtype: torch.bfloat16, device: cuda:0, trainable: False
name: base_model.model.model.visual.blocks.10.attn.proj.bias, dtype: torch.bfloat16, device: cuda:0, trainable: False
name: base_model.model.model.visual.blocks.10.mlp.gate_proj.weight, dtype: torch.bfloat16, device: cuda:0, trainable: False
name: base_model.model.model.visual.blocks.10.mlp.gate_proj.bias, dtype: torch.bfloat16, device: cuda:0, trainable: False
name: base_model.model.model.visual.blocks.10.mlp.up_proj.weight, dtype: torch.bfloat16, device: cuda:0, trainable: False
name: base_model.model.model.visual.blocks.10.mlp.up_proj.bias, dtype: torch.bfloat16, device: cuda:0, trainable: False
name: base_model.model.model.visual.blocks.10.mlp.down_proj.weight, dtype: torch.bfloat16, device: cuda:0, trainable: False
name: base_model.model.model.visual.blocks.10.mlp.down_proj.bias, dtype: torch.bfloat16, device: cuda:0, trainable: False
name: base_model.model.model.visual.blocks.11.norm1.weight, dtype: torch.bfloat16, device: cuda:0, trainable: False
name: base_model.model.model.visual.blocks.11.norm2.weight, dtype: torch.bfloat16, device: cuda:0, trainable: False
name: base_model.model.model.visual.blocks.11.attn.qkv.weight, dtype: torch.bfloat16, device: cuda:0, trainable: False
name: base_model.model.model.visual.blocks.11.attn.qkv.bias, dtype: torch.bfloat16, device: cuda:0, trainable: False
name: base_model.model.model.visual.blocks.11.attn.proj.weight, dtype: torch.bfloat16, device: cuda:0, trainable: False
name: base_model.model.model.visual.blocks.11.attn.proj.bias, dtype: torch.bfloat16, device: cuda:0, trainable: False
name: base_model.model.model.visual.blocks.11.mlp.gate_proj.weight, dtype: torch.bfloat16, device: cuda:0, trainable: False
name: base_model.model.model.visual.blocks.11.mlp.gate_proj.bias, dtype: torch.bfloat16, device: cuda:0, trainable: False
name: base_model.model.model.visual.blocks.11.mlp.up_proj.weight, dtype: torch.bfloat16, device: cuda:0, trainable: False
name: base_model.model.model.visual.blocks.11.mlp.up_proj.bias, dtype: torch.bfloat16, device: cuda:0, trainable: False
name: base_model.model.model.visual.blocks.11.mlp.down_proj.weight, dtype: torch.bfloat16, device: cuda:0, trainable: False
name: base_model.model.model.visual.blocks.11.mlp.down_proj.bias, dtype: torch.bfloat16, device: cuda:0, trainable: False
name: base_model.model.model.visual.blocks.12.norm1.weight, dtype: torch.bfloat16, device: cuda:0, trainable: False
name: base_model.model.model.visual.blocks.12.norm2.weight, dtype: torch.bfloat16, device: cuda:0, trainable: False
name: base_model.model.model.visual.blocks.12.attn.qkv.weight, dtype: torch.bfloat16, device: cuda:0, trainable: False
name: base_model.model.model.visual.blocks.12.attn.qkv.bias, dtype: torch.bfloat16, device: cuda:0, trainable: False
name: base_model.model.model.visual.blocks.12.attn.proj.weight, dtype: torch.bfloat16, device: cuda:0, trainable: False
name: base_model.model.model.visual.blocks.12.attn.proj.bias, dtype: torch.bfloat16, device: cuda:0, trainable: False
name: base_model.model.model.visual.blocks.12.mlp.gate_proj.weight, dtype: torch.bfloat16, device: cuda:0, trainable: False
name: base_model.model.model.visual.blocks.12.mlp.gate_proj.bias, dtype: torch.bfloat16, device: cuda:0, trainable: False
name: base_model.model.model.visual.blocks.12.mlp.up_proj.weight, dtype: torch.bfloat16, device: cuda:0, trainable: False
name: base_model.model.model.visual.blocks.12.mlp.up_proj.bias, dtype: torch.bfloat16, device: cuda:0, trainable: False
name: base_model.model.model.visual.blocks.12.mlp.down_proj.weight, dtype: torch.bfloat16, device: cuda:0, trainable: False
name: base_model.model.model.visual.blocks.12.mlp.down_proj.bias, dtype: torch.bfloat16, device: cuda:0, trainable: False
name: base_model.model.model.visual.blocks.13.norm1.weight, dtype: torch.bfloat16, device: cuda:0, trainable: False
name: base_model.model.model.visual.blocks.13.norm2.weight, dtype: torch.bfloat16, device: cuda:0, trainable: False
name: base_model.model.model.visual.blocks.13.attn.qkv.weight, dtype: torch.bfloat16, device: cuda:0, trainable: False
name: base_model.model.model.visual.blocks.13.attn.qkv.bias, dtype: torch.bfloat16, device: cuda:0, trainable: False
name: base_model.model.model.visual.blocks.13.attn.proj.weight, dtype: torch.bfloat16, device: cuda:0, trainable: False
name: base_model.model.model.visual.blocks.13.attn.proj.bias, dtype: torch.bfloat16, device: cuda:0, trainable: False
name: base_model.model.model.visual.blocks.13.mlp.gate_proj.weight, dtype: torch.bfloat16, device: cuda:0, trainable: False
name: base_model.model.model.visual.blocks.13.mlp.gate_proj.bias, dtype: torch.bfloat16, device: cuda:0, trainable: False
name: base_model.model.model.visual.blocks.13.mlp.up_proj.weight, dtype: torch.bfloat16, device: cuda:0, trainable: False
name: base_model.model.model.visual.blocks.13.mlp.up_proj.bias, dtype: torch.bfloat16, device: cuda:0, trainable: False
name: base_model.model.model.visual.blocks.13.mlp.down_proj.weight, dtype: torch.bfloat16, device: cuda:0, trainable: False
name: base_model.model.model.visual.blocks.13.mlp.down_proj.bias, dtype: torch.bfloat16, device: cuda:0, trainable: False
name: base_model.model.model.visual.blocks.14.norm1.weight, dtype: torch.bfloat16, device: cuda:0, trainable: False
name: base_model.model.model.visual.blocks.14.norm2.weight, dtype: torch.bfloat16, device: cuda:0, trainable: False
name: base_model.model.model.visual.blocks.14.attn.qkv.weight, dtype: torch.bfloat16, device: cuda:0, trainable: False
name: base_model.model.model.visual.blocks.14.attn.qkv.bias, dtype: torch.bfloat16, device: cuda:0, trainable: False
name: base_model.model.model.visual.blocks.14.attn.proj.weight, dtype: torch.bfloat16, device: cuda:0, trainable: False
name: base_model.model.model.visual.blocks.14.attn.proj.bias, dtype: torch.bfloat16, device: cuda:0, trainable: False
name: base_model.model.model.visual.blocks.14.mlp.gate_proj.weight, dtype: torch.bfloat16, device: cuda:0, trainable: False
name: base_model.model.model.visual.blocks.14.mlp.gate_proj.bias, dtype: torch.bfloat16, device: cuda:0, trainable: False
name: base_model.model.model.visual.blocks.14.mlp.up_proj.weight, dtype: torch.bfloat16, device: cuda:0, trainable: False
name: base_model.model.model.visual.blocks.14.mlp.up_proj.bias, dtype: torch.bfloat16, device: cuda:0, trainable: False
name: base_model.model.model.visual.blocks.14.mlp.down_proj.weight, dtype: torch.bfloat16, device: cuda:0, trainable: False
name: base_model.model.model.visual.blocks.14.mlp.down_proj.bias, dtype: torch.bfloat16, device: cuda:0, trainable: False
name: base_model.model.model.visual.blocks.15.norm1.weight, dtype: torch.bfloat16, device: cuda:0, trainable: False
name: base_model.model.model.visual.blocks.15.norm2.weight, dtype: torch.bfloat16, device: cuda:0, trainable: False
name: base_model.model.model.visual.blocks.15.attn.qkv.weight, dtype: torch.bfloat16, device: cuda:0, trainable: False
name: base_model.model.model.visual.blocks.15.attn.qkv.bias, dtype: torch.bfloat16, device: cuda:0, trainable: False
name: base_model.model.model.visual.blocks.15.attn.proj.weight, dtype: torch.bfloat16, device: cuda:0, trainable: False
name: base_model.model.model.visual.blocks.15.attn.proj.bias, dtype: torch.bfloat16, device: cuda:0, trainable: False
name: base_model.model.model.visual.blocks.15.mlp.gate_proj.weight, dtype: torch.bfloat16, device: cuda:0, trainable: False
name: base_model.model.model.visual.blocks.15.mlp.gate_proj.bias, dtype: torch.bfloat16, device: cuda:0, trainable: False
name: base_model.model.model.visual.blocks.15.mlp.up_proj.weight, dtype: torch.bfloat16, device: cuda:0, trainable: False
name: base_model.model.model.visual.blocks.15.mlp.up_proj.bias, dtype: torch.bfloat16, device: cuda:0, trainable: False
name: base_model.model.model.visual.blocks.15.mlp.down_proj.weight, dtype: torch.bfloat16, device: cuda:0, trainable: False
name: base_model.model.model.visual.blocks.15.mlp.down_proj.bias, dtype: torch.bfloat16, device: cuda:0, trainable: False
name: base_model.model.model.visual.blocks.16.norm1.weight, dtype: torch.bfloat16, device: cuda:0, trainable: False
name: base_model.model.model.visual.blocks.16.norm2.weight, dtype: torch.bfloat16, device: cuda:0, trainable: False
name: base_model.model.model.visual.blocks.16.attn.qkv.weight, dtype: torch.bfloat16, device: cuda:0, trainable: False
name: base_model.model.model.visual.blocks.16.attn.qkv.bias, dtype: torch.bfloat16, device: cuda:0, trainable: False
name: base_model.model.model.visual.blocks.16.attn.proj.weight, dtype: torch.bfloat16, device: cuda:0, trainable: False
name: base_model.model.model.visual.blocks.16.attn.proj.bias, dtype: torch.bfloat16, device: cuda:0, trainable: False
name: base_model.model.model.visual.blocks.16.mlp.gate_proj.weight, dtype: torch.bfloat16, device: cuda:0, trainable: False
name: base_model.model.model.visual.blocks.16.mlp.gate_proj.bias, dtype: torch.bfloat16, device: cuda:0, trainable: False
name: base_model.model.model.visual.blocks.16.mlp.up_proj.weight, dtype: torch.bfloat16, device: cuda:0, trainable: False
name: base_model.model.model.visual.blocks.16.mlp.up_proj.bias, dtype: torch.bfloat16, device: cuda:0, trainable: False
name: base_model.model.model.visual.blocks.16.mlp.down_proj.weight, dtype: torch.bfloat16, device: cuda:0, trainable: False
name: base_model.model.model.visual.blocks.16.mlp.down_proj.bias, dtype: torch.bfloat16, device: cuda:0, trainable: False
name: base_model.model.model.visual.blocks.17.norm1.weight, dtype: torch.bfloat16, device: cuda:0, trainable: False
name: base_model.model.model.visual.blocks.17.norm2.weight, dtype: torch.bfloat16, device: cuda:0, trainable: False
name: base_model.model.model.visual.blocks.17.attn.qkv.weight, dtype: torch.bfloat16, device: cuda:0, trainable: False
name: base_model.model.model.visual.blocks.17.attn.qkv.bias, dtype: torch.bfloat16, device: cuda:0, trainable: False
name: base_model.model.model.visual.blocks.17.attn.proj.weight, dtype: torch.bfloat16, device: cuda:0, trainable: False
name: base_model.model.model.visual.blocks.17.attn.proj.bias, dtype: torch.bfloat16, device: cuda:0, trainable: False
name: base_model.model.model.visual.blocks.17.mlp.gate_proj.weight, dtype: torch.bfloat16, device: cuda:0, trainable: False
name: base_model.model.model.visual.blocks.17.mlp.gate_proj.bias, dtype: torch.bfloat16, device: cuda:0, trainable: False
name: base_model.model.model.visual.blocks.17.mlp.up_proj.weight, dtype: torch.bfloat16, device: cuda:0, trainable: False
name: base_model.model.model.visual.blocks.17.mlp.up_proj.bias, dtype: torch.bfloat16, device: cuda:0, trainable: False
name: base_model.model.model.visual.blocks.17.mlp.down_proj.weight, dtype: torch.bfloat16, device: cuda:0, trainable: False
name: base_model.model.model.visual.blocks.17.mlp.down_proj.bias, dtype: torch.bfloat16, device: cuda:0, trainable: False
name: base_model.model.model.visual.blocks.18.norm1.weight, dtype: torch.bfloat16, device: cuda:0, trainable: False
name: base_model.model.model.visual.blocks.18.norm2.weight, dtype: torch.bfloat16, device: cuda:0, trainable: False
name: base_model.model.model.visual.blocks.18.attn.qkv.weight, dtype: torch.bfloat16, device: cuda:0, trainable: False
name: base_model.model.model.visual.blocks.18.attn.qkv.bias, dtype: torch.bfloat16, device: cuda:0, trainable: False
name: base_model.model.model.visual.blocks.18.attn.proj.weight, dtype: torch.bfloat16, device: cuda:0, trainable: False
name: base_model.model.model.visual.blocks.18.attn.proj.bias, dtype: torch.bfloat16, device: cuda:0, trainable: False
name: base_model.model.model.visual.blocks.18.mlp.gate_proj.weight, dtype: torch.bfloat16, device: cuda:0, trainable: False
name: base_model.model.model.visual.blocks.18.mlp.gate_proj.bias, dtype: torch.bfloat16, device: cuda:0, trainable: False
name: base_model.model.model.visual.blocks.18.mlp.up_proj.weight, dtype: torch.bfloat16, device: cuda:0, trainable: False
name: base_model.model.model.visual.blocks.18.mlp.up_proj.bias, dtype: torch.bfloat16, device: cuda:0, trainable: False
name: base_model.model.model.visual.blocks.18.mlp.down_proj.weight, dtype: torch.bfloat16, device: cuda:0, trainable: False
name: base_model.model.model.visual.blocks.18.mlp.down_proj.bias, dtype: torch.bfloat16, device: cuda:0, trainable: False
name: base_model.model.model.visual.blocks.19.norm1.weight, dtype: torch.bfloat16, device: cuda:0, trainable: False
name: base_model.model.model.visual.blocks.19.norm2.weight, dtype: torch.bfloat16, device: cuda:0, trainable: False
name: base_model.model.model.visual.blocks.19.attn.qkv.weight, dtype: torch.bfloat16, device: cuda:0, trainable: False
name: base_model.model.model.visual.blocks.19.attn.qkv.bias, dtype: torch.bfloat16, device: cuda:0, trainable: False
name: base_model.model.model.visual.blocks.19.attn.proj.weight, dtype: torch.bfloat16, device: cuda:0, trainable: False
name: base_model.model.model.visual.blocks.19.attn.proj.bias, dtype: torch.bfloat16, device: cuda:0, trainable: False
name: base_model.model.model.visual.blocks.19.mlp.gate_proj.weight, dtype: torch.bfloat16, device: cuda:0, trainable: False
name: base_model.model.model.visual.blocks.19.mlp.gate_proj.bias, dtype: torch.bfloat16, device: cuda:0, trainable: False
name: base_model.model.model.visual.blocks.19.mlp.up_proj.weight, dtype: torch.bfloat16, device: cuda:0, trainable: False
name: base_model.model.model.visual.blocks.19.mlp.up_proj.bias, dtype: torch.bfloat16, device: cuda:0, trainable: False
name: base_model.model.model.visual.blocks.19.mlp.down_proj.weight, dtype: torch.bfloat16, device: cuda:0, trainable: False
name: base_model.model.model.visual.blocks.19.mlp.down_proj.bias, dtype: torch.bfloat16, device: cuda:0, trainable: False
name: base_model.model.model.visual.blocks.20.norm1.weight, dtype: torch.bfloat16, device: cuda:0, trainable: False
name: base_model.model.model.visual.blocks.20.norm2.weight, dtype: torch.bfloat16, device: cuda:0, trainable: False
name: base_model.model.model.visual.blocks.20.attn.qkv.weight, dtype: torch.bfloat16, device: cuda:0, trainable: False
name: base_model.model.model.visual.blocks.20.attn.qkv.bias, dtype: torch.bfloat16, device: cuda:0, trainable: False
name: base_model.model.model.visual.blocks.20.attn.proj.weight, dtype: torch.bfloat16, device: cuda:0, trainable: False
name: base_model.model.model.visual.blocks.20.attn.proj.bias, dtype: torch.bfloat16, device: cuda:0, trainable: False
name: base_model.model.model.visual.blocks.20.mlp.gate_proj.weight, dtype: torch.bfloat16, device: cuda:0, trainable: False
name: base_model.model.model.visual.blocks.20.mlp.gate_proj.bias, dtype: torch.bfloat16, device: cuda:0, trainable: False
name: base_model.model.model.visual.blocks.20.mlp.up_proj.weight, dtype: torch.bfloat16, device: cuda:0, trainable: False
name: base_model.model.model.visual.blocks.20.mlp.up_proj.bias, dtype: torch.bfloat16, device: cuda:0, trainable: False
name: base_model.model.model.visual.blocks.20.mlp.down_proj.weight, dtype: torch.bfloat16, device: cuda:0, trainable: False
name: base_model.model.model.visual.blocks.20.mlp.down_proj.bias, dtype: torch.bfloat16, device: cuda:0, trainable: False
name: base_model.model.model.visual.blocks.21.norm1.weight, dtype: torch.bfloat16, device: cuda:0, trainable: False
name: base_model.model.model.visual.blocks.21.norm2.weight, dtype: torch.bfloat16, device: cuda:0, trainable: False
name: base_model.model.model.visual.blocks.21.attn.qkv.weight, dtype: torch.bfloat16, device: cuda:0, trainable: False
name: base_model.model.model.visual.blocks.21.attn.qkv.bias, dtype: torch.bfloat16, device: cuda:0, trainable: False
name: base_model.model.model.visual.blocks.21.attn.proj.weight, dtype: torch.bfloat16, device: cuda:0, trainable: False
name: base_model.model.model.visual.blocks.21.attn.proj.bias, dtype: torch.bfloat16, device: cuda:0, trainable: False
name: base_model.model.model.visual.blocks.21.mlp.gate_proj.weight, dtype: torch.bfloat16, device: cuda:0, trainable: False
name: base_model.model.model.visual.blocks.21.mlp.gate_proj.bias, dtype: torch.bfloat16, device: cuda:0, trainable: False
name: base_model.model.model.visual.blocks.21.mlp.up_proj.weight, dtype: torch.bfloat16, device: cuda:0, trainable: False
name: base_model.model.model.visual.blocks.21.mlp.up_proj.bias, dtype: torch.bfloat16, device: cuda:0, trainable: False
name: base_model.model.model.visual.blocks.21.mlp.down_proj.weight, dtype: torch.bfloat16, device: cuda:0, trainable: False
name: base_model.model.model.visual.blocks.21.mlp.down_proj.bias, dtype: torch.bfloat16, device: cuda:0, trainable: False
name: base_model.model.model.visual.blocks.22.norm1.weight, dtype: torch.bfloat16, device: cuda:0, trainable: False
name: base_model.model.model.visual.blocks.22.norm2.weight, dtype: torch.bfloat16, device: cuda:0, trainable: False
name: base_model.model.model.visual.blocks.22.attn.qkv.weight, dtype: torch.bfloat16, device: cuda:0, trainable: False
name: base_model.model.model.visual.blocks.22.attn.qkv.bias, dtype: torch.bfloat16, device: cuda:0, trainable: False
name: base_model.model.model.visual.blocks.22.attn.proj.weight, dtype: torch.bfloat16, device: cuda:0, trainable: False
name: base_model.model.model.visual.blocks.22.attn.proj.bias, dtype: torch.bfloat16, device: cuda:0, trainable: False
name: base_model.model.model.visual.blocks.22.mlp.gate_proj.weight, dtype: torch.bfloat16, device: cuda:0, trainable: False
name: base_model.model.model.visual.blocks.22.mlp.gate_proj.bias, dtype: torch.bfloat16, device: cuda:0, trainable: False
name: base_model.model.model.visual.blocks.22.mlp.up_proj.weight, dtype: torch.bfloat16, device: cuda:0, trainable: False
name: base_model.model.model.visual.blocks.22.mlp.up_proj.bias, dtype: torch.bfloat16, device: cuda:0, trainable: False
name: base_model.model.model.visual.blocks.22.mlp.down_proj.weight, dtype: torch.bfloat16, device: cuda:0, trainable: False
name: base_model.model.model.visual.blocks.22.mlp.down_proj.bias, dtype: torch.bfloat16, device: cuda:0, trainable: False
name: base_model.model.model.visual.blocks.23.norm1.weight, dtype: torch.bfloat16, device: cuda:0, trainable: False
name: base_model.model.model.visual.blocks.23.norm2.weight, dtype: torch.bfloat16, device: cuda:0, trainable: False
name: base_model.model.model.visual.blocks.23.attn.qkv.weight, dtype: torch.bfloat16, device: cuda:0, trainable: False
name: base_model.model.model.visual.blocks.23.attn.qkv.bias, dtype: torch.bfloat16, device: cuda:0, trainable: False
name: base_model.model.model.visual.blocks.23.attn.proj.weight, dtype: torch.bfloat16, device: cuda:0, trainable: False
name: base_model.model.model.visual.blocks.23.attn.proj.bias, dtype: torch.bfloat16, device: cuda:0, trainable: False
name: base_model.model.model.visual.blocks.23.mlp.gate_proj.weight, dtype: torch.bfloat16, device: cuda:0, trainable: False
name: base_model.model.model.visual.blocks.23.mlp.gate_proj.bias, dtype: torch.bfloat16, device: cuda:0, trainable: False
name: base_model.model.model.visual.blocks.23.mlp.up_proj.weight, dtype: torch.bfloat16, device: cuda:0, trainable: False
name: base_model.model.model.visual.blocks.23.mlp.up_proj.bias, dtype: torch.bfloat16, device: cuda:0, trainable: False
name: base_model.model.model.visual.blocks.23.mlp.down_proj.weight, dtype: torch.bfloat16, device: cuda:0, trainable: False
name: base_model.model.model.visual.blocks.23.mlp.down_proj.bias, dtype: torch.bfloat16, device: cuda:0, trainable: False
name: base_model.model.model.visual.blocks.24.norm1.weight, dtype: torch.bfloat16, device: cuda:0, trainable: False
name: base_model.model.model.visual.blocks.24.norm2.weight, dtype: torch.bfloat16, device: cuda:0, trainable: False
name: base_model.model.model.visual.blocks.24.attn.qkv.weight, dtype: torch.bfloat16, device: cuda:0, trainable: False
name: base_model.model.model.visual.blocks.24.attn.qkv.bias, dtype: torch.bfloat16, device: cuda:0, trainable: False
name: base_model.model.model.visual.blocks.24.attn.proj.weight, dtype: torch.bfloat16, device: cuda:0, trainable: False
name: base_model.model.model.visual.blocks.24.attn.proj.bias, dtype: torch.bfloat16, device: cuda:0, trainable: False
name: base_model.model.model.visual.blocks.24.mlp.gate_proj.weight, dtype: torch.bfloat16, device: cuda:0, trainable: False
name: base_model.model.model.visual.blocks.24.mlp.gate_proj.bias, dtype: torch.bfloat16, device: cuda:0, trainable: False
name: base_model.model.model.visual.blocks.24.mlp.up_proj.weight, dtype: torch.bfloat16, device: cuda:0, trainable: False
name: base_model.model.model.visual.blocks.24.mlp.up_proj.bias, dtype: torch.bfloat16, device: cuda:0, trainable: False
name: base_model.model.model.visual.blocks.24.mlp.down_proj.weight, dtype: torch.bfloat16, device: cuda:0, trainable: False
name: base_model.model.model.visual.blocks.24.mlp.down_proj.bias, dtype: torch.bfloat16, device: cuda:0, trainable: False
name: base_model.model.model.visual.blocks.25.norm1.weight, dtype: torch.bfloat16, device: cuda:0, trainable: False
name: base_model.model.model.visual.blocks.25.norm2.weight, dtype: torch.bfloat16, device: cuda:0, trainable: False
name: base_model.model.model.visual.blocks.25.attn.qkv.weight, dtype: torch.bfloat16, device: cuda:0, trainable: False
name: base_model.model.model.visual.blocks.25.attn.qkv.bias, dtype: torch.bfloat16, device: cuda:0, trainable: False
name: base_model.model.model.visual.blocks.25.attn.proj.weight, dtype: torch.bfloat16, device: cuda:0, trainable: False
name: base_model.model.model.visual.blocks.25.attn.proj.bias, dtype: torch.bfloat16, device: cuda:0, trainable: False
name: base_model.model.model.visual.blocks.25.mlp.gate_proj.weight, dtype: torch.bfloat16, device: cuda:0, trainable: False
name: base_model.model.model.visual.blocks.25.mlp.gate_proj.bias, dtype: torch.bfloat16, device: cuda:0, trainable: False
name: base_model.model.model.visual.blocks.25.mlp.up_proj.weight, dtype: torch.bfloat16, device: cuda:0, trainable: False
name: base_model.model.model.visual.blocks.25.mlp.up_proj.bias, dtype: torch.bfloat16, device: cuda:0, trainable: False
name: base_model.model.model.visual.blocks.25.mlp.down_proj.weight, dtype: torch.bfloat16, device: cuda:0, trainable: False
name: base_model.model.model.visual.blocks.25.mlp.down_proj.bias, dtype: torch.bfloat16, device: cuda:0, trainable: False
name: base_model.model.model.visual.blocks.26.norm1.weight, dtype: torch.bfloat16, device: cuda:0, trainable: False
name: base_model.model.model.visual.blocks.26.norm2.weight, dtype: torch.bfloat16, device: cuda:0, trainable: False
name: base_model.model.model.visual.blocks.26.attn.qkv.weight, dtype: torch.bfloat16, device: cuda:0, trainable: False
name: base_model.model.model.visual.blocks.26.attn.qkv.bias, dtype: torch.bfloat16, device: cuda:0, trainable: False
name: base_model.model.model.visual.blocks.26.attn.proj.weight, dtype: torch.bfloat16, device: cuda:0, trainable: False
name: base_model.model.model.visual.blocks.26.attn.proj.bias, dtype: torch.bfloat16, device: cuda:0, trainable: False
name: base_model.model.model.visual.blocks.26.mlp.gate_proj.weight, dtype: torch.bfloat16, device: cuda:0, trainable: False
name: base_model.model.model.visual.blocks.26.mlp.gate_proj.bias, dtype: torch.bfloat16, device: cuda:0, trainable: False
name: base_model.model.model.visual.blocks.26.mlp.up_proj.weight, dtype: torch.bfloat16, device: cuda:0, trainable: False
name: base_model.model.model.visual.blocks.26.mlp.up_proj.bias, dtype: torch.bfloat16, device: cuda:0, trainable: False
name: base_model.model.model.visual.blocks.26.mlp.down_proj.weight, dtype: torch.bfloat16, device: cuda:0, trainable: False
name: base_model.model.model.visual.blocks.26.mlp.down_proj.bias, dtype: torch.bfloat16, device: cuda:0, trainable: False
name: base_model.model.model.visual.blocks.27.norm1.weight, dtype: torch.bfloat16, device: cuda:0, trainable: False
name: base_model.model.model.visual.blocks.27.norm2.weight, dtype: torch.bfloat16, device: cuda:0, trainable: False
name: base_model.model.model.visual.blocks.27.attn.qkv.weight, dtype: torch.bfloat16, device: cuda:0, trainable: False
name: base_model.model.model.visual.blocks.27.attn.qkv.bias, dtype: torch.bfloat16, device: cuda:0, trainable: False
name: base_model.model.model.visual.blocks.27.attn.proj.weight, dtype: torch.bfloat16, device: cuda:0, trainable: False
name: base_model.model.model.visual.blocks.27.attn.proj.bias, dtype: torch.bfloat16, device: cuda:0, trainable: False
name: base_model.model.model.visual.blocks.27.mlp.gate_proj.weight, dtype: torch.bfloat16, device: cuda:0, trainable: False
name: base_model.model.model.visual.blocks.27.mlp.gate_proj.bias, dtype: torch.bfloat16, device: cuda:0, trainable: False
name: base_model.model.model.visual.blocks.27.mlp.up_proj.weight, dtype: torch.bfloat16, device: cuda:0, trainable: False
name: base_model.model.model.visual.blocks.27.mlp.up_proj.bias, dtype: torch.bfloat16, device: cuda:0, trainable: False
name: base_model.model.model.visual.blocks.27.mlp.down_proj.weight, dtype: torch.bfloat16, device: cuda:0, trainable: False
name: base_model.model.model.visual.blocks.27.mlp.down_proj.bias, dtype: torch.bfloat16, device: cuda:0, trainable: False
name: base_model.model.model.visual.blocks.28.norm1.weight, dtype: torch.bfloat16, device: cuda:0, trainable: False
name: base_model.model.model.visual.blocks.28.norm2.weight, dtype: torch.bfloat16, device: cuda:0, trainable: False
name: base_model.model.model.visual.blocks.28.attn.qkv.weight, dtype: torch.bfloat16, device: cuda:0, trainable: False
name: base_model.model.model.visual.blocks.28.attn.qkv.bias, dtype: torch.bfloat16, device: cuda:0, trainable: False
name: base_model.model.model.visual.blocks.28.attn.proj.weight, dtype: torch.bfloat16, device: cuda:0, trainable: False
name: base_model.model.model.visual.blocks.28.attn.proj.bias, dtype: torch.bfloat16, device: cuda:0, trainable: False
name: base_model.model.model.visual.blocks.28.mlp.gate_proj.weight, dtype: torch.bfloat16, device: cuda:0, trainable: False
name: base_model.model.model.visual.blocks.28.mlp.gate_proj.bias, dtype: torch.bfloat16, device: cuda:0, trainable: False
name: base_model.model.model.visual.blocks.28.mlp.up_proj.weight, dtype: torch.bfloat16, device: cuda:0, trainable: False
name: base_model.model.model.visual.blocks.28.mlp.up_proj.bias, dtype: torch.bfloat16, device: cuda:0, trainable: False
name: base_model.model.model.visual.blocks.28.mlp.down_proj.weight, dtype: torch.bfloat16, device: cuda:0, trainable: False
name: base_model.model.model.visual.blocks.28.mlp.down_proj.bias, dtype: torch.bfloat16, device: cuda:0, trainable: False
name: base_model.model.model.visual.blocks.29.norm1.weight, dtype: torch.bfloat16, device: cuda:0, trainable: False
name: base_model.model.model.visual.blocks.29.norm2.weight, dtype: torch.bfloat16, device: cuda:0, trainable: False
name: base_model.model.model.visual.blocks.29.attn.qkv.weight, dtype: torch.bfloat16, device: cuda:0, trainable: False
name: base_model.model.model.visual.blocks.29.attn.qkv.bias, dtype: torch.bfloat16, device: cuda:0, trainable: False
name: base_model.model.model.visual.blocks.29.attn.proj.weight, dtype: torch.bfloat16, device: cuda:0, trainable: False
name: base_model.model.model.visual.blocks.29.attn.proj.bias, dtype: torch.bfloat16, device: cuda:0, trainable: False
name: base_model.model.model.visual.blocks.29.mlp.gate_proj.weight, dtype: torch.bfloat16, device: cuda:0, trainable: False
name: base_model.model.model.visual.blocks.29.mlp.gate_proj.bias, dtype: torch.bfloat16, device: cuda:0, trainable: False
name: base_model.model.model.visual.blocks.29.mlp.up_proj.weight, dtype: torch.bfloat16, device: cuda:0, trainable: False
name: base_model.model.model.visual.blocks.29.mlp.up_proj.bias, dtype: torch.bfloat16, device: cuda:0, trainable: False
name: base_model.model.model.visual.blocks.29.mlp.down_proj.weight, dtype: torch.bfloat16, device: cuda:0, trainable: False
name: base_model.model.model.visual.blocks.29.mlp.down_proj.bias, dtype: torch.bfloat16, device: cuda:0, trainable: False
name: base_model.model.model.visual.blocks.30.norm1.weight, dtype: torch.bfloat16, device: cuda:0, trainable: False
name: base_model.model.model.visual.blocks.30.norm2.weight, dtype: torch.bfloat16, device: cuda:0, trainable: False
name: base_model.model.model.visual.blocks.30.attn.qkv.weight, dtype: torch.bfloat16, device: cuda:0, trainable: False
name: base_model.model.model.visual.blocks.30.attn.qkv.bias, dtype: torch.bfloat16, device: cuda:0, trainable: False
name: base_model.model.model.visual.blocks.30.attn.proj.weight, dtype: torch.bfloat16, device: cuda:0, trainable: False
name: base_model.model.model.visual.blocks.30.attn.proj.bias, dtype: torch.bfloat16, device: cuda:0, trainable: False
name: base_model.model.model.visual.blocks.30.mlp.gate_proj.weight, dtype: torch.bfloat16, device: cuda:0, trainable: False
name: base_model.model.model.visual.blocks.30.mlp.gate_proj.bias, dtype: torch.bfloat16, device: cuda:0, trainable: False
name: base_model.model.model.visual.blocks.30.mlp.up_proj.weight, dtype: torch.bfloat16, device: cuda:0, trainable: False
name: base_model.model.model.visual.blocks.30.mlp.up_proj.bias, dtype: torch.bfloat16, device: cuda:0, trainable: False
name: base_model.model.model.visual.blocks.30.mlp.down_proj.weight, dtype: torch.bfloat16, device: cuda:0, trainable: False
name: base_model.model.model.visual.blocks.30.mlp.down_proj.bias, dtype: torch.bfloat16, device: cuda:0, trainable: False
name: base_model.model.model.visual.blocks.31.norm1.weight, dtype: torch.bfloat16, device: cuda:0, trainable: False
name: base_model.model.model.visual.blocks.31.norm2.weight, dtype: torch.bfloat16, device: cuda:0, trainable: False
name: base_model.model.model.visual.blocks.31.attn.qkv.weight, dtype: torch.bfloat16, device: cuda:0, trainable: False
name: base_model.model.model.visual.blocks.31.attn.qkv.bias, dtype: torch.bfloat16, device: cuda:0, trainable: False
name: base_model.model.model.visual.blocks.31.attn.proj.weight, dtype: torch.bfloat16, device: cuda:0, trainable: False
name: base_model.model.model.visual.blocks.31.attn.proj.bias, dtype: torch.bfloat16, device: cuda:0, trainable: False
name: base_model.model.model.visual.blocks.31.mlp.gate_proj.weight, dtype: torch.bfloat16, device: cuda:0, trainable: False
name: base_model.model.model.visual.blocks.31.mlp.gate_proj.bias, dtype: torch.bfloat16, device: cuda:0, trainable: False
name: base_model.model.model.visual.blocks.31.mlp.up_proj.weight, dtype: torch.bfloat16, device: cuda:0, trainable: False
name: base_model.model.model.visual.blocks.31.mlp.up_proj.bias, dtype: torch.bfloat16, device: cuda:0, trainable: False
name: base_model.model.model.visual.blocks.31.mlp.down_proj.weight, dtype: torch.bfloat16, device: cuda:0, trainable: False
name: base_model.model.model.visual.blocks.31.mlp.down_proj.bias, dtype: torch.bfloat16, device: cuda:0, trainable: False
name: base_model.model.model.visual.merger.ln_q.weight, dtype: torch.bfloat16, device: cuda:0, trainable: False
name: base_model.model.model.visual.merger.mlp.0.weight, dtype: torch.bfloat16, device: cuda:0, trainable: False
name: base_model.model.model.visual.merger.mlp.0.bias, dtype: torch.bfloat16, device: cuda:0, trainable: False
name: base_model.model.model.visual.merger.mlp.2.weight, dtype: torch.bfloat16, device: cuda:0, trainable: False
name: base_model.model.model.visual.merger.mlp.2.bias, dtype: torch.bfloat16, device: cuda:0, trainable: False
name: base_model.model.model.language_model.embed_tokens.weight, dtype: torch.bfloat16, device: cuda:0, trainable: False
name: base_model.model.model.language_model.layers.0.self_attn.q_proj.base_layer.weight, dtype: torch.bfloat16, device: cuda:0, trainable: False
name: base_model.model.model.language_model.layers.0.self_attn.q_proj.base_layer.bias, dtype: torch.bfloat16, device: cuda:0, trainable: False
name: base_model.model.model.language_model.layers.0.self_attn.q_proj.lora_A.default.weight, dtype: torch.float32, device: cuda:0, trainable: True
name: base_model.model.model.language_model.layers.0.self_attn.q_proj.lora_B.default.weight, dtype: torch.float32, device: cuda:0, trainable: True
name: base_model.model.model.language_model.layers.0.self_attn.k_proj.base_layer.weight, dtype: torch.bfloat16, device: cuda:0, trainable: False
name: base_model.model.model.language_model.layers.0.self_attn.k_proj.base_layer.bias, dtype: torch.bfloat16, device: cuda:0, trainable: False
name: base_model.model.model.language_model.layers.0.self_attn.k_proj.lora_A.default.weight, dtype: torch.float32, device: cuda:0, trainable: True
name: base_model.model.model.language_model.layers.0.self_attn.k_proj.lora_B.default.weight, dtype: torch.float32, device: cuda:0, trainable: True
name: base_model.model.model.language_model.layers.0.self_attn.v_proj.base_layer.weight, dtype: torch.bfloat16, device: cuda:0, trainable: False
name: base_model.model.model.language_model.layers.0.self_attn.v_proj.base_layer.bias, dtype: torch.bfloat16, device: cuda:0, trainable: False
name: base_model.model.model.language_model.layers.0.self_attn.v_proj.lora_A.default.weight, dtype: torch.float32, device: cuda:0, trainable: True
name: base_model.model.model.language_model.layers.0.self_attn.v_proj.lora_B.default.weight, dtype: torch.float32, device: cuda:0, trainable: True
name: base_model.model.model.language_model.layers.0.self_attn.o_proj.base_layer.weight, dtype: torch.bfloat16, device: cuda:0, trainable: False
name: base_model.model.model.language_model.layers.0.self_attn.o_proj.lora_A.default.weight, dtype: torch.float32, device: cuda:0, trainable: True
name: base_model.model.model.language_model.layers.0.self_attn.o_proj.lora_B.default.weight, dtype: torch.float32, device: cuda:0, trainable: True
name: base_model.model.model.language_model.layers.0.mlp.gate_proj.base_layer.weight, dtype: torch.bfloat16, device: cuda:0, trainable: False
name: base_model.model.model.language_model.layers.0.mlp.gate_proj.lora_A.default.weight, dtype: torch.float32, device: cuda:0, trainable: True
name: base_model.model.model.language_model.layers.0.mlp.gate_proj.lora_B.default.weight, dtype: torch.float32, device: cuda:0, trainable: True
name: base_model.model.model.language_model.layers.0.mlp.up_proj.base_layer.weight, dtype: torch.bfloat16, device: cuda:0, trainable: False
name: base_model.model.model.language_model.layers.0.mlp.up_proj.lora_A.default.weight, dtype: torch.float32, device: cuda:0, trainable: True
name: base_model.model.model.language_model.layers.0.mlp.up_proj.lora_B.default.weight, dtype: torch.float32, device: cuda:0, trainable: True
name: base_model.model.model.language_model.layers.0.mlp.down_proj.base_layer.weight, dtype: torch.bfloat16, device: cuda:0, trainable: False
name: base_model.model.model.language_model.layers.0.mlp.down_proj.lora_A.default.weight, dtype: torch.float32, device: cuda:0, trainable: True
name: base_model.model.model.language_model.layers.0.mlp.down_proj.lora_B.default.weight, dtype: torch.float32, device: cuda:0, trainable: True
name: base_model.model.model.language_model.layers.0.input_layernorm.weight, dtype: torch.bfloat16, device: cuda:0, trainable: False
name: base_model.model.model.language_model.layers.0.post_attention_layernorm.weight, dtype: torch.bfloat16, device: cuda:0, trainable: False
name: base_model.model.model.language_model.layers.1.self_attn.q_proj.base_layer.weight, dtype: torch.bfloat16, device: cuda:0, trainable: False
name: base_model.model.model.language_model.layers.1.self_attn.q_proj.base_layer.bias, dtype: torch.bfloat16, device: cuda:0, trainable: False
name: base_model.model.model.language_model.layers.1.self_attn.q_proj.lora_A.default.weight, dtype: torch.float32, device: cuda:0, trainable: True
name: base_model.model.model.language_model.layers.1.self_attn.q_proj.lora_B.default.weight, dtype: torch.float32, device: cuda:0, trainable: True
name: base_model.model.model.language_model.layers.1.self_attn.k_proj.base_layer.weight, dtype: torch.bfloat16, device: cuda:0, trainable: False
name: base_model.model.model.language_model.layers.1.self_attn.k_proj.base_layer.bias, dtype: torch.bfloat16, device: cuda:0, trainable: False
name: base_model.model.model.language_model.layers.1.self_attn.k_proj.lora_A.default.weight, dtype: torch.float32, device: cuda:0, trainable: True
name: base_model.model.model.language_model.layers.1.self_attn.k_proj.lora_B.default.weight, dtype: torch.float32, device: cuda:0, trainable: True
name: base_model.model.model.language_model.layers.1.self_attn.v_proj.base_layer.weight, dtype: torch.bfloat16, device: cuda:0, trainable: False
name: base_model.model.model.language_model.layers.1.self_attn.v_proj.base_layer.bias, dtype: torch.bfloat16, device: cuda:0, trainable: False
name: base_model.model.model.language_model.layers.1.self_attn.v_proj.lora_A.default.weight, dtype: torch.float32, device: cuda:0, trainable: True
name: base_model.model.model.language_model.layers.1.self_attn.v_proj.lora_B.default.weight, dtype: torch.float32, device: cuda:0, trainable: True
name: base_model.model.model.language_model.layers.1.self_attn.o_proj.base_layer.weight, dtype: torch.bfloat16, device: cuda:0, trainable: False
name: base_model.model.model.language_model.layers.1.self_attn.o_proj.lora_A.default.weight, dtype: torch.float32, device: cuda:0, trainable: True
name: base_model.model.model.language_model.layers.1.self_attn.o_proj.lora_B.default.weight, dtype: torch.float32, device: cuda:0, trainable: True
name: base_model.model.model.language_model.layers.1.mlp.gate_proj.base_layer.weight, dtype: torch.bfloat16, device: cuda:0, trainable: False
name: base_model.model.model.language_model.layers.1.mlp.gate_proj.lora_A.default.weight, dtype: torch.float32, device: cuda:0, trainable: True
name: base_model.model.model.language_model.layers.1.mlp.gate_proj.lora_B.default.weight, dtype: torch.float32, device: cuda:0, trainable: True
name: base_model.model.model.language_model.layers.1.mlp.up_proj.base_layer.weight, dtype: torch.bfloat16, device: cuda:0, trainable: False
name: base_model.model.model.language_model.layers.1.mlp.up_proj.lora_A.default.weight, dtype: torch.float32, device: cuda:0, trainable: True
name: base_model.model.model.language_model.layers.1.mlp.up_proj.lora_B.default.weight, dtype: torch.float32, device: cuda:0, trainable: True
name: base_model.model.model.language_model.layers.1.mlp.down_proj.base_layer.weight, dtype: torch.bfloat16, device: cuda:0, trainable: False
name: base_model.model.model.language_model.layers.1.mlp.down_proj.lora_A.default.weight, dtype: torch.float32, device: cuda:0, trainable: True
name: base_model.model.model.language_model.layers.1.mlp.down_proj.lora_B.default.weight, dtype: torch.float32, device: cuda:0, trainable: True
name: base_model.model.model.language_model.layers.1.input_layernorm.weight, dtype: torch.bfloat16, device: cuda:0, trainable: False
name: base_model.model.model.language_model.layers.1.post_attention_layernorm.weight, dtype: torch.bfloat16, device: cuda:0, trainable: False
name: base_model.model.model.language_model.layers.2.self_attn.q_proj.base_layer.weight, dtype: torch.bfloat16, device: cuda:0, trainable: False
name: base_model.model.model.language_model.layers.2.self_attn.q_proj.base_layer.bias, dtype: torch.bfloat16, device: cuda:0, trainable: False
name: base_model.model.model.language_model.layers.2.self_attn.q_proj.lora_A.default.weight, dtype: torch.float32, device: cuda:0, trainable: True
name: base_model.model.model.language_model.layers.2.self_attn.q_proj.lora_B.default.weight, dtype: torch.float32, device: cuda:0, trainable: True
name: base_model.model.model.language_model.layers.2.self_attn.k_proj.base_layer.weight, dtype: torch.bfloat16, device: cuda:0, trainable: False
name: base_model.model.model.language_model.layers.2.self_attn.k_proj.base_layer.bias, dtype: torch.bfloat16, device: cuda:0, trainable: False
name: base_model.model.model.language_model.layers.2.self_attn.k_proj.lora_A.default.weight, dtype: torch.float32, device: cuda:0, trainable: True
name: base_model.model.model.language_model.layers.2.self_attn.k_proj.lora_B.default.weight, dtype: torch.float32, device: cuda:0, trainable: True
name: base_model.model.model.language_model.layers.2.self_attn.v_proj.base_layer.weight, dtype: torch.bfloat16, device: cuda:0, trainable: False
name: base_model.model.model.language_model.layers.2.self_attn.v_proj.base_layer.bias, dtype: torch.bfloat16, device: cuda:0, trainable: False
name: base_model.model.model.language_model.layers.2.self_attn.v_proj.lora_A.default.weight, dtype: torch.float32, device: cuda:0, trainable: True
name: base_model.model.model.language_model.layers.2.self_attn.v_proj.lora_B.default.weight, dtype: torch.float32, device: cuda:0, trainable: True
name: base_model.model.model.language_model.layers.2.self_attn.o_proj.base_layer.weight, dtype: torch.bfloat16, device: cuda:0, trainable: False
name: base_model.model.model.language_model.layers.2.self_attn.o_proj.lora_A.default.weight, dtype: torch.float32, device: cuda:0, trainable: True
name: base_model.model.model.language_model.layers.2.self_attn.o_proj.lora_B.default.weight, dtype: torch.float32, device: cuda:0, trainable: True
name: base_model.model.model.language_model.layers.2.mlp.gate_proj.base_layer.weight, dtype: torch.bfloat16, device: cuda:0, trainable: False
name: base_model.model.model.language_model.layers.2.mlp.gate_proj.lora_A.default.weight, dtype: torch.float32, device: cuda:0, trainable: True
name: base_model.model.model.language_model.layers.2.mlp.gate_proj.lora_B.default.weight, dtype: torch.float32, device: cuda:0, trainable: True
name: base_model.model.model.language_model.layers.2.mlp.up_proj.base_layer.weight, dtype: torch.bfloat16, device: cuda:0, trainable: False
name: base_model.model.model.language_model.layers.2.mlp.up_proj.lora_A.default.weight, dtype: torch.float32, device: cuda:0, trainable: True
name: base_model.model.model.language_model.layers.2.mlp.up_proj.lora_B.default.weight, dtype: torch.float32, device: cuda:0, trainable: True
name: base_model.model.model.language_model.layers.2.mlp.down_proj.base_layer.weight, dtype: torch.bfloat16, device: cuda:0, trainable: False
name: base_model.model.model.language_model.layers.2.mlp.down_proj.lora_A.default.weight, dtype: torch.float32, device: cuda:0, trainable: True
name: base_model.model.model.language_model.layers.2.mlp.down_proj.lora_B.default.weight, dtype: torch.float32, device: cuda:0, trainable: True
name: base_model.model.model.language_model.layers.2.input_layernorm.weight, dtype: torch.bfloat16, device: cuda:0, trainable: False
name: base_model.model.model.language_model.layers.2.post_attention_layernorm.weight, dtype: torch.bfloat16, device: cuda:0, trainable: False
name: base_model.model.model.language_model.layers.3.self_attn.q_proj.base_layer.weight, dtype: torch.bfloat16, device: cuda:0, trainable: False
name: base_model.model.model.language_model.layers.3.self_attn.q_proj.base_layer.bias, dtype: torch.bfloat16, device: cuda:0, trainable: False
name: base_model.model.model.language_model.layers.3.self_attn.q_proj.lora_A.default.weight, dtype: torch.float32, device: cuda:0, trainable: True
name: base_model.model.model.language_model.layers.3.self_attn.q_proj.lora_B.default.weight, dtype: torch.float32, device: cuda:0, trainable: True
name: base_model.model.model.language_model.layers.3.self_attn.k_proj.base_layer.weight, dtype: torch.bfloat16, device: cuda:0, trainable: False
name: base_model.model.model.language_model.layers.3.self_attn.k_proj.base_layer.bias, dtype: torch.bfloat16, device: cuda:0, trainable: False
name: base_model.model.model.language_model.layers.3.self_attn.k_proj.lora_A.default.weight, dtype: torch.float32, device: cuda:0, trainable: True
name: base_model.model.model.language_model.layers.3.self_attn.k_proj.lora_B.default.weight, dtype: torch.float32, device: cuda:0, trainable: True
name: base_model.model.model.language_model.layers.3.self_attn.v_proj.base_layer.weight, dtype: torch.bfloat16, device: cuda:0, trainable: False
name: base_model.model.model.language_model.layers.3.self_attn.v_proj.base_layer.bias, dtype: torch.bfloat16, device: cuda:0, trainable: False
name: base_model.model.model.language_model.layers.3.self_attn.v_proj.lora_A.default.weight, dtype: torch.float32, device: cuda:0, trainable: True
name: base_model.model.model.language_model.layers.3.self_attn.v_proj.lora_B.default.weight, dtype: torch.float32, device: cuda:0, trainable: True
name: base_model.model.model.language_model.layers.3.self_attn.o_proj.base_layer.weight, dtype: torch.bfloat16, device: cuda:0, trainable: False
name: base_model.model.model.language_model.layers.3.self_attn.o_proj.lora_A.default.weight, dtype: torch.float32, device: cuda:0, trainable: True
name: base_model.model.model.language_model.layers.3.self_attn.o_proj.lora_B.default.weight, dtype: torch.float32, device: cuda:0, trainable: True
name: base_model.model.model.language_model.layers.3.mlp.gate_proj.base_layer.weight, dtype: torch.bfloat16, device: cuda:0, trainable: False
name: base_model.model.model.language_model.layers.3.mlp.gate_proj.lora_A.default.weight, dtype: torch.float32, device: cuda:0, trainable: True
name: base_model.model.model.language_model.layers.3.mlp.gate_proj.lora_B.default.weight, dtype: torch.float32, device: cuda:0, trainable: True
name: base_model.model.model.language_model.layers.3.mlp.up_proj.base_layer.weight, dtype: torch.bfloat16, device: cuda:0, trainable: False
name: base_model.model.model.language_model.layers.3.mlp.up_proj.lora_A.default.weight, dtype: torch.float32, device: cuda:0, trainable: True
name: base_model.model.model.language_model.layers.3.mlp.up_proj.lora_B.default.weight, dtype: torch.float32, device: cuda:0, trainable: True
name: base_model.model.model.language_model.layers.3.mlp.down_proj.base_layer.weight, dtype: torch.bfloat16, device: cuda:0, trainable: False
name: base_model.model.model.language_model.layers.3.mlp.down_proj.lora_A.default.weight, dtype: torch.float32, device: cuda:0, trainable: True
name: base_model.model.model.language_model.layers.3.mlp.down_proj.lora_B.default.weight, dtype: torch.float32, device: cuda:0, trainable: True
name: base_model.model.model.language_model.layers.3.input_layernorm.weight, dtype: torch.bfloat16, device: cuda:0, trainable: False
name: base_model.model.model.language_model.layers.3.post_attention_layernorm.weight, dtype: torch.bfloat16, device: cuda:0, trainable: False
name: base_model.model.model.language_model.layers.4.self_attn.q_proj.base_layer.weight, dtype: torch.bfloat16, device: cuda:0, trainable: False
name: base_model.model.model.language_model.layers.4.self_attn.q_proj.base_layer.bias, dtype: torch.bfloat16, device: cuda:0, trainable: False
name: base_model.model.model.language_model.layers.4.self_attn.q_proj.lora_A.default.weight, dtype: torch.float32, device: cuda:0, trainable: True
name: base_model.model.model.language_model.layers.4.self_attn.q_proj.lora_B.default.weight, dtype: torch.float32, device: cuda:0, trainable: True
name: base_model.model.model.language_model.layers.4.self_attn.k_proj.base_layer.weight, dtype: torch.bfloat16, device: cuda:0, trainable: False
name: base_model.model.model.language_model.layers.4.self_attn.k_proj.base_layer.bias, dtype: torch.bfloat16, device: cuda:0, trainable: False
name: base_model.model.model.language_model.layers.4.self_attn.k_proj.lora_A.default.weight, dtype: torch.float32, device: cuda:0, trainable: True
name: base_model.model.model.language_model.layers.4.self_attn.k_proj.lora_B.default.weight, dtype: torch.float32, device: cuda:0, trainable: True
name: base_model.model.model.language_model.layers.4.self_attn.v_proj.base_layer.weight, dtype: torch.bfloat16, device: cuda:0, trainable: False
name: base_model.model.model.language_model.layers.4.self_attn.v_proj.base_layer.bias, dtype: torch.bfloat16, device: cuda:0, trainable: False
name: base_model.model.model.language_model.layers.4.self_attn.v_proj.lora_A.default.weight, dtype: torch.float32, device: cuda:0, trainable: True
name: base_model.model.model.language_model.layers.4.self_attn.v_proj.lora_B.default.weight, dtype: torch.float32, device: cuda:0, trainable: True
name: base_model.model.model.language_model.layers.4.self_attn.o_proj.base_layer.weight, dtype: torch.bfloat16, device: cuda:0, trainable: False
name: base_model.model.model.language_model.layers.4.self_attn.o_proj.lora_A.default.weight, dtype: torch.float32, device: cuda:0, trainable: True
name: base_model.model.model.language_model.layers.4.self_attn.o_proj.lora_B.default.weight, dtype: torch.float32, device: cuda:0, trainable: True
name: base_model.model.model.language_model.layers.4.mlp.gate_proj.base_layer.weight, dtype: torch.bfloat16, device: cuda:0, trainable: False
name: base_model.model.model.language_model.layers.4.mlp.gate_proj.lora_A.default.weight, dtype: torch.float32, device: cuda:0, trainable: True
name: base_model.model.model.language_model.layers.4.mlp.gate_proj.lora_B.default.weight, dtype: torch.float32, device: cuda:0, trainable: True
name: base_model.model.model.language_model.layers.4.mlp.up_proj.base_layer.weight, dtype: torch.bfloat16, device: cuda:0, trainable: False
name: base_model.model.model.language_model.layers.4.mlp.up_proj.lora_A.default.weight, dtype: torch.float32, device: cuda:0, trainable: True
name: base_model.model.model.language_model.layers.4.mlp.up_proj.lora_B.default.weight, dtype: torch.float32, device: cuda:0, trainable: True
name: base_model.model.model.language_model.layers.4.mlp.down_proj.base_layer.weight, dtype: torch.bfloat16, device: cuda:0, trainable: False
name: base_model.model.model.language_model.layers.4.mlp.down_proj.lora_A.default.weight, dtype: torch.float32, device: cuda:0, trainable: True
name: base_model.model.model.language_model.layers.4.mlp.down_proj.lora_B.default.weight, dtype: torch.float32, device: cuda:0, trainable: True
name: base_model.model.model.language_model.layers.4.input_layernorm.weight, dtype: torch.bfloat16, device: cuda:0, trainable: False
name: base_model.model.model.language_model.layers.4.post_attention_layernorm.weight, dtype: torch.bfloat16, device: cuda:0, trainable: False
name: base_model.model.model.language_model.layers.5.self_attn.q_proj.base_layer.weight, dtype: torch.bfloat16, device: cuda:0, trainable: False
name: base_model.model.model.language_model.layers.5.self_attn.q_proj.base_layer.bias, dtype: torch.bfloat16, device: cuda:0, trainable: False
name: base_model.model.model.language_model.layers.5.self_attn.q_proj.lora_A.default.weight, dtype: torch.float32, device: cuda:0, trainable: True
name: base_model.model.model.language_model.layers.5.self_attn.q_proj.lora_B.default.weight, dtype: torch.float32, device: cuda:0, trainable: True
name: base_model.model.model.language_model.layers.5.self_attn.k_proj.base_layer.weight, dtype: torch.bfloat16, device: cuda:0, trainable: False
name: base_model.model.model.language_model.layers.5.self_attn.k_proj.base_layer.bias, dtype: torch.bfloat16, device: cuda:0, trainable: False
name: base_model.model.model.language_model.layers.5.self_attn.k_proj.lora_A.default.weight, dtype: torch.float32, device: cuda:0, trainable: True
name: base_model.model.model.language_model.layers.5.self_attn.k_proj.lora_B.default.weight, dtype: torch.float32, device: cuda:0, trainable: True
name: base_model.model.model.language_model.layers.5.self_attn.v_proj.base_layer.weight, dtype: torch.bfloat16, device: cuda:0, trainable: False
name: base_model.model.model.language_model.layers.5.self_attn.v_proj.base_layer.bias, dtype: torch.bfloat16, device: cuda:0, trainable: False
name: base_model.model.model.language_model.layers.5.self_attn.v_proj.lora_A.default.weight, dtype: torch.float32, device: cuda:0, trainable: True
name: base_model.model.model.language_model.layers.5.self_attn.v_proj.lora_B.default.weight, dtype: torch.float32, device: cuda:0, trainable: True
name: base_model.model.model.language_model.layers.5.self_attn.o_proj.base_layer.weight, dtype: torch.bfloat16, device: cuda:0, trainable: False
[transformers] The tokenizer has new PAD/BOS/EOS tokens that differ from the model config and generation config. The model config and generation config were aligned accordingly, being updated with the tokenizer's values. Updated tokens: {'eos_token_id': 151645, 'bos_token_id': None, 'pad_token_id': 151643}.
name: base_model.model.model.language_model.layers.5.self_attn.o_proj.lora_A.default.weight, dtype: torch.float32, device: cuda:0, trainable: True
name: base_model.model.model.language_model.layers.5.self_attn.o_proj.lora_B.default.weight, dtype: torch.float32, device: cuda:0, trainable: True
name: base_model.model.model.language_model.layers.5.mlp.gate_proj.base_layer.weight, dtype: torch.bfloat16, device: cuda:0, trainable: False
name: base_model.model.model.language_model.layers.5.mlp.gate_proj.lora_A.default.weight, dtype: torch.float32, device: cuda:0, trainable: True
name: base_model.model.model.language_model.layers.5.mlp.gate_proj.lora_B.default.weight, dtype: torch.float32, device: cuda:0, trainable: True
name: base_model.model.model.language_model.layers.5.mlp.up_proj.base_layer.weight, dtype: torch.bfloat16, device: cuda:0, trainable: False
name: base_model.model.model.language_model.layers.5.mlp.up_proj.lora_A.default.weight, dtype: torch.float32, device: cuda:0, trainable: True
name: base_model.model.model.language_model.layers.5.mlp.up_proj.lora_B.default.weight, dtype: torch.float32, device: cuda:0, trainable: True
name: base_model.model.model.language_model.layers.5.mlp.down_proj.base_layer.weight, dtype: torch.bfloat16, device: cuda:0, trainable: False
name: base_model.model.model.language_model.layers.5.mlp.down_proj.lora_A.default.weight, dtype: torch.float32, device: cuda:0, trainable: True
name: base_model.model.model.language_model.layers.5.mlp.down_proj.lora_B.default.weight, dtype: torch.float32, device: cuda:0, trainable: True
name: base_model.model.model.language_model.layers.5.input_layernorm.weight, dtype: torch.bfloat16, device: cuda:0, trainable: False
name: base_model.model.model.language_model.layers.5.post_attention_layernorm.weight, dtype: torch.bfloat16, device: cuda:0, trainable: False
name: base_model.model.model.language_model.layers.6.self_attn.q_proj.base_layer.weight, dtype: torch.bfloat16, device: cuda:0, trainable: False
name: base_model.model.model.language_model.layers.6.self_attn.q_proj.base_layer.bias, dtype: torch.bfloat16, device: cuda:0, trainable: False
name: base_model.model.model.language_model.layers.6.self_attn.q_proj.lora_A.default.weight, dtype: torch.float32, device: cuda:0, trainable: True
name: base_model.model.model.language_model.layers.6.self_attn.q_proj.lora_B.default.weight, dtype: torch.float32, device: cuda:0, trainable: True
name: base_model.model.model.language_model.layers.6.self_attn.k_proj.base_layer.weight, dtype: torch.bfloat16, device: cuda:0, trainable: False
name: base_model.model.model.language_model.layers.6.self_attn.k_proj.base_layer.bias, dtype: torch.bfloat16, device: cuda:0, trainable: False
name: base_model.model.model.language_model.layers.6.self_attn.k_proj.lora_A.default.weight, dtype: torch.float32, device: cuda:0, trainable: True
name: base_model.model.model.language_model.layers.6.self_attn.k_proj.lora_B.default.weight, dtype: torch.float32, device: cuda:0, trainable: True
name: base_model.model.model.language_model.layers.6.self_attn.v_proj.base_layer.weight, dtype: torch.bfloat16, device: cuda:0, trainable: False
name: base_model.model.model.language_model.layers.6.self_attn.v_proj.base_layer.bias, dtype: torch.bfloat16, device: cuda:0, trainable: False
name: base_model.model.model.language_model.layers.6.self_attn.v_proj.lora_A.default.weight, dtype: torch.float32, device: cuda:0, trainable: True
name: base_model.model.model.language_model.layers.6.self_attn.v_proj.lora_B.default.weight, dtype: torch.float32, device: cuda:0, trainable: True
name: base_model.model.model.language_model.layers.6.self_attn.o_proj.base_layer.weight, dtype: torch.bfloat16, device: cuda:0, trainable: False
name: base_model.model.model.language_model.layers.6.self_attn.o_proj.lora_A.default.weight, dtype: torch.float32, device: cuda:0, trainable: True
name: base_model.model.model.language_model.layers.6.self_attn.o_proj.lora_B.default.weight, dtype: torch.float32, device: cuda:0, trainable: True
name: base_model.model.model.language_model.layers.6.mlp.gate_proj.base_layer.weight, dtype: torch.bfloat16, device: cuda:0, trainable: False
name: base_model.model.model.language_model.layers.6.mlp.gate_proj.lora_A.default.weight, dtype: torch.float32, device: cuda:0, trainable: True
name: base_model.model.model.language_model.layers.6.mlp.gate_proj.lora_B.default.weight, dtype: torch.float32, device: cuda:0, trainable: True
name: base_model.model.model.language_model.layers.6.mlp.up_proj.base_layer.weight, dtype: torch.bfloat16, device: cuda:0, trainable: False
name: base_model.model.model.language_model.layers.6.mlp.up_proj.lora_A.default.weight, dtype: torch.float32, device: cuda:0, trainable: True
name: base_model.model.model.language_model.layers.6.mlp.up_proj.lora_B.default.weight, dtype: torch.float32, device: cuda:0, trainable: True
name: base_model.model.model.language_model.layers.6.mlp.down_proj.base_layer.weight, dtype: torch.bfloat16, device: cuda:0, trainable: False
name: base_model.model.model.language_model.layers.6.mlp.down_proj.lora_A.default.weight, dtype: torch.float32, device: cuda:0, trainable: True
name: base_model.model.model.language_model.layers.6.mlp.down_proj.lora_B.default.weight, dtype: torch.float32, device: cuda:0, trainable: True
name: base_model.model.model.language_model.layers.6.input_layernorm.weight, dtype: torch.bfloat16, device: cuda:0, trainable: False
name: base_model.model.model.language_model.layers.6.post_attention_layernorm.weight, dtype: torch.bfloat16, device: cuda:0, trainable: False
name: base_model.model.model.language_model.layers.7.self_attn.q_proj.base_layer.weight, dtype: torch.bfloat16, device: cuda:0, trainable: False
name: base_model.model.model.language_model.layers.7.self_attn.q_proj.base_layer.bias, dtype: torch.bfloat16, device: cuda:0, trainable: False
name: base_model.model.model.language_model.layers.7.self_attn.q_proj.lora_A.default.weight, dtype: torch.float32, device: cuda:0, trainable: True
name: base_model.model.model.language_model.layers.7.self_attn.q_proj.lora_B.default.weight, dtype: torch.float32, device: cuda:0, trainable: True
name: base_model.model.model.language_model.layers.7.self_attn.k_proj.base_layer.weight, dtype: torch.bfloat16, device: cuda:0, trainable: False
name: base_model.model.model.language_model.layers.7.self_attn.k_proj.base_layer.bias, dtype: torch.bfloat16, device: cuda:0, trainable: False
name: base_model.model.model.language_model.layers.7.self_attn.k_proj.lora_A.default.weight, dtype: torch.float32, device: cuda:0, trainable: True
name: base_model.model.model.language_model.layers.7.self_attn.k_proj.lora_B.default.weight, dtype: torch.float32, device: cuda:0, trainable: True
name: base_model.model.model.language_model.layers.7.self_attn.v_proj.base_layer.weight, dtype: torch.bfloat16, device: cuda:0, trainable: False
name: base_model.model.model.language_model.layers.7.self_attn.v_proj.base_layer.bias, dtype: torch.bfloat16, device: cuda:0, trainable: False
name: base_model.model.model.language_model.layers.7.self_attn.v_proj.lora_A.default.weight, dtype: torch.float32, device: cuda:0, trainable: True
name: base_model.model.model.language_model.layers.7.self_attn.v_proj.lora_B.default.weight, dtype: torch.float32, device: cuda:0, trainable: True
name: base_model.model.model.language_model.layers.7.self_attn.o_proj.base_layer.weight, dtype: torch.bfloat16, device: cuda:0, trainable: False
name: base_model.model.model.language_model.layers.7.self_attn.o_proj.lora_A.default.weight, dtype: torch.float32, device: cuda:0, trainable: True
name: base_model.model.model.language_model.layers.7.self_attn.o_proj.lora_B.default.weight, dtype: torch.float32, device: cuda:0, trainable: True
name: base_model.model.model.language_model.layers.7.mlp.gate_proj.base_layer.weight, dtype: torch.bfloat16, device: cuda:0, trainable: False
name: base_model.model.model.language_model.layers.7.mlp.gate_proj.lora_A.default.weight, dtype: torch.float32, device: cuda:0, trainable: True
name: base_model.model.model.language_model.layers.7.mlp.gate_proj.lora_B.default.weight, dtype: torch.float32, device: cuda:0, trainable: True
name: base_model.model.model.language_model.layers.7.mlp.up_proj.base_layer.weight, dtype: torch.bfloat16, device: cuda:0, trainable: False
name: base_model.model.model.language_model.layers.7.mlp.up_proj.lora_A.default.weight, dtype: torch.float32, device: cuda:0, trainable: True
name: base_model.model.model.language_model.layers.7.mlp.up_proj.lora_B.default.weight, dtype: torch.float32, device: cuda:0, trainable: True
name: base_model.model.model.language_model.layers.7.mlp.down_proj.base_layer.weight, dtype: torch.bfloat16, device: cuda:0, trainable: False
name: base_model.model.model.language_model.layers.7.mlp.down_proj.lora_A.default.weight, dtype: torch.float32, device: cuda:0, trainable: True
name: base_model.model.model.language_model.layers.7.mlp.down_proj.lora_B.default.weight, dtype: torch.float32, device: cuda:0, trainable: True
name: base_model.model.model.language_model.layers.7.input_layernorm.weight, dtype: torch.bfloat16, device: cuda:0, trainable: False
name: base_model.model.model.language_model.layers.7.post_attention_layernorm.weight, dtype: torch.bfloat16, device: cuda:0, trainable: False
name: base_model.model.model.language_model.layers.8.self_attn.q_proj.base_layer.weight, dtype: torch.bfloat16, device: cuda:0, trainable: False
name: base_model.model.model.language_model.layers.8.self_attn.q_proj.base_layer.bias, dtype: torch.bfloat16, device: cuda:0, trainable: False
name: base_model.model.model.language_model.layers.8.self_attn.q_proj.lora_A.default.weight, dtype: torch.float32, device: cuda:0, trainable: True
name: base_model.model.model.language_model.layers.8.self_attn.q_proj.lora_B.default.weight, dtype: torch.float32, device: cuda:0, trainable: True
name: base_model.model.model.language_model.layers.8.self_attn.k_proj.base_layer.weight, dtype: torch.bfloat16, device: cuda:0, trainable: False
name: base_model.model.model.language_model.layers.8.self_attn.k_proj.base_layer.bias, dtype: torch.bfloat16, device: cuda:0, trainable: False
name: base_model.model.model.language_model.layers.8.self_attn.k_proj.lora_A.default.weight, dtype: torch.float32, device: cuda:0, trainable: True
name: base_model.model.model.language_model.layers.8.self_attn.k_proj.lora_B.default.weight, dtype: torch.float32, device: cuda:0, trainable: True
name: base_model.model.model.language_model.layers.8.self_attn.v_proj.base_layer.weight, dtype: torch.bfloat16, device: cuda:0, trainable: False
name: base_model.model.model.language_model.layers.8.self_attn.v_proj.base_layer.bias, dtype: torch.bfloat16, device: cuda:0, trainable: False
name: base_model.model.model.language_model.layers.8.self_attn.v_proj.lora_A.default.weight, dtype: torch.float32, device: cuda:0, trainable: True
name: base_model.model.model.language_model.layers.8.self_attn.v_proj.lora_B.default.weight, dtype: torch.float32, device: cuda:0, trainable: True
name: base_model.model.model.language_model.layers.8.self_attn.o_proj.base_layer.weight, dtype: torch.bfloat16, device: cuda:0, trainable: False
name: base_model.model.model.language_model.layers.8.self_attn.o_proj.lora_A.default.weight, dtype: torch.float32, device: cuda:0, trainable: True
name: base_model.model.model.language_model.layers.8.self_attn.o_proj.lora_B.default.weight, dtype: torch.float32, device: cuda:0, trainable: True
name: base_model.model.model.language_model.layers.8.mlp.gate_proj.base_layer.weight, dtype: torch.bfloat16, device: cuda:0, trainable: False
name: base_model.model.model.language_model.layers.8.mlp.gate_proj.lora_A.default.weight, dtype: torch.float32, device: cuda:0, trainable: True
name: base_model.model.model.language_model.layers.8.mlp.gate_proj.lora_B.default.weight, dtype: torch.float32, device: cuda:0, trainable: True
name: base_model.model.model.language_model.layers.8.mlp.up_proj.base_layer.weight, dtype: torch.bfloat16, device: cuda:0, trainable: False
name: base_model.model.model.language_model.layers.8.mlp.up_proj.lora_A.default.weight, dtype: torch.float32, device: cuda:0, trainable: True
name: base_model.model.model.language_model.layers.8.mlp.up_proj.lora_B.default.weight, dtype: torch.float32, device: cuda:0, trainable: True
name: base_model.model.model.language_model.layers.8.mlp.down_proj.base_layer.weight, dtype: torch.bfloat16, device: cuda:0, trainable: False
name: base_model.model.model.language_model.layers.8.mlp.down_proj.lora_A.default.weight, dtype: torch.float32, device: cuda:0, trainable: True
name: base_model.model.model.language_model.layers.8.mlp.down_proj.lora_B.default.weight, dtype: torch.float32, device: cuda:0, trainable: True
name: base_model.model.model.language_model.layers.8.input_layernorm.weight, dtype: torch.bfloat16, device: cuda:0, trainable: False
name: base_model.model.model.language_model.layers.8.post_attention_layernorm.weight, dtype: torch.bfloat16, device: cuda:0, trainable: False
name: base_model.model.model.language_model.layers.9.self_attn.q_proj.base_layer.weight, dtype: torch.bfloat16, device: cuda:0, trainable: False
name: base_model.model.model.language_model.layers.9.self_attn.q_proj.base_layer.bias, dtype: torch.bfloat16, device: cuda:0, trainable: False
name: base_model.model.model.language_model.layers.9.self_attn.q_proj.lora_A.default.weight, dtype: torch.float32, device: cuda:0, trainable: True
name: base_model.model.model.language_model.layers.9.self_attn.q_proj.lora_B.default.weight, dtype: torch.float32, device: cuda:0, trainable: True
name: base_model.model.model.language_model.layers.9.self_attn.k_proj.base_layer.weight, dtype: torch.bfloat16, device: cuda:0, trainable: False
name: base_model.model.model.language_model.layers.9.self_attn.k_proj.base_layer.bias, dtype: torch.bfloat16, device: cuda:0, trainable: False
name: base_model.model.model.language_model.layers.9.self_attn.k_proj.lora_A.default.weight, dtype: torch.float32, device: cuda:0, trainable: True
name: base_model.model.model.language_model.layers.9.self_attn.k_proj.lora_B.default.weight, dtype: torch.float32, device: cuda:0, trainable: True
name: base_model.model.model.language_model.layers.9.self_attn.v_proj.base_layer.weight, dtype: torch.bfloat16, device: cuda:0, trainable: False
name: base_model.model.model.language_model.layers.9.self_attn.v_proj.base_layer.bias, dtype: torch.bfloat16, device: cuda:0, trainable: False
name: base_model.model.model.language_model.layers.9.self_attn.v_proj.lora_A.default.weight, dtype: torch.float32, device: cuda:0, trainable: True
name: base_model.model.model.language_model.layers.9.self_attn.v_proj.lora_B.default.weight, dtype: torch.float32, device: cuda:0, trainable: True
name: base_model.model.model.language_model.layers.9.self_attn.o_proj.base_layer.weight, dtype: torch.bfloat16, device: cuda:0, trainable: False
name: base_model.model.model.language_model.layers.9.self_attn.o_proj.lora_A.default.weight, dtype: torch.float32, device: cuda:0, trainable: True
name: base_model.model.model.language_model.layers.9.self_attn.o_proj.lora_B.default.weight, dtype: torch.float32, device: cuda:0, trainable: True
name: base_model.model.model.language_model.layers.9.mlp.gate_proj.base_layer.weight, dtype: torch.bfloat16, device: cuda:0, trainable: False
name: base_model.model.model.language_model.layers.9.mlp.gate_proj.lora_A.default.weight, dtype: torch.float32, device: cuda:0, trainable: True
name: base_model.model.model.language_model.layers.9.mlp.gate_proj.lora_B.default.weight, dtype: torch.float32, device: cuda:0, trainable: True
name: base_model.model.model.language_model.layers.9.mlp.up_proj.base_layer.weight, dtype: torch.bfloat16, device: cuda:0, trainable: False
name: base_model.model.model.language_model.layers.9.mlp.up_proj.lora_A.default.weight, dtype: torch.float32, device: cuda:0, trainable: True
name: base_model.model.model.language_model.layers.9.mlp.up_proj.lora_B.default.weight, dtype: torch.float32, device: cuda:0, trainable: True
name: base_model.model.model.language_model.layers.9.mlp.down_proj.base_layer.weight, dtype: torch.bfloat16, device: cuda:0, trainable: False
name: base_model.model.model.language_model.layers.9.mlp.down_proj.lora_A.default.weight, dtype: torch.float32, device: cuda:0, trainable: True
name: base_model.model.model.language_model.layers.9.mlp.down_proj.lora_B.default.weight, dtype: torch.float32, device: cuda:0, trainable: True
name: base_model.model.model.language_model.layers.9.input_layernorm.weight, dtype: torch.bfloat16, device: cuda:0, trainable: False
name: base_model.model.model.language_model.layers.9.post_attention_layernorm.weight, dtype: torch.bfloat16, device: cuda:0, trainable: False
name: base_model.model.model.language_model.layers.10.self_attn.q_proj.base_layer.weight, dtype: torch.bfloat16, device: cuda:0, trainable: False
name: base_model.model.model.language_model.layers.10.self_attn.q_proj.base_layer.bias, dtype: torch.bfloat16, device: cuda:0, trainable: False
name: base_model.model.model.language_model.layers.10.self_attn.q_proj.lora_A.default.weight, dtype: torch.float32, device: cuda:0, trainable: True
name: base_model.model.model.language_model.layers.10.self_attn.q_proj.lora_B.default.weight, dtype: torch.float32, device: cuda:0, trainable: True
name: base_model.model.model.language_model.layers.10.self_attn.k_proj.base_layer.weight, dtype: torch.bfloat16, device: cuda:0, trainable: False
name: base_model.model.model.language_model.layers.10.self_attn.k_proj.base_layer.bias, dtype: torch.bfloat16, device: cuda:0, trainable: False
name: base_model.model.model.language_model.layers.10.self_attn.k_proj.lora_A.default.weight, dtype: torch.float32, device: cuda:0, trainable: True
name: base_model.model.model.language_model.layers.10.self_attn.k_proj.lora_B.default.weight, dtype: torch.float32, device: cuda:0, trainable: True
name: base_model.model.model.language_model.layers.10.self_attn.v_proj.base_layer.weight, dtype: torch.bfloat16, device: cuda:0, trainable: False
name: base_model.model.model.language_model.layers.10.self_attn.v_proj.base_layer.bias, dtype: torch.bfloat16, device: cuda:0, trainable: False
name: base_model.model.model.language_model.layers.10.self_attn.v_proj.lora_A.default.weight, dtype: torch.float32, device: cuda:0, trainable: True
name: base_model.model.model.language_model.layers.10.self_attn.v_proj.lora_B.default.weight, dtype: torch.float32, device: cuda:0, trainable: True
name: base_model.model.model.language_model.layers.10.self_attn.o_proj.base_layer.weight, dtype: torch.bfloat16, device: cuda:0, trainable: False
name: base_model.model.model.language_model.layers.10.self_attn.o_proj.lora_A.default.weight, dtype: torch.float32, device: cuda:0, trainable: True
name: base_model.model.model.language_model.layers.10.self_attn.o_proj.lora_B.default.weight, dtype: torch.float32, device: cuda:0, trainable: True
name: base_model.model.model.language_model.layers.10.mlp.gate_proj.base_layer.weight, dtype: torch.bfloat16, device: cuda:0, trainable: False
name: base_model.model.model.language_model.layers.10.mlp.gate_proj.lora_A.default.weight, dtype: torch.float32, device: cuda:0, trainable: True
name: base_model.model.model.language_model.layers.10.mlp.gate_proj.lora_B.default.weight, dtype: torch.float32, device: cuda:0, trainable: True
name: base_model.model.model.language_model.layers.10.mlp.up_proj.base_layer.weight, dtype: torch.bfloat16, device: cuda:0, trainable: False
name: base_model.model.model.language_model.layers.10.mlp.up_proj.lora_A.default.weight, dtype: torch.float32, device: cuda:0, trainable: True
name: base_model.model.model.language_model.layers.10.mlp.up_proj.lora_B.default.weight, dtype: torch.float32, device: cuda:0, trainable: True
name: base_model.model.model.language_model.layers.10.mlp.down_proj.base_layer.weight, dtype: torch.bfloat16, device: cuda:0, trainable: False
name: base_model.model.model.language_model.layers.10.mlp.down_proj.lora_A.default.weight, dtype: torch.float32, device: cuda:0, trainable: True
name: base_model.model.model.language_model.layers.10.mlp.down_proj.lora_B.default.weight, dtype: torch.float32, device: cuda:0, trainable: True
name: base_model.model.model.language_model.layers.10.input_layernorm.weight, dtype: torch.bfloat16, device: cuda:0, trainable: False
name: base_model.model.model.language_model.layers.10.post_attention_layernorm.weight, dtype: torch.bfloat16, device: cuda:0, trainable: False
name: base_model.model.model.language_model.layers.11.self_attn.q_proj.base_layer.weight, dtype: torch.bfloat16, device: cuda:0, trainable: False
name: base_model.model.model.language_model.layers.11.self_attn.q_proj.base_layer.bias, dtype: torch.bfloat16, device: cuda:0, trainable: False
name: base_model.model.model.language_model.layers.11.self_attn.q_proj.lora_A.default.weight, dtype: torch.float32, device: cuda:0, trainable: True
name: base_model.model.model.language_model.layers.11.self_attn.q_proj.lora_B.default.weight, dtype: torch.float32, device: cuda:0, trainable: True
name: base_model.model.model.language_model.layers.11.self_attn.k_proj.base_layer.weight, dtype: torch.bfloat16, device: cuda:0, trainable: False
name: base_model.model.model.language_model.layers.11.self_attn.k_proj.base_layer.bias, dtype: torch.bfloat16, device: cuda:0, trainable: False
name: base_model.model.model.language_model.layers.11.self_attn.k_proj.lora_A.default.weight, dtype: torch.float32, device: cuda:0, trainable: True
name: base_model.model.model.language_model.layers.11.self_attn.k_proj.lora_B.default.weight, dtype: torch.float32, device: cuda:0, trainable: True
name: base_model.model.model.language_model.layers.11.self_attn.v_proj.base_layer.weight, dtype: torch.bfloat16, device: cuda:0, trainable: False
name: base_model.model.model.language_model.layers.11.self_attn.v_proj.base_layer.bias, dtype: torch.bfloat16, device: cuda:0, trainable: False
name: base_model.model.model.language_model.layers.11.self_attn.v_proj.lora_A.default.weight, dtype: torch.float32, device: cuda:0, trainable: True
name: base_model.model.model.language_model.layers.11.self_attn.v_proj.lora_B.default.weight, dtype: torch.float32, device: cuda:0, trainable: True
name: base_model.model.model.language_model.layers.11.self_attn.o_proj.base_layer.weight, dtype: torch.bfloat16, device: cuda:0, trainable: False
name: base_model.model.model.language_model.layers.11.self_attn.o_proj.lora_A.default.weight, dtype: torch.float32, device: cuda:0, trainable: True
name: base_model.model.model.language_model.layers.11.self_attn.o_proj.lora_B.default.weight, dtype: torch.float32, device: cuda:0, trainable: True
name: base_model.model.model.language_model.layers.11.mlp.gate_proj.base_layer.weight, dtype: torch.bfloat16, device: cuda:0, trainable: False
name: base_model.model.model.language_model.layers.11.mlp.gate_proj.lora_A.default.weight, dtype: torch.float32, device: cuda:0, trainable: True
name: base_model.model.model.language_model.layers.11.mlp.gate_proj.lora_B.default.weight, dtype: torch.float32, device: cuda:0, trainable: True
name: base_model.model.model.language_model.layers.11.mlp.up_proj.base_layer.weight, dtype: torch.bfloat16, device: cuda:0, trainable: False
name: base_model.model.model.language_model.layers.11.mlp.up_proj.lora_A.default.weight, dtype: torch.float32, device: cuda:0, trainable: True
name: base_model.model.model.language_model.layers.11.mlp.up_proj.lora_B.default.weight, dtype: torch.float32, device: cuda:0, trainable: True
name: base_model.model.model.language_model.layers.11.mlp.down_proj.base_layer.weight, dtype: torch.bfloat16, device: cuda:0, trainable: False
name: base_model.model.model.language_model.layers.11.mlp.down_proj.lora_A.default.weight, dtype: torch.float32, device: cuda:0, trainable: True
name: base_model.model.model.language_model.layers.11.mlp.down_proj.lora_B.default.weight, dtype: torch.float32, device: cuda:0, trainable: True
name: base_model.model.model.language_model.layers.11.input_layernorm.weight, dtype: torch.bfloat16, device: cuda:0, trainable: False
name: base_model.model.model.language_model.layers.11.post_attention_layernorm.weight, dtype: torch.bfloat16, device: cuda:0, trainable: False
name: base_model.model.model.language_model.layers.12.self_attn.q_proj.base_layer.weight, dtype: torch.bfloat16, device: cuda:0, trainable: False
name: base_model.model.model.language_model.layers.12.self_attn.q_proj.base_layer.bias, dtype: torch.bfloat16, device: cuda:0, trainable: False
name: base_model.model.model.language_model.layers.12.self_attn.q_proj.lora_A.default.weight, dtype: torch.float32, device: cuda:0, trainable: True
name: base_model.model.model.language_model.layers.12.self_attn.q_proj.lora_B.default.weight, dtype: torch.float32, device: cuda:0, trainable: True
name: base_model.model.model.language_model.layers.12.self_attn.k_proj.base_layer.weight, dtype: torch.bfloat16, device: cuda:0, trainable: False
name: base_model.model.model.language_model.layers.12.self_attn.k_proj.base_layer.bias, dtype: torch.bfloat16, device: cuda:0, trainable: False
name: base_model.model.model.language_model.layers.12.self_attn.k_proj.lora_A.default.weight, dtype: torch.float32, device: cuda:0, trainable: True
name: base_model.model.model.language_model.layers.12.self_attn.k_proj.lora_B.default.weight, dtype: torch.float32, device: cuda:0, trainable: True
name: base_model.model.model.language_model.layers.12.self_attn.v_proj.base_layer.weight, dtype: torch.bfloat16, device: cuda:0, trainable: False
name: base_model.model.model.language_model.layers.12.self_attn.v_proj.base_layer.bias, dtype: torch.bfloat16, device: cuda:0, trainable: False
name: base_model.model.model.language_model.layers.12.self_attn.v_proj.lora_A.default.weight, dtype: torch.float32, device: cuda:0, trainable: True
name: base_model.model.model.language_model.layers.12.self_attn.v_proj.lora_B.default.weight, dtype: torch.float32, device: cuda:0, trainable: True
name: base_model.model.model.language_model.layers.12.self_attn.o_proj.base_layer.weight, dtype: torch.bfloat16, device: cuda:0, trainable: False
name: base_model.model.model.language_model.layers.12.self_attn.o_proj.lora_A.default.weight, dtype: torch.float32, device: cuda:0, trainable: True
name: base_model.model.model.language_model.layers.12.self_attn.o_proj.lora_B.default.weight, dtype: torch.float32, device: cuda:0, trainable: True
name: base_model.model.model.language_model.layers.12.mlp.gate_proj.base_layer.weight, dtype: torch.bfloat16, device: cuda:0, trainable: False
name: base_model.model.model.language_model.layers.12.mlp.gate_proj.lora_A.default.weight, dtype: torch.float32, device: cuda:0, trainable: True
name: base_model.model.model.language_model.layers.12.mlp.gate_proj.lora_B.default.weight, dtype: torch.float32, device: cuda:0, trainable: True
name: base_model.model.model.language_model.layers.12.mlp.up_proj.base_layer.weight, dtype: torch.bfloat16, device: cuda:0, trainable: False
name: base_model.model.model.language_model.layers.12.mlp.up_proj.lora_A.default.weight, dtype: torch.float32, device: cuda:0, trainable: True
name: base_model.model.model.language_model.layers.12.mlp.up_proj.lora_B.default.weight, dtype: torch.float32, device: cuda:0, trainable: True
name: base_model.model.model.language_model.layers.12.mlp.down_proj.base_layer.weight, dtype: torch.bfloat16, device: cuda:0, trainable: False
name: base_model.model.model.language_model.layers.12.mlp.down_proj.lora_A.default.weight, dtype: torch.float32, device: cuda:0, trainable: True
name: base_model.model.model.language_model.layers.12.mlp.down_proj.lora_B.default.weight, dtype: torch.float32, device: cuda:0, trainable: True
name: base_model.model.model.language_model.layers.12.input_layernorm.weight, dtype: torch.bfloat16, device: cuda:0, trainable: False
name: base_model.model.model.language_model.layers.12.post_attention_layernorm.weight, dtype: torch.bfloat16, device: cuda:0, trainable: False
name: base_model.model.model.language_model.layers.13.self_attn.q_proj.base_layer.weight, dtype: torch.bfloat16, device: cuda:0, trainable: False
name: base_model.model.model.language_model.layers.13.self_attn.q_proj.base_layer.bias, dtype: torch.bfloat16, device: cuda:0, trainable: False
name: base_model.model.model.language_model.layers.13.self_attn.q_proj.lora_A.default.weight, dtype: torch.float32, device: cuda:0, trainable: True
name: base_model.model.model.language_model.layers.13.self_attn.q_proj.lora_B.default.weight, dtype: torch.float32, device: cuda:0, trainable: True
name: base_model.model.model.language_model.layers.13.self_attn.k_proj.base_layer.weight, dtype: torch.bfloat16, device: cuda:0, trainable: False
name: base_model.model.model.language_model.layers.13.self_attn.k_proj.base_layer.bias, dtype: torch.bfloat16, device: cuda:0, trainable: False
name: base_model.model.model.language_model.layers.13.self_attn.k_proj.lora_A.default.weight, dtype: torch.float32, device: cuda:0, trainable: True
name: base_model.model.model.language_model.layers.13.self_attn.k_proj.lora_B.default.weight, dtype: torch.float32, device: cuda:0, trainable: True
name: base_model.model.model.language_model.layers.13.self_attn.v_proj.base_layer.weight, dtype: torch.bfloat16, device: cuda:0, trainable: False
name: base_model.model.model.language_model.layers.13.self_attn.v_proj.base_layer.bias, dtype: torch.bfloat16, device: cuda:0, trainable: False
name: base_model.model.model.language_model.layers.13.self_attn.v_proj.lora_A.default.weight, dtype: torch.float32, device: cuda:0, trainable: True
name: base_model.model.model.language_model.layers.13.self_attn.v_proj.lora_B.default.weight, dtype: torch.float32, device: cuda:0, trainable: True
name: base_model.model.model.language_model.layers.13.self_attn.o_proj.base_layer.weight, dtype: torch.bfloat16, device: cuda:0, trainable: False
name: base_model.model.model.language_model.layers.13.self_attn.o_proj.lora_A.default.weight, dtype: torch.float32, device: cuda:0, trainable: True
name: base_model.model.model.language_model.layers.13.self_attn.o_proj.lora_B.default.weight, dtype: torch.float32, device: cuda:0, trainable: True
name: base_model.model.model.language_model.layers.13.mlp.gate_proj.base_layer.weight, dtype: torch.bfloat16, device: cuda:0, trainable: False
name: base_model.model.model.language_model.layers.13.mlp.gate_proj.lora_A.default.weight, dtype: torch.float32, device: cuda:0, trainable: True
name: base_model.model.model.language_model.layers.13.mlp.gate_proj.lora_B.default.weight, dtype: torch.float32, device: cuda:0, trainable: True
name: base_model.model.model.language_model.layers.13.mlp.up_proj.base_layer.weight, dtype: torch.bfloat16, device: cuda:0, trainable: False
name: base_model.model.model.language_model.layers.13.mlp.up_proj.lora_A.default.weight, dtype: torch.float32, device: cuda:0, trainable: True
name: base_model.model.model.language_model.layers.13.mlp.up_proj.lora_B.default.weight, dtype: torch.float32, device: cuda:0, trainable: True
name: base_model.model.model.language_model.layers.13.mlp.down_proj.base_layer.weight, dtype: torch.bfloat16, device: cuda:0, trainable: False
name: base_model.model.model.language_model.layers.13.mlp.down_proj.lora_A.default.weight, dtype: torch.float32, device: cuda:0, trainable: True
name: base_model.model.model.language_model.layers.13.mlp.down_proj.lora_B.default.weight, dtype: torch.float32, device: cuda:0, trainable: True
name: base_model.model.model.language_model.layers.13.input_layernorm.weight, dtype: torch.bfloat16, device: cuda:0, trainable: False
name: base_model.model.model.language_model.layers.13.post_attention_layernorm.weight, dtype: torch.bfloat16, device: cuda:0, trainable: False
name: base_model.model.model.language_model.layers.14.self_attn.q_proj.base_layer.weight, dtype: torch.bfloat16, device: cuda:0, trainable: False
name: base_model.model.model.language_model.layers.14.self_attn.q_proj.base_layer.bias, dtype: torch.bfloat16, device: cuda:0, trainable: False
name: base_model.model.model.language_model.layers.14.self_attn.q_proj.lora_A.default.weight, dtype: torch.float32, device: cuda:0, trainable: True
name: base_model.model.model.language_model.layers.14.self_attn.q_proj.lora_B.default.weight, dtype: torch.float32, device: cuda:0, trainable: True
name: base_model.model.model.language_model.layers.14.self_attn.k_proj.base_layer.weight, dtype: torch.bfloat16, device: cuda:0, trainable: False
name: base_model.model.model.language_model.layers.14.self_attn.k_proj.base_layer.bias, dtype: torch.bfloat16, device: cuda:0, trainable: False
name: base_model.model.model.language_model.layers.14.self_attn.k_proj.lora_A.default.weight, dtype: torch.float32, device: cuda:0, trainable: True
name: base_model.model.model.language_model.layers.14.self_attn.k_proj.lora_B.default.weight, dtype: torch.float32, device: cuda:0, trainable: True
name: base_model.model.model.language_model.layers.14.self_attn.v_proj.base_layer.weight, dtype: torch.bfloat16, device: cuda:0, trainable: False
name: base_model.model.model.language_model.layers.14.self_attn.v_proj.base_layer.bias, dtype: torch.bfloat16, device: cuda:0, trainable: False
name: base_model.model.model.language_model.layers.14.self_attn.v_proj.lora_A.default.weight, dtype: torch.float32, device: cuda:0, trainable: True
name: base_model.model.model.language_model.layers.14.self_attn.v_proj.lora_B.default.weight, dtype: torch.float32, device: cuda:0, trainable: True
name: base_model.model.model.language_model.layers.14.self_attn.o_proj.base_layer.weight, dtype: torch.bfloat16, device: cuda:0, trainable: False
name: base_model.model.model.language_model.layers.14.self_attn.o_proj.lora_A.default.weight, dtype: torch.float32, device: cuda:0, trainable: True
name: base_model.model.model.language_model.layers.14.self_attn.o_proj.lora_B.default.weight, dtype: torch.float32, device: cuda:0, trainable: True
name: base_model.model.model.language_model.layers.14.mlp.gate_proj.base_layer.weight, dtype: torch.bfloat16, device: cuda:0, trainable: False
name: base_model.model.model.language_model.layers.14.mlp.gate_proj.lora_A.default.weight, dtype: torch.float32, device: cuda:0, trainable: True
name: base_model.model.model.language_model.layers.14.mlp.gate_proj.lora_B.default.weight, dtype: torch.float32, device: cuda:0, trainable: True
name: base_model.model.model.language_model.layers.14.mlp.up_proj.base_layer.weight, dtype: torch.bfloat16, device: cuda:0, trainable: False
name: base_model.model.model.language_model.layers.14.mlp.up_proj.lora_A.default.weight, dtype: torch.float32, device: cuda:0, trainable: True
name: base_model.model.model.language_model.layers.14.mlp.up_proj.lora_B.default.weight, dtype: torch.float32, device: cuda:0, trainable: True
name: base_model.model.model.language_model.layers.14.mlp.down_proj.base_layer.weight, dtype: torch.bfloat16, device: cuda:0, trainable: False
name: base_model.model.model.language_model.layers.14.mlp.down_proj.lora_A.default.weight, dtype: torch.float32, device: cuda:0, trainable: True
name: base_model.model.model.language_model.layers.14.mlp.down_proj.lora_B.default.weight, dtype: torch.float32, device: cuda:0, trainable: True
name: base_model.model.model.language_model.layers.14.input_layernorm.weight, dtype: torch.bfloat16, device: cuda:0, trainable: False
name: base_model.model.model.language_model.layers.14.post_attention_layernorm.weight, dtype: torch.bfloat16, device: cuda:0, trainable: False
name: base_model.model.model.language_model.layers.15.self_attn.q_proj.base_layer.weight, dtype: torch.bfloat16, device: cuda:0, trainable: False
name: base_model.model.model.language_model.layers.15.self_attn.q_proj.base_layer.bias, dtype: torch.bfloat16, device: cuda:0, trainable: False
name: base_model.model.model.language_model.layers.15.self_attn.q_proj.lora_A.default.weight, dtype: torch.float32, device: cuda:0, trainable: True
name: base_model.model.model.language_model.layers.15.self_attn.q_proj.lora_B.default.weight, dtype: torch.float32, device: cuda:0, trainable: True
name: base_model.model.model.language_model.layers.15.self_attn.k_proj.base_layer.weight, dtype: torch.bfloat16, device: cuda:0, trainable: False
name: base_model.model.model.language_model.layers.15.self_attn.k_proj.base_layer.bias, dtype: torch.bfloat16, device: cuda:0, trainable: False
name: base_model.model.model.language_model.layers.15.self_attn.k_proj.lora_A.default.weight, dtype: torch.float32, device: cuda:0, trainable: True
name: base_model.model.model.language_model.layers.15.self_attn.k_proj.lora_B.default.weight, dtype: torch.float32, device: cuda:0, trainable: True
name: base_model.model.model.language_model.layers.15.self_attn.v_proj.base_layer.weight, dtype: torch.bfloat16, device: cuda:0, trainable: False
name: base_model.model.model.language_model.layers.15.self_attn.v_proj.base_layer.bias, dtype: torch.bfloat16, device: cuda:0, trainable: False
name: base_model.model.model.language_model.layers.15.self_attn.v_proj.lora_A.default.weight, dtype: torch.float32, device: cuda:0, trainable: True
name: base_model.model.model.language_model.layers.15.self_attn.v_proj.lora_B.default.weight, dtype: torch.float32, device: cuda:0, trainable: True
name: base_model.model.model.language_model.layers.15.self_attn.o_proj.base_layer.weight, dtype: torch.bfloat16, device: cuda:0, trainable: False
name: base_model.model.model.language_model.layers.15.self_attn.o_proj.lora_A.default.weight, dtype: torch.float32, device: cuda:0, trainable: True
name: base_model.model.model.language_model.layers.15.self_attn.o_proj.lora_B.default.weight, dtype: torch.float32, device: cuda:0, trainable: True
name: base_model.model.model.language_model.layers.15.mlp.gate_proj.base_layer.weight, dtype: torch.bfloat16, device: cuda:0, trainable: False
name: base_model.model.model.language_model.layers.15.mlp.gate_proj.lora_A.default.weight, dtype: torch.float32, device: cuda:0, trainable: True
name: base_model.model.model.language_model.layers.15.mlp.gate_proj.lora_B.default.weight, dtype: torch.float32, device: cuda:0, trainable: True
name: base_model.model.model.language_model.layers.15.mlp.up_proj.base_layer.weight, dtype: torch.bfloat16, device: cuda:0, trainable: False
name: base_model.model.model.language_model.layers.15.mlp.up_proj.lora_A.default.weight, dtype: torch.float32, device: cuda:0, trainable: True
name: base_model.model.model.language_model.layers.15.mlp.up_proj.lora_B.default.weight, dtype: torch.float32, device: cuda:0, trainable: True
name: base_model.model.model.language_model.layers.15.mlp.down_proj.base_layer.weight, dtype: torch.bfloat16, device: cuda:0, trainable: False
name: base_model.model.model.language_model.layers.15.mlp.down_proj.lora_A.default.weight, dtype: torch.float32, device: cuda:0, trainable: True
name: base_model.model.model.language_model.layers.15.mlp.down_proj.lora_B.default.weight, dtype: torch.float32, device: cuda:0, trainable: True
name: base_model.model.model.language_model.layers.15.input_layernorm.weight, dtype: torch.bfloat16, device: cuda:0, trainable: False
name: base_model.model.model.language_model.layers.15.post_attention_layernorm.weight, dtype: torch.bfloat16, device: cuda:0, trainable: False
name: base_model.model.model.language_model.layers.16.self_attn.q_proj.base_layer.weight, dtype: torch.bfloat16, device: cuda:0, trainable: False
name: base_model.model.model.language_model.layers.16.self_attn.q_proj.base_layer.bias, dtype: torch.bfloat16, device: cuda:0, trainable: False
name: base_model.model.model.language_model.layers.16.self_attn.q_proj.lora_A.default.weight, dtype: torch.float32, device: cuda:0, trainable: True
name: base_model.model.model.language_model.layers.16.self_attn.q_proj.lora_B.default.weight, dtype: torch.float32, device: cuda:0, trainable: True
name: base_model.model.model.language_model.layers.16.self_attn.k_proj.base_layer.weight, dtype: torch.bfloat16, device: cuda:0, trainable: False
name: base_model.model.model.language_model.layers.16.self_attn.k_proj.base_layer.bias, dtype: torch.bfloat16, device: cuda:0, trainable: False
name: base_model.model.model.language_model.layers.16.self_attn.k_proj.lora_A.default.weight, dtype: torch.float32, device: cuda:0, trainable: True
name: base_model.model.model.language_model.layers.16.self_attn.k_proj.lora_B.default.weight, dtype: torch.float32, device: cuda:0, trainable: True
name: base_model.model.model.language_model.layers.16.self_attn.v_proj.base_layer.weight, dtype: torch.bfloat16, device: cuda:0, trainable: False
name: base_model.model.model.language_model.layers.16.self_attn.v_proj.base_layer.bias, dtype: torch.bfloat16, device: cuda:0, trainable: False
name: base_model.model.model.language_model.layers.16.self_attn.v_proj.lora_A.default.weight, dtype: torch.float32, device: cuda:0, trainable: True
name: base_model.model.model.language_model.layers.16.self_attn.v_proj.lora_B.default.weight, dtype: torch.float32, device: cuda:0, trainable: True
name: base_model.model.model.language_model.layers.16.self_attn.o_proj.base_layer.weight, dtype: torch.bfloat16, device: cuda:0, trainable: False
name: base_model.model.model.language_model.layers.16.self_attn.o_proj.lora_A.default.weight, dtype: torch.float32, device: cuda:0, trainable: True
name: base_model.model.model.language_model.layers.16.self_attn.o_proj.lora_B.default.weight, dtype: torch.float32, device: cuda:0, trainable: True
name: base_model.model.model.language_model.layers.16.mlp.gate_proj.base_layer.weight, dtype: torch.bfloat16, device: cuda:0, trainable: False
name: base_model.model.model.language_model.layers.16.mlp.gate_proj.lora_A.default.weight, dtype: torch.float32, device: cuda:0, trainable: True
name: base_model.model.model.language_model.layers.16.mlp.gate_proj.lora_B.default.weight, dtype: torch.float32, device: cuda:0, trainable: True
name: base_model.model.model.language_model.layers.16.mlp.up_proj.base_layer.weight, dtype: torch.bfloat16, device: cuda:0, trainable: False
name: base_model.model.model.language_model.layers.16.mlp.up_proj.lora_A.default.weight, dtype: torch.float32, device: cuda:0, trainable: True
name: base_model.model.model.language_model.layers.16.mlp.up_proj.lora_B.default.weight, dtype: torch.float32, device: cuda:0, trainable: True
name: base_model.model.model.language_model.layers.16.mlp.down_proj.base_layer.weight, dtype: torch.bfloat16, device: cuda:0, trainable: False
name: base_model.model.model.language_model.layers.16.mlp.down_proj.lora_A.default.weight, dtype: torch.float32, device: cuda:0, trainable: True
name: base_model.model.model.language_model.layers.16.mlp.down_proj.lora_B.default.weight, dtype: torch.float32, device: cuda:0, trainable: True
name: base_model.model.model.language_model.layers.16.input_layernorm.weight, dtype: torch.bfloat16, device: cuda:0, trainable: False
name: base_model.model.model.language_model.layers.16.post_attention_layernorm.weight, dtype: torch.bfloat16, device: cuda:0, trainable: False
name: base_model.model.model.language_model.layers.17.self_attn.q_proj.base_layer.weight, dtype: torch.bfloat16, device: cuda:0, trainable: False
name: base_model.model.model.language_model.layers.17.self_attn.q_proj.base_layer.bias, dtype: torch.bfloat16, device: cuda:0, trainable: False
name: base_model.model.model.language_model.layers.17.self_attn.q_proj.lora_A.default.weight, dtype: torch.float32, device: cuda:0, trainable: True
name: base_model.model.model.language_model.layers.17.self_attn.q_proj.lora_B.default.weight, dtype: torch.float32, device: cuda:0, trainable: True
name: base_model.model.model.language_model.layers.17.self_attn.k_proj.base_layer.weight, dtype: torch.bfloat16, device: cuda:0, trainable: False
name: base_model.model.model.language_model.layers.17.self_attn.k_proj.base_layer.bias, dtype: torch.bfloat16, device: cuda:0, trainable: False
name: base_model.model.model.language_model.layers.17.self_attn.k_proj.lora_A.default.weight, dtype: torch.float32, device: cuda:0, trainable: True
name: base_model.model.model.language_model.layers.17.self_attn.k_proj.lora_B.default.weight, dtype: torch.float32, device: cuda:0, trainable: True
name: base_model.model.model.language_model.layers.17.self_attn.v_proj.base_layer.weight, dtype: torch.bfloat16, device: cuda:0, trainable: False
name: base_model.model.model.language_model.layers.17.self_attn.v_proj.base_layer.bias, dtype: torch.bfloat16, device: cuda:0, trainable: False
name: base_model.model.model.language_model.layers.17.self_attn.v_proj.lora_A.default.weight, dtype: torch.float32, device: cuda:0, trainable: True
name: base_model.model.model.language_model.layers.17.self_attn.v_proj.lora_B.default.weight, dtype: torch.float32, device: cuda:0, trainable: True
name: base_model.model.model.language_model.layers.17.self_attn.o_proj.base_layer.weight, dtype: torch.bfloat16, device: cuda:0, trainable: False
name: base_model.model.model.language_model.layers.17.self_attn.o_proj.lora_A.default.weight, dtype: torch.float32, device: cuda:0, trainable: True
name: base_model.model.model.language_model.layers.17.self_attn.o_proj.lora_B.default.weight, dtype: torch.float32, device: cuda:0, trainable: True
name: base_model.model.model.language_model.layers.17.mlp.gate_proj.base_layer.weight, dtype: torch.bfloat16, device: cuda:0, trainable: False
name: base_model.model.model.language_model.layers.17.mlp.gate_proj.lora_A.default.weight, dtype: torch.float32, device: cuda:0, trainable: True
name: base_model.model.model.language_model.layers.17.mlp.gate_proj.lora_B.default.weight, dtype: torch.float32, device: cuda:0, trainable: True
name: base_model.model.model.language_model.layers.17.mlp.up_proj.base_layer.weight, dtype: torch.bfloat16, device: cuda:0, trainable: False
name: base_model.model.model.language_model.layers.17.mlp.up_proj.lora_A.default.weight, dtype: torch.float32, device: cuda:0, trainable: True
name: base_model.model.model.language_model.layers.17.mlp.up_proj.lora_B.default.weight, dtype: torch.float32, device: cuda:0, trainable: True
name: base_model.model.model.language_model.layers.17.mlp.down_proj.base_layer.weight, dtype: torch.bfloat16, device: cuda:0, trainable: False
name: base_model.model.model.language_model.layers.17.mlp.down_proj.lora_A.default.weight, dtype: torch.float32, device: cuda:0, trainable: True
name: base_model.model.model.language_model.layers.17.mlp.down_proj.lora_B.default.weight, dtype: torch.float32, device: cuda:0, trainable: True
name: base_model.model.model.language_model.layers.17.input_layernorm.weight, dtype: torch.bfloat16, device: cuda:0, trainable: False
name: base_model.model.model.language_model.layers.17.post_attention_layernorm.weight, dtype: torch.bfloat16, device: cuda:0, trainable: False
name: base_model.model.model.language_model.layers.18.self_attn.q_proj.base_layer.weight, dtype: torch.bfloat16, device: cuda:0, trainable: False
name: base_model.model.model.language_model.layers.18.self_attn.q_proj.base_layer.bias, dtype: torch.bfloat16, device: cuda:0, trainable: False
name: base_model.model.model.language_model.layers.18.self_attn.q_proj.lora_A.default.weight, dtype: torch.float32, device: cuda:0, trainable: True
name: base_model.model.model.language_model.layers.18.self_attn.q_proj.lora_B.default.weight, dtype: torch.float32, device: cuda:0, trainable: True
name: base_model.model.model.language_model.layers.18.self_attn.k_proj.base_layer.weight, dtype: torch.bfloat16, device: cuda:0, trainable: False
name: base_model.model.model.language_model.layers.18.self_attn.k_proj.base_layer.bias, dtype: torch.bfloat16, device: cuda:0, trainable: False
name: base_model.model.model.language_model.layers.18.self_attn.k_proj.lora_A.default.weight, dtype: torch.float32, device: cuda:0, trainable: True
name: base_model.model.model.language_model.layers.18.self_attn.k_proj.lora_B.default.weight, dtype: torch.float32, device: cuda:0, trainable: True
name: base_model.model.model.language_model.layers.18.self_attn.v_proj.base_layer.weight, dtype: torch.bfloat16, device: cuda:0, trainable: False
name: base_model.model.model.language_model.layers.18.self_attn.v_proj.base_layer.bias, dtype: torch.bfloat16, device: cuda:0, trainable: False
name: base_model.model.model.language_model.layers.18.self_attn.v_proj.lora_A.default.weight, dtype: torch.float32, device: cuda:0, trainable: True
name: base_model.model.model.language_model.layers.18.self_attn.v_proj.lora_B.default.weight, dtype: torch.float32, device: cuda:0, trainable: True
name: base_model.model.model.language_model.layers.18.self_attn.o_proj.base_layer.weight, dtype: torch.bfloat16, device: cuda:0, trainable: False
name: base_model.model.model.language_model.layers.18.self_attn.o_proj.lora_A.default.weight, dtype: torch.float32, device: cuda:0, trainable: True
name: base_model.model.model.language_model.layers.18.self_attn.o_proj.lora_B.default.weight, dtype: torch.float32, device: cuda:0, trainable: True
name: base_model.model.model.language_model.layers.18.mlp.gate_proj.base_layer.weight, dtype: torch.bfloat16, device: cuda:0, trainable: False
name: base_model.model.model.language_model.layers.18.mlp.gate_proj.lora_A.default.weight, dtype: torch.float32, device: cuda:0, trainable: True
name: base_model.model.model.language_model.layers.18.mlp.gate_proj.lora_B.default.weight, dtype: torch.float32, device: cuda:0, trainable: True
name: base_model.model.model.language_model.layers.18.mlp.up_proj.base_layer.weight, dtype: torch.bfloat16, device: cuda:0, trainable: False
name: base_model.model.model.language_model.layers.18.mlp.up_proj.lora_A.default.weight, dtype: torch.float32, device: cuda:0, trainable: True
name: base_model.model.model.language_model.layers.18.mlp.up_proj.lora_B.default.weight, dtype: torch.float32, device: cuda:0, trainable: True
name: base_model.model.model.language_model.layers.18.mlp.down_proj.base_layer.weight, dtype: torch.bfloat16, device: cuda:0, trainable: False
name: base_model.model.model.language_model.layers.18.mlp.down_proj.lora_A.default.weight, dtype: torch.float32, device: cuda:0, trainable: True
name: base_model.model.model.language_model.layers.18.mlp.down_proj.lora_B.default.weight, dtype: torch.float32, device: cuda:0, trainable: True
name: base_model.model.model.language_model.layers.18.input_layernorm.weight, dtype: torch.bfloat16, device: cuda:0, trainable: False
name: base_model.model.model.language_model.layers.18.post_attention_layernorm.weight, dtype: torch.bfloat16, device: cuda:0, trainable: False
name: base_model.model.model.language_model.layers.19.self_attn.q_proj.base_layer.weight, dtype: torch.bfloat16, device: cuda:0, trainable: False
name: base_model.model.model.language_model.layers.19.self_attn.q_proj.base_layer.bias, dtype: torch.bfloat16, device: cuda:0, trainable: False
name: base_model.model.model.language_model.layers.19.self_attn.q_proj.lora_A.default.weight, dtype: torch.float32, device: cuda:0, trainable: True
name: base_model.model.model.language_model.layers.19.self_attn.q_proj.lora_B.default.weight, dtype: torch.float32, device: cuda:0, trainable: True
name: base_model.model.model.language_model.layers.19.self_attn.k_proj.base_layer.weight, dtype: torch.bfloat16, device: cuda:0, trainable: False
name: base_model.model.model.language_model.layers.19.self_attn.k_proj.base_layer.bias, dtype: torch.bfloat16, device: cuda:0, trainable: False
name: base_model.model.model.language_model.layers.19.self_attn.k_proj.lora_A.default.weight, dtype: torch.float32, device: cuda:0, trainable: True
name: base_model.model.model.language_model.layers.19.self_attn.k_proj.lora_B.default.weight, dtype: torch.float32, device: cuda:0, trainable: True
name: base_model.model.model.language_model.layers.19.self_attn.v_proj.base_layer.weight, dtype: torch.bfloat16, device: cuda:0, trainable: False
name: base_model.model.model.language_model.layers.19.self_attn.v_proj.base_layer.bias, dtype: torch.bfloat16, device: cuda:0, trainable: False
name: base_model.model.model.language_model.layers.19.self_attn.v_proj.lora_A.default.weight, dtype: torch.float32, device: cuda:0, trainable: True
name: base_model.model.model.language_model.layers.19.self_attn.v_proj.lora_B.default.weight, dtype: torch.float32, device: cuda:0, trainable: True
name: base_model.model.model.language_model.layers.19.self_attn.o_proj.base_layer.weight, dtype: torch.bfloat16, device: cuda:0, trainable: False
name: base_model.model.model.language_model.layers.19.self_attn.o_proj.lora_A.default.weight, dtype: torch.float32, device: cuda:0, trainable: True
name: base_model.model.model.language_model.layers.19.self_attn.o_proj.lora_B.default.weight, dtype: torch.float32, device: cuda:0, trainable: True
name: base_model.model.model.language_model.layers.19.mlp.gate_proj.base_layer.weight, dtype: torch.bfloat16, device: cuda:0, trainable: False
name: base_model.model.model.language_model.layers.19.mlp.gate_proj.lora_A.default.weight, dtype: torch.float32, device: cuda:0, trainable: True
name: base_model.model.model.language_model.layers.19.mlp.gate_proj.lora_B.default.weight, dtype: torch.float32, device: cuda:0, trainable: True
name: base_model.model.model.language_model.layers.19.mlp.up_proj.base_layer.weight, dtype: torch.bfloat16, device: cuda:0, trainable: False
name: base_model.model.model.language_model.layers.19.mlp.up_proj.lora_A.default.weight, dtype: torch.float32, device: cuda:0, trainable: True
name: base_model.model.model.language_model.layers.19.mlp.up_proj.lora_B.default.weight, dtype: torch.float32, device: cuda:0, trainable: True
name: base_model.model.model.language_model.layers.19.mlp.down_proj.base_layer.weight, dtype: torch.bfloat16, device: cuda:0, trainable: False
name: base_model.model.model.language_model.layers.19.mlp.down_proj.lora_A.default.weight, dtype: torch.float32, device: cuda:0, trainable: True
name: base_model.model.model.language_model.layers.19.mlp.down_proj.lora_B.default.weight, dtype: torch.float32, device: cuda:0, trainable: True
name: base_model.model.model.language_model.layers.19.input_layernorm.weight, dtype: torch.bfloat16, device: cuda:0, trainable: False
name: base_model.model.model.language_model.layers.19.post_attention_layernorm.weight, dtype: torch.bfloat16, device: cuda:0, trainable: False
name: base_model.model.model.language_model.layers.20.self_attn.q_proj.base_layer.weight, dtype: torch.bfloat16, device: cuda:0, trainable: False
name: base_model.model.model.language_model.layers.20.self_attn.q_proj.base_layer.bias, dtype: torch.bfloat16, device: cuda:0, trainable: False
name: base_model.model.model.language_model.layers.20.self_attn.q_proj.lora_A.default.weight, dtype: torch.float32, device: cuda:0, trainable: True
name: base_model.model.model.language_model.layers.20.self_attn.q_proj.lora_B.default.weight, dtype: torch.float32, device: cuda:0, trainable: True
name: base_model.model.model.language_model.layers.20.self_attn.k_proj.base_layer.weight, dtype: torch.bfloat16, device: cuda:0, trainable: False
name: base_model.model.model.language_model.layers.20.self_attn.k_proj.base_layer.bias, dtype: torch.bfloat16, device: cuda:0, trainable: False
name: base_model.model.model.language_model.layers.20.self_attn.k_proj.lora_A.default.weight, dtype: torch.float32, device: cuda:0, trainable: True
name: base_model.model.model.language_model.layers.20.self_attn.k_proj.lora_B.default.weight, dtype: torch.float32, device: cuda:0, trainable: True
name: base_model.model.model.language_model.layers.20.self_attn.v_proj.base_layer.weight, dtype: torch.bfloat16, device: cuda:0, trainable: False
name: base_model.model.model.language_model.layers.20.self_attn.v_proj.base_layer.bias, dtype: torch.bfloat16, device: cuda:0, trainable: False
name: base_model.model.model.language_model.layers.20.self_attn.v_proj.lora_A.default.weight, dtype: torch.float32, device: cuda:0, trainable: True
name: base_model.model.model.language_model.layers.20.self_attn.v_proj.lora_B.default.weight, dtype: torch.float32, device: cuda:0, trainable: True
name: base_model.model.model.language_model.layers.20.self_attn.o_proj.base_layer.weight, dtype: torch.bfloat16, device: cuda:0, trainable: False
name: base_model.model.model.language_model.layers.20.self_attn.o_proj.lora_A.default.weight, dtype: torch.float32, device: cuda:0, trainable: True
name: base_model.model.model.language_model.layers.20.self_attn.o_proj.lora_B.default.weight, dtype: torch.float32, device: cuda:0, trainable: True
name: base_model.model.model.language_model.layers.20.mlp.gate_proj.base_layer.weight, dtype: torch.bfloat16, device: cuda:0, trainable: False
name: base_model.model.model.language_model.layers.20.mlp.gate_proj.lora_A.default.weight, dtype: torch.float32, device: cuda:0, trainable: True
name: base_model.model.model.language_model.layers.20.mlp.gate_proj.lora_B.default.weight, dtype: torch.float32, device: cuda:0, trainable: True
name: base_model.model.model.language_model.layers.20.mlp.up_proj.base_layer.weight, dtype: torch.bfloat16, device: cuda:0, trainable: False
name: base_model.model.model.language_model.layers.20.mlp.up_proj.lora_A.default.weight, dtype: torch.float32, device: cuda:0, trainable: True
name: base_model.model.model.language_model.layers.20.mlp.up_proj.lora_B.default.weight, dtype: torch.float32, device: cuda:0, trainable: True
name: base_model.model.model.language_model.layers.20.mlp.down_proj.base_layer.weight, dtype: torch.bfloat16, device: cuda:0, trainable: False
name: base_model.model.model.language_model.layers.20.mlp.down_proj.lora_A.default.weight, dtype: torch.float32, device: cuda:0, trainable: True
name: base_model.model.model.language_model.layers.20.mlp.down_proj.lora_B.default.weight, dtype: torch.float32, device: cuda:0, trainable: True
name: base_model.model.model.language_model.layers.20.input_layernorm.weight, dtype: torch.bfloat16, device: cuda:0, trainable: False
name: base_model.model.model.language_model.layers.20.post_attention_layernorm.weight, dtype: torch.bfloat16, device: cuda:0, trainable: False
name: base_model.model.model.language_model.layers.21.self_attn.q_proj.base_layer.weight, dtype: torch.bfloat16, device: cuda:0, trainable: False
name: base_model.model.model.language_model.layers.21.self_attn.q_proj.base_layer.bias, dtype: torch.bfloat16, device: cuda:0, trainable: False
name: base_model.model.model.language_model.layers.21.self_attn.q_proj.lora_A.default.weight, dtype: torch.float32, device: cuda:0, trainable: True
name: base_model.model.model.language_model.layers.21.self_attn.q_proj.lora_B.default.weight, dtype: torch.float32, device: cuda:0, trainable: True
name: base_model.model.model.language_model.layers.21.self_attn.k_proj.base_layer.weight, dtype: torch.bfloat16, device: cuda:0, trainable: False
name: base_model.model.model.language_model.layers.21.self_attn.k_proj.base_layer.bias, dtype: torch.bfloat16, device: cuda:0, trainable: False
name: base_model.model.model.language_model.layers.21.self_attn.k_proj.lora_A.default.weight, dtype: torch.float32, device: cuda:0, trainable: True
name: base_model.model.model.language_model.layers.21.self_attn.k_proj.lora_B.default.weight, dtype: torch.float32, device: cuda:0, trainable: True
name: base_model.model.model.language_model.layers.21.self_attn.v_proj.base_layer.weight, dtype: torch.bfloat16, device: cuda:0, trainable: False
name: base_model.model.model.language_model.layers.21.self_attn.v_proj.base_layer.bias, dtype: torch.bfloat16, device: cuda:0, trainable: False
name: base_model.model.model.language_model.layers.21.self_attn.v_proj.lora_A.default.weight, dtype: torch.float32, device: cuda:0, trainable: True
name: base_model.model.model.language_model.layers.21.self_attn.v_proj.lora_B.default.weight, dtype: torch.float32, device: cuda:0, trainable: True
name: base_model.model.model.language_model.layers.21.self_attn.o_proj.base_layer.weight, dtype: torch.bfloat16, device: cuda:0, trainable: False
name: base_model.model.model.language_model.layers.21.self_attn.o_proj.lora_A.default.weight, dtype: torch.float32, device: cuda:0, trainable: True
name: base_model.model.model.language_model.layers.21.self_attn.o_proj.lora_B.default.weight, dtype: torch.float32, device: cuda:0, trainable: True
name: base_model.model.model.language_model.layers.21.mlp.gate_proj.base_layer.weight, dtype: torch.bfloat16, device: cuda:0, trainable: False
name: base_model.model.model.language_model.layers.21.mlp.gate_proj.lora_A.default.weight, dtype: torch.float32, device: cuda:0, trainable: True
name: base_model.model.model.language_model.layers.21.mlp.gate_proj.lora_B.default.weight, dtype: torch.float32, device: cuda:0, trainable: True
name: base_model.model.model.language_model.layers.21.mlp.up_proj.base_layer.weight, dtype: torch.bfloat16, device: cuda:0, trainable: False
name: base_model.model.model.language_model.layers.21.mlp.up_proj.lora_A.default.weight, dtype: torch.float32, device: cuda:0, trainable: True
name: base_model.model.model.language_model.layers.21.mlp.up_proj.lora_B.default.weight, dtype: torch.float32, device: cuda:0, trainable: True
name: base_model.model.model.language_model.layers.21.mlp.down_proj.base_layer.weight, dtype: torch.bfloat16, device: cuda:0, trainable: False
name: base_model.model.model.language_model.layers.21.mlp.down_proj.lora_A.default.weight, dtype: torch.float32, device: cuda:0, trainable: True
name: base_model.model.model.language_model.layers.21.mlp.down_proj.lora_B.default.weight, dtype: torch.float32, device: cuda:0, trainable: True
name: base_model.model.model.language_model.layers.21.input_layernorm.weight, dtype: torch.bfloat16, device: cuda:0, trainable: False
name: base_model.model.model.language_model.layers.21.post_attention_layernorm.weight, dtype: torch.bfloat16, device: cuda:0, trainable: False
name: base_model.model.model.language_model.layers.22.self_attn.q_proj.base_layer.weight, dtype: torch.bfloat16, device: cuda:0, trainable: False
name: base_model.model.model.language_model.layers.22.self_attn.q_proj.base_layer.bias, dtype: torch.bfloat16, device: cuda:0, trainable: False
name: base_model.model.model.language_model.layers.22.self_attn.q_proj.lora_A.default.weight, dtype: torch.float32, device: cuda:0, trainable: True
name: base_model.model.model.language_model.layers.22.self_attn.q_proj.lora_B.default.weight, dtype: torch.float32, device: cuda:0, trainable: True
name: base_model.model.model.language_model.layers.22.self_attn.k_proj.base_layer.weight, dtype: torch.bfloat16, device: cuda:0, trainable: False
name: base_model.model.model.language_model.layers.22.self_attn.k_proj.base_layer.bias, dtype: torch.bfloat16, device: cuda:0, trainable: False
name: base_model.model.model.language_model.layers.22.self_attn.k_proj.lora_A.default.weight, dtype: torch.float32, device: cuda:0, trainable: True
name: base_model.model.model.language_model.layers.22.self_attn.k_proj.lora_B.default.weight, dtype: torch.float32, device: cuda:0, trainable: True
name: base_model.model.model.language_model.layers.22.self_attn.v_proj.base_layer.weight, dtype: torch.bfloat16, device: cuda:0, trainable: False
name: base_model.model.model.language_model.layers.22.self_attn.v_proj.base_layer.bias, dtype: torch.bfloat16, device: cuda:0, trainable: False
name: base_model.model.model.language_model.layers.22.self_attn.v_proj.lora_A.default.weight, dtype: torch.float32, device: cuda:0, trainable: True
name: base_model.model.model.language_model.layers.22.self_attn.v_proj.lora_B.default.weight, dtype: torch.float32, device: cuda:0, trainable: True
name: base_model.model.model.language_model.layers.22.self_attn.o_proj.base_layer.weight, dtype: torch.bfloat16, device: cuda:0, trainable: False
name: base_model.model.model.language_model.layers.22.self_attn.o_proj.lora_A.default.weight, dtype: torch.float32, device: cuda:0, trainable: True
name: base_model.model.model.language_model.layers.22.self_attn.o_proj.lora_B.default.weight, dtype: torch.float32, device: cuda:0, trainable: True
name: base_model.model.model.language_model.layers.22.mlp.gate_proj.base_layer.weight, dtype: torch.bfloat16, device: cuda:0, trainable: False
name: base_model.model.model.language_model.layers.22.mlp.gate_proj.lora_A.default.weight, dtype: torch.float32, device: cuda:0, trainable: True
name: base_model.model.model.language_model.layers.22.mlp.gate_proj.lora_B.default.weight, dtype: torch.float32, device: cuda:0, trainable: True
name: base_model.model.model.language_model.layers.22.mlp.up_proj.base_layer.weight, dtype: torch.bfloat16, device: cuda:0, trainable: False
name: base_model.model.model.language_model.layers.22.mlp.up_proj.lora_A.default.weight, dtype: torch.float32, device: cuda:0, trainable: True
name: base_model.model.model.language_model.layers.22.mlp.up_proj.lora_B.default.weight, dtype: torch.float32, device: cuda:0, trainable: True
name: base_model.model.model.language_model.layers.22.mlp.down_proj.base_layer.weight, dtype: torch.bfloat16, device: cuda:0, trainable: False
name: base_model.model.model.language_model.layers.22.mlp.down_proj.lora_A.default.weight, dtype: torch.float32, device: cuda:0, trainable: True
name: base_model.model.model.language_model.layers.22.mlp.down_proj.lora_B.default.weight, dtype: torch.float32, device: cuda:0, trainable: True
name: base_model.model.model.language_model.layers.22.input_layernorm.weight, dtype: torch.bfloat16, device: cuda:0, trainable: False
name: base_model.model.model.language_model.layers.22.post_attention_layernorm.weight, dtype: torch.bfloat16, device: cuda:0, trainable: False
name: base_model.model.model.language_model.layers.23.self_attn.q_proj.base_layer.weight, dtype: torch.bfloat16, device: cuda:0, trainable: False
name: base_model.model.model.language_model.layers.23.self_attn.q_proj.base_layer.bias, dtype: torch.bfloat16, device: cuda:0, trainable: False
name: base_model.model.model.language_model.layers.23.self_attn.q_proj.lora_A.default.weight, dtype: torch.float32, device: cuda:0, trainable: True
name: base_model.model.model.language_model.layers.23.self_attn.q_proj.lora_B.default.weight, dtype: torch.float32, device: cuda:0, trainable: True
name: base_model.model.model.language_model.layers.23.self_attn.k_proj.base_layer.weight, dtype: torch.bfloat16, device: cuda:0, trainable: False
name: base_model.model.model.language_model.layers.23.self_attn.k_proj.base_layer.bias, dtype: torch.bfloat16, device: cuda:0, trainable: False
name: base_model.model.model.language_model.layers.23.self_attn.k_proj.lora_A.default.weight, dtype: torch.float32, device: cuda:0, trainable: True
name: base_model.model.model.language_model.layers.23.self_attn.k_proj.lora_B.default.weight, dtype: torch.float32, device: cuda:0, trainable: True
name: base_model.model.model.language_model.layers.23.self_attn.v_proj.base_layer.weight, dtype: torch.bfloat16, device: cuda:0, trainable: False
name: base_model.model.model.language_model.layers.23.self_attn.v_proj.base_layer.bias, dtype: torch.bfloat16, device: cuda:0, trainable: False
name: base_model.model.model.language_model.layers.23.self_attn.v_proj.lora_A.default.weight, dtype: torch.float32, device: cuda:0, trainable: True
name: base_model.model.model.language_model.layers.23.self_attn.v_proj.lora_B.default.weight, dtype: torch.float32, device: cuda:0, trainable: True
name: base_model.model.model.language_model.layers.23.self_attn.o_proj.base_layer.weight, dtype: torch.bfloat16, device: cuda:0, trainable: False
name: base_model.model.model.language_model.layers.23.self_attn.o_proj.lora_A.default.weight, dtype: torch.float32, device: cuda:0, trainable: True
name: base_model.model.model.language_model.layers.23.self_attn.o_proj.lora_B.default.weight, dtype: torch.float32, device: cuda:0, trainable: True
name: base_model.model.model.language_model.layers.23.mlp.gate_proj.base_layer.weight, dtype: torch.bfloat16, device: cuda:0, trainable: False
name: base_model.model.model.language_model.layers.23.mlp.gate_proj.lora_A.default.weight, dtype: torch.float32, device: cuda:0, trainable: True
name: base_model.model.model.language_model.layers.23.mlp.gate_proj.lora_B.default.weight, dtype: torch.float32, device: cuda:0, trainable: True
name: base_model.model.model.language_model.layers.23.mlp.up_proj.base_layer.weight, dtype: torch.bfloat16, device: cuda:0, trainable: False
name: base_model.model.model.language_model.layers.23.mlp.up_proj.lora_A.default.weight, dtype: torch.float32, device: cuda:0, trainable: True
name: base_model.model.model.language_model.layers.23.mlp.up_proj.lora_B.default.weight, dtype: torch.float32, device: cuda:0, trainable: True
name: base_model.model.model.language_model.layers.23.mlp.down_proj.base_layer.weight, dtype: torch.bfloat16, device: cuda:0, trainable: False
name: base_model.model.model.language_model.layers.23.mlp.down_proj.lora_A.default.weight, dtype: torch.float32, device: cuda:0, trainable: True
name: base_model.model.model.language_model.layers.23.mlp.down_proj.lora_B.default.weight, dtype: torch.float32, device: cuda:0, trainable: True
name: base_model.model.model.language_model.layers.23.input_layernorm.weight, dtype: torch.bfloat16, device: cuda:0, trainable: False
name: base_model.model.model.language_model.layers.23.post_attention_layernorm.weight, dtype: torch.bfloat16, device: cuda:0, trainable: False
name: base_model.model.model.language_model.layers.24.self_attn.q_proj.base_layer.weight, dtype: torch.bfloat16, device: cuda:0, trainable: False
name: base_model.model.model.language_model.layers.24.self_attn.q_proj.base_layer.bias, dtype: torch.bfloat16, device: cuda:0, trainable: False
name: base_model.model.model.language_model.layers.24.self_attn.q_proj.lora_A.default.weight, dtype: torch.float32, device: cuda:0, trainable: True
name: base_model.model.model.language_model.layers.24.self_attn.q_proj.lora_B.default.weight, dtype: torch.float32, device: cuda:0, trainable: True
name: base_model.model.model.language_model.layers.24.self_attn.k_proj.base_layer.weight, dtype: torch.bfloat16, device: cuda:0, trainable: False
name: base_model.model.model.language_model.layers.24.self_attn.k_proj.base_layer.bias, dtype: torch.bfloat16, device: cuda:0, trainable: False
name: base_model.model.model.language_model.layers.24.self_attn.k_proj.lora_A.default.weight, dtype: torch.float32, device: cuda:0, trainable: True
name: base_model.model.model.language_model.layers.24.self_attn.k_proj.lora_B.default.weight, dtype: torch.float32, device: cuda:0, trainable: True
name: base_model.model.model.language_model.layers.24.self_attn.v_proj.base_layer.weight, dtype: torch.bfloat16, device: cuda:0, trainable: False
name: base_model.model.model.language_model.layers.24.self_attn.v_proj.base_layer.bias, dtype: torch.bfloat16, device: cuda:0, trainable: False
name: base_model.model.model.language_model.layers.24.self_attn.v_proj.lora_A.default.weight, dtype: torch.float32, device: cuda:0, trainable: True
name: base_model.model.model.language_model.layers.24.self_attn.v_proj.lora_B.default.weight, dtype: torch.float32, device: cuda:0, trainable: True
name: base_model.model.model.language_model.layers.24.self_attn.o_proj.base_layer.weight, dtype: torch.bfloat16, device: cuda:0, trainable: False
name: base_model.model.model.language_model.layers.24.self_attn.o_proj.lora_A.default.weight, dtype: torch.float32, device: cuda:0, trainable: True
name: base_model.model.model.language_model.layers.24.self_attn.o_proj.lora_B.default.weight, dtype: torch.float32, device: cuda:0, trainable: True
name: base_model.model.model.language_model.layers.24.mlp.gate_proj.base_layer.weight, dtype: torch.bfloat16, device: cuda:0, trainable: False
name: base_model.model.model.language_model.layers.24.mlp.gate_proj.lora_A.default.weight, dtype: torch.float32, device: cuda:0, trainable: True
name: base_model.model.model.language_model.layers.24.mlp.gate_proj.lora_B.default.weight, dtype: torch.float32, device: cuda:0, trainable: True
name: base_model.model.model.language_model.layers.24.mlp.up_proj.base_layer.weight, dtype: torch.bfloat16, device: cuda:0, trainable: False
name: base_model.model.model.language_model.layers.24.mlp.up_proj.lora_A.default.weight, dtype: torch.float32, device: cuda:0, trainable: True
name: base_model.model.model.language_model.layers.24.mlp.up_proj.lora_B.default.weight, dtype: torch.float32, device: cuda:0, trainable: True
name: base_model.model.model.language_model.layers.24.mlp.down_proj.base_layer.weight, dtype: torch.bfloat16, device: cuda:0, trainable: False
name: base_model.model.model.language_model.layers.24.mlp.down_proj.lora_A.default.weight, dtype: torch.float32, device: cuda:0, trainable: True
name: base_model.model.model.language_model.layers.24.mlp.down_proj.lora_B.default.weight, dtype: torch.float32, device: cuda:0, trainable: True
name: base_model.model.model.language_model.layers.24.input_layernorm.weight, dtype: torch.bfloat16, device: cuda:0, trainable: False
name: base_model.model.model.language_model.layers.24.post_attention_layernorm.weight, dtype: torch.bfloat16, device: cuda:0, trainable: False
name: base_model.model.model.language_model.layers.25.self_attn.q_proj.base_layer.weight, dtype: torch.bfloat16, device: cuda:0, trainable: False
name: base_model.model.model.language_model.layers.25.self_attn.q_proj.base_layer.bias, dtype: torch.bfloat16, device: cuda:0, trainable: False
name: base_model.model.model.language_model.layers.25.self_attn.q_proj.lora_A.default.weight, dtype: torch.float32, device: cuda:0, trainable: True
name: base_model.model.model.language_model.layers.25.self_attn.q_proj.lora_B.default.weight, dtype: torch.float32, device: cuda:0, trainable: True
name: base_model.model.model.language_model.layers.25.self_attn.k_proj.base_layer.weight, dtype: torch.bfloat16, device: cuda:0, trainable: False
name: base_model.model.model.language_model.layers.25.self_attn.k_proj.base_layer.bias, dtype: torch.bfloat16, device: cuda:0, trainable: False
name: base_model.model.model.language_model.layers.25.self_attn.k_proj.lora_A.default.weight, dtype: torch.float32, device: cuda:0, trainable: True
name: base_model.model.model.language_model.layers.25.self_attn.k_proj.lora_B.default.weight, dtype: torch.float32, device: cuda:0, trainable: True
name: base_model.model.model.language_model.layers.25.self_attn.v_proj.base_layer.weight, dtype: torch.bfloat16, device: cuda:0, trainable: False
name: base_model.model.model.language_model.layers.25.self_attn.v_proj.base_layer.bias, dtype: torch.bfloat16, device: cuda:0, trainable: False
name: base_model.model.model.language_model.layers.25.self_attn.v_proj.lora_A.default.weight, dtype: torch.float32, device: cuda:0, trainable: True
name: base_model.model.model.language_model.layers.25.self_attn.v_proj.lora_B.default.weight, dtype: torch.float32, device: cuda:0, trainable: True
name: base_model.model.model.language_model.layers.25.self_attn.o_proj.base_layer.weight, dtype: torch.bfloat16, device: cuda:0, trainable: False
name: base_model.model.model.language_model.layers.25.self_attn.o_proj.lora_A.default.weight, dtype: torch.float32, device: cuda:0, trainable: True
name: base_model.model.model.language_model.layers.25.self_attn.o_proj.lora_B.default.weight, dtype: torch.float32, device: cuda:0, trainable: True
name: base_model.model.model.language_model.layers.25.mlp.gate_proj.base_layer.weight, dtype: torch.bfloat16, device: cuda:0, trainable: False
name: base_model.model.model.language_model.layers.25.mlp.gate_proj.lora_A.default.weight, dtype: torch.float32, device: cuda:0, trainable: True
name: base_model.model.model.language_model.layers.25.mlp.gate_proj.lora_B.default.weight, dtype: torch.float32, device: cuda:0, trainable: True
name: base_model.model.model.language_model.layers.25.mlp.up_proj.base_layer.weight, dtype: torch.bfloat16, device: cuda:0, trainable: False
name: base_model.model.model.language_model.layers.25.mlp.up_proj.lora_A.default.weight, dtype: torch.float32, device: cuda:0, trainable: True
name: base_model.model.model.language_model.layers.25.mlp.up_proj.lora_B.default.weight, dtype: torch.float32, device: cuda:0, trainable: True
name: base_model.model.model.language_model.layers.25.mlp.down_proj.base_layer.weight, dtype: torch.bfloat16, device: cuda:0, trainable: False
name: base_model.model.model.language_model.layers.25.mlp.down_proj.lora_A.default.weight, dtype: torch.float32, device: cuda:0, trainable: True
name: base_model.model.model.language_model.layers.25.mlp.down_proj.lora_B.default.weight, dtype: torch.float32, device: cuda:0, trainable: True
name: base_model.model.model.language_model.layers.25.input_layernorm.weight, dtype: torch.bfloat16, device: cuda:0, trainable: False
name: base_model.model.model.language_model.layers.25.post_attention_layernorm.weight, dtype: torch.bfloat16, device: cuda:0, trainable: False
name: base_model.model.model.language_model.layers.26.self_attn.q_proj.base_layer.weight, dtype: torch.bfloat16, device: cuda:0, trainable: False
name: base_model.model.model.language_model.layers.26.self_attn.q_proj.base_layer.bias, dtype: torch.bfloat16, device: cuda:0, trainable: False
name: base_model.model.model.language_model.layers.26.self_attn.q_proj.lora_A.default.weight, dtype: torch.float32, device: cuda:0, trainable: True
name: base_model.model.model.language_model.layers.26.self_attn.q_proj.lora_B.default.weight, dtype: torch.float32, device: cuda:0, trainable: True
name: base_model.model.model.language_model.layers.26.self_attn.k_proj.base_layer.weight, dtype: torch.bfloat16, device: cuda:0, trainable: False
name: base_model.model.model.language_model.layers.26.self_attn.k_proj.base_layer.bias, dtype: torch.bfloat16, device: cuda:0, trainable: False
name: base_model.model.model.language_model.layers.26.self_attn.k_proj.lora_A.default.weight, dtype: torch.float32, device: cuda:0, trainable: True
name: base_model.model.model.language_model.layers.26.self_attn.k_proj.lora_B.default.weight, dtype: torch.float32, device: cuda:0, trainable: True
name: base_model.model.model.language_model.layers.26.self_attn.v_proj.base_layer.weight, dtype: torch.bfloat16, device: cuda:0, trainable: False
name: base_model.model.model.language_model.layers.26.self_attn.v_proj.base_layer.bias, dtype: torch.bfloat16, device: cuda:0, trainable: False
name: base_model.model.model.language_model.layers.26.self_attn.v_proj.lora_A.default.weight, dtype: torch.float32, device: cuda:0, trainable: True
name: base_model.model.model.language_model.layers.26.self_attn.v_proj.lora_B.default.weight, dtype: torch.float32, device: cuda:0, trainable: True
name: base_model.model.model.language_model.layers.26.self_attn.o_proj.base_layer.weight, dtype: torch.bfloat16, device: cuda:0, trainable: False
name: base_model.model.model.language_model.layers.26.self_attn.o_proj.lora_A.default.weight, dtype: torch.float32, device: cuda:0, trainable: True
name: base_model.model.model.language_model.layers.26.self_attn.o_proj.lora_B.default.weight, dtype: torch.float32, device: cuda:0, trainable: True
name: base_model.model.model.language_model.layers.26.mlp.gate_proj.base_layer.weight, dtype: torch.bfloat16, device: cuda:0, trainable: False
name: base_model.model.model.language_model.layers.26.mlp.gate_proj.lora_A.default.weight, dtype: torch.float32, device: cuda:0, trainable: True
name: base_model.model.model.language_model.layers.26.mlp.gate_proj.lora_B.default.weight, dtype: torch.float32, device: cuda:0, trainable: True
name: base_model.model.model.language_model.layers.26.mlp.up_proj.base_layer.weight, dtype: torch.bfloat16, device: cuda:0, trainable: False
name: base_model.model.model.language_model.layers.26.mlp.up_proj.lora_A.default.weight, dtype: torch.float32, device: cuda:0, trainable: True
name: base_model.model.model.language_model.layers.26.mlp.up_proj.lora_B.default.weight, dtype: torch.float32, device: cuda:0, trainable: True
name: base_model.model.model.language_model.layers.26.mlp.down_proj.base_layer.weight, dtype: torch.bfloat16, device: cuda:0, trainable: False
name: base_model.model.model.language_model.layers.26.mlp.down_proj.lora_A.default.weight, dtype: torch.float32, device: cuda:0, trainable: True
name: base_model.model.model.language_model.layers.26.mlp.down_proj.lora_B.default.weight, dtype: torch.float32, device: cuda:0, trainable: True
name: base_model.model.model.language_model.layers.26.input_layernorm.weight, dtype: torch.bfloat16, device: cuda:0, trainable: False
name: base_model.model.model.language_model.layers.26.post_attention_layernorm.weight, dtype: torch.bfloat16, device: cuda:0, trainable: False
name: base_model.model.model.language_model.layers.27.self_attn.q_proj.base_layer.weight, dtype: torch.bfloat16, device: cuda:0, trainable: False
name: base_model.model.model.language_model.layers.27.self_attn.q_proj.base_layer.bias, dtype: torch.bfloat16, device: cuda:0, trainable: False
name: base_model.model.model.language_model.layers.27.self_attn.q_proj.lora_A.default.weight, dtype: torch.float32, device: cuda:0, trainable: True
name: base_model.model.model.language_model.layers.27.self_attn.q_proj.lora_B.default.weight, dtype: torch.float32, device: cuda:0, trainable: True
name: base_model.model.model.language_model.layers.27.self_attn.k_proj.base_layer.weight, dtype: torch.bfloat16, device: cuda:0, trainable: False
name: base_model.model.model.language_model.layers.27.self_attn.k_proj.base_layer.bias, dtype: torch.bfloat16, device: cuda:0, trainable: False
name: base_model.model.model.language_model.layers.27.self_attn.k_proj.lora_A.default.weight, dtype: torch.float32, device: cuda:0, trainable: True
name: base_model.model.model.language_model.layers.27.self_attn.k_proj.lora_B.default.weight, dtype: torch.float32, device: cuda:0, trainable: True
name: base_model.model.model.language_model.layers.27.self_attn.v_proj.base_layer.weight, dtype: torch.bfloat16, device: cuda:0, trainable: False
name: base_model.model.model.language_model.layers.27.self_attn.v_proj.base_layer.bias, dtype: torch.bfloat16, device: cuda:0, trainable: False
name: base_model.model.model.language_model.layers.27.self_attn.v_proj.lora_A.default.weight, dtype: torch.float32, device: cuda:0, trainable: True
name: base_model.model.model.language_model.layers.27.self_attn.v_proj.lora_B.default.weight, dtype: torch.float32, device: cuda:0, trainable: True
name: base_model.model.model.language_model.layers.27.self_attn.o_proj.base_layer.weight, dtype: torch.bfloat16, device: cuda:0, trainable: False
name: base_model.model.model.language_model.layers.27.self_attn.o_proj.lora_A.default.weight, dtype: torch.float32, device: cuda:0, trainable: True
name: base_model.model.model.language_model.layers.27.self_attn.o_proj.lora_B.default.weight, dtype: torch.float32, device: cuda:0, trainable: True
name: base_model.model.model.language_model.layers.27.mlp.gate_proj.base_layer.weight, dtype: torch.bfloat16, device: cuda:0, trainable: False
name: base_model.model.model.language_model.layers.27.mlp.gate_proj.lora_A.default.weight, dtype: torch.float32, device: cuda:0, trainable: True
name: base_model.model.model.language_model.layers.27.mlp.gate_proj.lora_B.default.weight, dtype: torch.float32, device: cuda:0, trainable: True
name: base_model.model.model.language_model.layers.27.mlp.up_proj.base_layer.weight, dtype: torch.bfloat16, device: cuda:0, trainable: False
name: base_model.model.model.language_model.layers.27.mlp.up_proj.lora_A.default.weight, dtype: torch.float32, device: cuda:0, trainable: True
name: base_model.model.model.language_model.layers.27.mlp.up_proj.lora_B.default.weight, dtype: torch.float32, device: cuda:0, trainable: True
name: base_model.model.model.language_model.layers.27.mlp.down_proj.base_layer.weight, dtype: torch.bfloat16, device: cuda:0, trainable: False
name: base_model.model.model.language_model.layers.27.mlp.down_proj.lora_A.default.weight, dtype: torch.float32, device: cuda:0, trainable: True
name: base_model.model.model.language_model.layers.27.mlp.down_proj.lora_B.default.weight, dtype: torch.float32, device: cuda:0, trainable: True
name: base_model.model.model.language_model.layers.27.input_layernorm.weight, dtype: torch.bfloat16, device: cuda:0, trainable: False
name: base_model.model.model.language_model.layers.27.post_attention_layernorm.weight, dtype: torch.bfloat16, device: cuda:0, trainable: False
name: base_model.model.model.language_model.norm.weight, dtype: torch.bfloat16, device: cuda:0, trainable: False
name: base_model.model.lm_head.weight, dtype: torch.bfloat16, device: cuda:0, trainable: False
[WARNING|trainer_utils.py:1238] 2026-08-25 17:22:46,022 >> The tokenizer has new PAD/BOS/EOS tokens that differ from the model config and generation config. The model config and generation config were aligned accordingly, being updated with the tokenizer's values. Updated tokens: {'eos_token_id': 151645, 'bos_token_id': None, 'pad_token_id': 151643}.
tg10705:596147:596147 [3] NCCL INFO Comm config Blocking set to 1
tg10705:596146:596146 [2] NCCL INFO Comm config Blocking set to 1
Gradient accumulation steps mismatch: GradientAccumulationPlugin has 1, DeepSpeed config has 8. Using DeepSpeed's value.
tg10705:596145:596145 [1] NCCL INFO Comm config Blocking set to 1
tg10705:596144:596144 [0] NCCL INFO Comm config Blocking set to 1
tg10705:596147:596760 [3] NCCL INFO Using network IB
tg10705:596145:596766 [1] NCCL INFO Using network IB
tg10705:596146:596763 [2] NCCL INFO Using network IB
tg10705:596144:596769 [0] NCCL INFO Using network IB
tg10705:596147:596760 [3] NCCL INFO ncclCommSplit comm 0x191907c0 rank 3 nranks 4 cudaDev 3 nvmlDev 3 busId db000 parent 0x12516dc0 splitCount 1 color 2003953581 key 3- Init START
tg10705:596145:596766 [1] NCCL INFO ncclCommSplit comm 0x4e64f100 rank 1 nranks 4 cudaDev 1 nvmlDev 1 busId 5f000 parent 0x479d6560 splitCount 1 color 2003953581 key 1- Init START
tg10705:596146:596763 [2] NCCL INFO ncclCommSplit comm 0x54f73080 rank 2 nranks 4 cudaDev 2 nvmlDev 2 busId cb000 parent 0x4e2fbd60 splitCount 1 color 2003953581 key 2- Init START
tg10705:596144:596769 [0] NCCL INFO ncclCommSplit comm 0x4c339b50 rank 0 nranks 4 cudaDev 0 nvmlDev 0 busId 4e000 parent 0x45189e70 splitCount 1 color 2003953581 key 0- Init START
tg10705:596147:596760 [3] NCCL INFO Setting affinity for GPU 3 to aaaa,aaaaaaaa
tg10705:596147:596760 [3] NCCL INFO NVLS multicast support is not available on dev 3
tg10705:596146:596763 [2] NCCL INFO Setting affinity for GPU 2 to aaaa,aaaaaaaa
tg10705:596146:596763 [2] NCCL INFO NVLS multicast support is not available on dev 2
tg10705:596145:596766 [1] NCCL INFO Setting affinity for GPU 1 to 5555,55555555
tg10705:596145:596766 [1] NCCL INFO NVLS multicast support is not available on dev 1
tg10705:596144:596769 [0] NCCL INFO Setting affinity for GPU 0 to 5555,55555555
tg10705:596144:596769 [0] NCCL INFO NVLS multicast support is not available on dev 0
tg10705:596144:596769 [0] NCCL INFO comm 0x4c339b50 rank 0 nRanks 4 nNodes 1 localRanks 4 localRank 0 MNNVL 0
tg10705:596145:596766 [1] NCCL INFO comm 0x4e64f100 rank 1 nRanks 4 nNodes 1 localRanks 4 localRank 1 MNNVL 0
tg10705:596147:596760 [3] NCCL INFO comm 0x191907c0 rank 3 nRanks 4 nNodes 1 localRanks 4 localRank 3 MNNVL 0
tg10705:596146:596763 [2] NCCL INFO comm 0x54f73080 rank 2 nRanks 4 nNodes 1 localRanks 4 localRank 2 MNNVL 0
tg10705:596144:596769 [0] NCCL INFO Channel 00/24 : 0 1 2 3
tg10705:596144:596769 [0] NCCL INFO Channel 01/24 : 0 1 3 2
tg10705:596144:596769 [0] NCCL INFO Channel 02/24 : 0 2 3 1
tg10705:596144:596769 [0] NCCL INFO Channel 03/24 : 0 2 1 3
tg10705:596144:596769 [0] NCCL INFO Channel 04/24 : 0 3 1 2
tg10705:596144:596769 [0] NCCL INFO Channel 05/24 : 0 3 2 1
tg10705:596144:596769 [0] NCCL INFO Channel 06/24 : 0 1 2 3
tg10705:596144:596769 [0] NCCL INFO Channel 07/24 : 0 1 3 2
tg10705:596145:596766 [1] NCCL INFO Trees [0] 2/-1/-1->1->0 [1] 2/-1/-1->1->0 [2] 2/-1/-1->1->0 [3] 2/-1/-1->1->0 [4] 3/-1/-1->1->2 [5] 3/-1/-1->1->2 [6] 3/-1/-1->1->2 [7] 3/-1/-1->1->2 [8] 0/-1/-1->1->-1 [9] 0/-1/-1->1->-1 [10] 0/-1/-1->1->-1 [11] 0/-1/-1->1->-1 [12] 2/-1/-1->1->0 [13] 2/-1/-1->1->0 [14] 2/-1/-1->1->0 [15] 2/-1/-1->1->0 [16] 3/-1/-1->1->2 [17] 3/-1/-1->1->2 [18] 3/-1/-1->1->2 [19] 3/-1/-1->1->2 [20] 0/-1/-1->1->-1 [21] 0/-1/-1->1->-1 [22] 0/-1/-1->1->-1 [23] 0/-1/-1->1->-1
tg10705:596147:596760 [3] NCCL INFO Trees [0] -1/-1/-1->3->2 [1] -1/-1/-1->3->2 [2] -1/-1/-1->3->2 [3] -1/-1/-1->3->2 [4] -1/-1/-1->3->1 [5] -1/-1/-1->3->1 [6] -1/-1/-1->3->1 [7] -1/-1/-1->3->1 [8] 2/-1/-1->3->0 [9] 2/-1/-1->3->0 [10] 2/-1/-1->3->0 [11] 2/-1/-1->3->0 [12] -1/-1/-1->3->2 [13] -1/-1/-1->3->2 [14] -1/-1/-1->3->2 [15] -1/-1/-1->3->2 [16] -1/-1/-1->3->1 [17] -1/-1/-1->3->1 [18] -1/-1/-1->3->1 [19] -1/-1/-1->3->1 [20] 2/-1/-1->3->0 [21] 2/-1/-1->3->0 [22] 2/-1/-1->3->0 [23] 2/-1/-1->3->0
tg10705:596144:596769 [0] NCCL INFO Channel 08/24 : 0 2 3 1
tg10705:596145:596766 [1] NCCL INFO P2P Chunksize set to 524288
tg10705:596147:596760 [3] NCCL INFO P2P Chunksize set to 524288
tg10705:596144:596769 [0] NCCL INFO Channel 09/24 : 0 2 1 3
tg10705:596146:596763 [2] NCCL INFO Trees [0] 3/-1/-1->2->1 [1] 3/-1/-1->2->1 [2] 3/-1/-1->2->1 [3] 3/-1/-1->2->1 [4] 1/-1/-1->2->0 [5] 1/-1/-1->2->0 [6] 1/-1/-1->2->0 [7] 1/-1/-1->2->0 [8] -1/-1/-1->2->3 [9] -1/-1/-1->2->3 [10] -1/-1/-1->2->3 [11] -1/-1/-1->2->3 [12] 3/-1/-1->2->1 [13] 3/-1/-1->2->1 [14] 3/-1/-1->2->1 [15] 3/-1/-1->2->1 [16] 1/-1/-1->2->0 [17] 1/-1/-1->2->0 [18] 1/-1/-1->2->0 [19] 1/-1/-1->2->0 [20] -1/-1/-1->2->3 [21] -1/-1/-1->2->3 [22] -1/-1/-1->2->3 [23] -1/-1/-1->2->3
tg10705:596144:596769 [0] NCCL INFO Channel 10/24 : 0 3 1 2
tg10705:596146:596763 [2] NCCL INFO P2P Chunksize set to 524288
tg10705:596144:596769 [0] NCCL INFO Channel 11/24 : 0 3 2 1
tg10705:596144:596769 [0] NCCL INFO Channel 12/24 : 0 1 2 3
tg10705:596144:596769 [0] NCCL INFO Channel 13/24 : 0 1 3 2
tg10705:596144:596769 [0] NCCL INFO Channel 14/24 : 0 2 3 1
tg10705:596144:596769 [0] NCCL INFO Channel 15/24 : 0 2 1 3
tg10705:596144:596769 [0] NCCL INFO Channel 16/24 : 0 3 1 2
tg10705:596144:596769 [0] NCCL INFO Channel 17/24 : 0 3 2 1
tg10705:596144:596769 [0] NCCL INFO Channel 18/24 : 0 1 2 3
tg10705:596144:596769 [0] NCCL INFO Channel 19/24 : 0 1 3 2
tg10705:596144:596769 [0] NCCL INFO Channel 20/24 : 0 2 3 1
tg10705:596144:596769 [0] NCCL INFO Channel 21/24 : 0 2 1 3
tg10705:596144:596769 [0] NCCL INFO Channel 22/24 : 0 3 1 2
tg10705:596144:596769 [0] NCCL INFO Channel 23/24 : 0 3 2 1
tg10705:596144:596769 [0] NCCL INFO Trees [0] 1/-1/-1->0->-1 [1] 1/-1/-1->0->-1 [2] 1/-1/-1->0->-1 [3] 1/-1/-1->0->-1 [4] 2/-1/-1->0->-1 [5] 2/-1/-1->0->-1 [6] 2/-1/-1->0->-1 [7] 2/-1/-1->0->-1 [8] 3/-1/-1->0->1 [9] 3/-1/-1->0->1 [10] 3/-1/-1->0->1 [11] 3/-1/-1->0->1 [12] 1/-1/-1->0->-1 [13] 1/-1/-1->0->-1 [14] 1/-1/-1->0->-1 [15] 1/-1/-1->0->-1 [16] 2/-1/-1->0->-1 [17] 2/-1/-1->0->-1 [18] 2/-1/-1->0->-1 [19] 2/-1/-1->0->-1 [20] 3/-1/-1->0->1 [21] 3/-1/-1->0->1 [22] 3/-1/-1->0->1 [23] 3/-1/-1->0->1
tg10705:596144:596769 [0] NCCL INFO P2P Chunksize set to 524288
tg10705:596146:596770 [2] NCCL INFO [Proxy Service] Device 2 CPU core 43
tg10705:596146:596771 [2] NCCL INFO [Proxy Service UDS] Device 2 CPU core 45
tg10705:596145:596772 [1] NCCL INFO [Proxy Service] Device 1 CPU core 30
tg10705:596145:596773 [1] NCCL INFO [Proxy Service UDS] Device 1 CPU core 32
tg10705:596147:596774 [3] NCCL INFO [Proxy Service] Device 3 CPU core 1
tg10705:596147:596775 [3] NCCL INFO [Proxy Service UDS] Device 3 CPU core 3
tg10705:596144:596769 [0] NCCL INFO Check P2P Type intraNodeP2pSupport 1 directMode 0
tg10705:596144:596776 [0] NCCL INFO [Proxy Service] Device 0 CPU core 36
tg10705:596144:596777 [0] NCCL INFO [Proxy Service UDS] Device 0 CPU core 40
tg10705:596146:596763 [2] NCCL INFO threadThresholds 8/8/64 | 32/8/64 | 512 | 512
tg10705:596146:596763 [2] NCCL INFO 24 coll channels, 24 collnet channels, 0 nvls channels, 32 p2p channels, 16 p2p channels per peer
tg10705:596145:596766 [1] NCCL INFO threadThresholds 8/8/64 | 32/8/64 | 512 | 512
tg10705:596145:596766 [1] NCCL INFO 24 coll channels, 24 collnet channels, 0 nvls channels, 32 p2p channels, 16 p2p channels per peer
tg10705:596147:596760 [3] NCCL INFO threadThresholds 8/8/64 | 32/8/64 | 512 | 512
tg10705:596147:596760 [3] NCCL INFO 24 coll channels, 24 collnet channels, 0 nvls channels, 32 p2p channels, 16 p2p channels per peer
tg10705:596144:596769 [0] NCCL INFO threadThresholds 8/8/64 | 32/8/64 | 512 | 512
tg10705:596144:596769 [0] NCCL INFO 24 coll channels, 24 collnet channels, 0 nvls channels, 32 p2p channels, 16 p2p channels per peer
tg10705:596144:596769 [0] NCCL INFO CC Off, workFifoBytes 1048576
tg10705:596147:596760 [3] NCCL INFO ncclCommSplit comm 0x191907c0 rank 3 nranks 4 cudaDev 3 nvmlDev 3 busId db000 parent 0x12516dc0 splitCount 1 color 2003953581 key 3 - Init COMPLETE
tg10705:596145:596766 [1] NCCL INFO ncclCommSplit comm 0x4e64f100 rank 1 nranks 4 cudaDev 1 nvmlDev 1 busId 5f000 parent 0x479d6560 splitCount 1 color 2003953581 key 1 - Init COMPLETE
tg10705:596147:596760 [3] NCCL INFO Init timings - ncclCommSplit: rank 3 nranks 4 total 0.54 (kernels 0.00, alloc 0.00, bootstrap 0.00, allgathers 0.01, topo 0.03, graphs 0.01, connections 0.04, rest 0.46)
tg10705:596145:596766 [1] NCCL INFO Init timings - ncclCommSplit: rank 1 nranks 4 total 0.17 (kernels 0.00, alloc 0.00, bootstrap 0.00, allgathers 0.00, topo 0.03, graphs 0.01, connections 0.04, rest 0.09)
tg10705:596146:596763 [2] NCCL INFO ncclCommSplit comm 0x54f73080 rank 2 nranks 4 cudaDev 2 nvmlDev 2 busId cb000 parent 0x4e2fbd60 splitCount 1 color 2003953581 key 2 - Init COMPLETE
tg10705:596146:596763 [2] NCCL INFO Init timings - ncclCommSplit: rank 2 nranks 4 total 0.52 (kernels 0.00, alloc 0.00, bootstrap 0.00, allgathers 0.00, topo 0.03, graphs 0.01, connections 0.04, rest 0.43)
tg10705:596144:596769 [0] NCCL INFO ncclCommSplit comm 0x4c339b50 rank 0 nranks 4 cudaDev 0 nvmlDev 0 busId 4e000 parent 0x45189e70 splitCount 1 color 2003953581 key 0 - Init COMPLETE
tg10705:596144:596769 [0] NCCL INFO Init timings - ncclCommSplit: rank 0 nranks 4 total 0.10 (kernels 0.00, alloc 0.00, bootstrap 0.00, allgathers 0.00, topo 0.03, graphs 0.01, connections 0.04, rest 0.02)
tg10705:596147:596779 [3] NCCL INFO Channel 00/0 : 3[3] -> 0[0] via P2P/CUMEM
tg10705:596146:596781 [2] NCCL INFO Channel 00/0 : 2[2] -> 3[3] via P2P/CUMEM
tg10705:596147:596779 [3] NCCL INFO Channel 03/0 : 3[3] -> 0[0] via P2P/CUMEM
tg10705:596146:596781 [2] NCCL INFO Channel 02/0 : 2[2] -> 3[3] via P2P/CUMEM
tg10705:596144:596780 [0] NCCL INFO Channel 00/0 : 0[0] -> 1[1] via P2P/CUMEM
tg10705:596147:596779 [3] NCCL INFO Channel 06/0 : 3[3] -> 0[0] via P2P/CUMEM
tg10705:596145:596778 [1] NCCL INFO Channel 00/0 : 1[1] -> 2[2] via P2P/CUMEM
tg10705:596146:596781 [2] NCCL INFO Channel 06/0 : 2[2] -> 3[3] via P2P/CUMEM
tg10705:596147:596779 [3] NCCL INFO Channel 09/0 : 3[3] -> 0[0] via P2P/CUMEM
tg10705:596146:596781 [2] NCCL INFO Channel 08/0 : 2[2] -> 3[3] via P2P/CUMEM
tg10705:596144:596780 [0] NCCL INFO Channel 01/0 : 0[0] -> 1[1] via P2P/CUMEM
tg10705:596145:596778 [1] NCCL INFO Channel 04/0 : 1[1] -> 2[2] via P2P/CUMEM
tg10705:596147:596779 [3] NCCL INFO Channel 12/0 : 3[3] -> 0[0] via P2P/CUMEM
tg10705:596145:596778 [1] NCCL INFO Channel 06/0 : 1[1] -> 2[2] via P2P/CUMEM
tg10705:596144:596780 [0] NCCL INFO Channel 06/0 : 0[0] -> 1[1] via P2P/CUMEM
tg10705:596146:596781 [2] NCCL INFO Channel 12/0 : 2[2] -> 3[3] via P2P/CUMEM
tg10705:596147:596779 [3] NCCL INFO Channel 15/0 : 3[3] -> 0[0] via P2P/CUMEM
tg10705:596146:596781 [2] NCCL INFO Channel 14/0 : 2[2] -> 3[3] via P2P/CUMEM
tg10705:596145:596778 [1] NCCL INFO Channel 10/0 : 1[1] -> 2[2] via P2P/CUMEM
tg10705:596144:596780 [0] NCCL INFO Channel 07/0 : 0[0] -> 1[1] via P2P/CUMEM
tg10705:596144:596780 [0] NCCL INFO Channel 12/0 : 0[0] -> 1[1] via P2P/CUMEM
tg10705:596147:596779 [3] NCCL INFO Channel 18/0 : 3[3] -> 0[0] via P2P/CUMEM
tg10705:596146:596781 [2] NCCL INFO Channel 18/0 : 2[2] -> 3[3] via P2P/CUMEM
tg10705:596146:596781 [2] NCCL INFO Channel 20/0 : 2[2] -> 3[3] via P2P/CUMEM
tg10705:596147:596779 [3] NCCL INFO Channel 21/0 : 3[3] -> 0[0] via P2P/CUMEM
tg10705:596144:596780 [0] NCCL INFO Channel 13/0 : 0[0] -> 1[1] via P2P/CUMEM
tg10705:596144:596780 [0] NCCL INFO Channel 18/0 : 0[0] -> 1[1] via P2P/CUMEM
tg10705:596145:596778 [1] NCCL INFO Channel 12/0 : 1[1] -> 2[2] via P2P/CUMEM
tg10705:596145:596778 [1] NCCL INFO Channel 16/0 : 1[1] -> 2[2] via P2P/CUMEM
tg10705:596144:596780 [0] NCCL INFO Channel 19/0 : 0[0] -> 1[1] via P2P/CUMEM
tg10705:596145:596778 [1] NCCL INFO Channel 18/0 : 1[1] -> 2[2] via P2P/CUMEM
tg10705:596145:596778 [1] NCCL INFO Channel 22/0 : 1[1] -> 2[2] via P2P/CUMEM
tg10705:596147:596779 [3] NCCL INFO Channel 02/0 : 3[3] -> 1[1] via P2P/CUMEM
tg10705:596147:596779 [3] NCCL INFO Channel 04/0 : 3[3] -> 1[1] via P2P/CUMEM
tg10705:596147:596779 [3] NCCL INFO Channel 08/0 : 3[3] -> 1[1] via P2P/CUMEM
tg10705:596146:596781 [2] NCCL INFO Channel 01/0 : 2[2] -> 0[0] via P2P/CUMEM
tg10705:596145:596778 [1] NCCL INFO Channel 01/0 : 1[1] -> 3[3] via P2P/CUMEM
tg10705:596144:596780 [0] NCCL INFO Channel 02/0 : 0[0] -> 2[2] via P2P/CUMEM
tg10705:596144:596780 [0] NCCL INFO Channel 03/0 : 0[0] -> 2[2] via P2P/CUMEM
tg10705:596147:596779 [3] NCCL INFO Channel 10/0 : 3[3] -> 1[1] via P2P/CUMEM
tg10705:596145:596778 [1] NCCL INFO Channel 03/0 : 1[1] -> 3[3] via P2P/CUMEM
tg10705:596146:596781 [2] NCCL INFO Channel 04/0 : 2[2] -> 0[0] via P2P/CUMEM
tg10705:596146:596781 [2] NCCL INFO Channel 07/0 : 2[2] -> 0[0] via P2P/CUMEM
tg10705:596145:596778 [1] NCCL INFO Channel 07/0 : 1[1] -> 3[3] via P2P/CUMEM
tg10705:596147:596779 [3] NCCL INFO Channel 14/0 : 3[3] -> 1[1] via P2P/CUMEM
tg10705:596144:596780 [0] NCCL INFO Channel 08/0 : 0[0] -> 2[2] via P2P/CUMEM
tg10705:596144:596780 [0] NCCL INFO Channel 09/0 : 0[0] -> 2[2] via P2P/CUMEM
tg10705:596146:596781 [2] NCCL INFO Channel 10/0 : 2[2] -> 0[0] via P2P/CUMEM
tg10705:596147:596779 [3] NCCL INFO Channel 16/0 : 3[3] -> 1[1] via P2P/CUMEM
tg10705:596145:596778 [1] NCCL INFO Channel 09/0 : 1[1] -> 3[3] via P2P/CUMEM
tg10705:596145:596778 [1] NCCL INFO Channel 13/0 : 1[1] -> 3[3] via P2P/CUMEM
tg10705:596144:596780 [0] NCCL INFO Channel 14/0 : 0[0] -> 2[2] via P2P/CUMEM
tg10705:596147:596779 [3] NCCL INFO Channel 20/0 : 3[3] -> 1[1] via P2P/CUMEM
tg10705:596146:596781 [2] NCCL INFO Channel 13/0 : 2[2] -> 0[0] via P2P/CUMEM
tg10705:596145:596778 [1] NCCL INFO Channel 15/0 : 1[1] -> 3[3] via P2P/CUMEM
tg10705:596146:596781 [2] NCCL INFO Channel 16/0 : 2[2] -> 0[0] via P2P/CUMEM
tg10705:596147:596779 [3] NCCL INFO Channel 22/0 : 3[3] -> 1[1] via P2P/CUMEM
tg10705:596144:596780 [0] NCCL INFO Channel 15/0 : 0[0] -> 2[2] via P2P/CUMEM
tg10705:596144:596780 [0] NCCL INFO Channel 20/0 : 0[0] -> 2[2] via P2P/CUMEM
tg10705:596145:596778 [1] NCCL INFO Channel 19/0 : 1[1] -> 3[3] via P2P/CUMEM
tg10705:596146:596781 [2] NCCL INFO Channel 19/0 : 2[2] -> 0[0] via P2P/CUMEM
tg10705:596145:596778 [1] NCCL INFO Channel 21/0 : 1[1] -> 3[3] via P2P/CUMEM
tg10705:596146:596781 [2] NCCL INFO Channel 22/0 : 2[2] -> 0[0] via P2P/CUMEM
tg10705:596144:596780 [0] NCCL INFO Channel 21/0 : 0[0] -> 2[2] via P2P/CUMEM
tg10705:596145:596778 [1] NCCL INFO Channel 02/0 : 1[1] -> 0[0] via P2P/CUMEM
tg10705:596146:596781 [2] NCCL INFO Channel 03/0 : 2[2] -> 1[1] via P2P/CUMEM
tg10705:596144:596780 [0] NCCL INFO Channel 04/0 : 0[0] -> 3[3] via P2P/CUMEM
tg10705:596147:596779 [3] NCCL INFO Channel 01/0 : 3[3] -> 2[2] via P2P/CUMEM
tg10705:596145:596778 [1] NCCL INFO Channel 05/0 : 1[1] -> 0[0] via P2P/CUMEM
tg10705:596147:596779 [3] NCCL INFO Channel 05/0 : 3[3] -> 2[2] via P2P/CUMEM
tg10705:596146:596781 [2] NCCL INFO Channel 05/0 : 2[2] -> 1[1] via P2P/CUMEM
tg10705:596144:596780 [0] NCCL INFO Channel 05/0 : 0[0] -> 3[3] via P2P/CUMEM
tg10705:596146:596781 [2] NCCL INFO Channel 09/0 : 2[2] -> 1[1] via P2P/CUMEM
tg10705:596145:596778 [1] NCCL INFO Channel 08/0 : 1[1] -> 0[0] via P2P/CUMEM
tg10705:596147:596779 [3] NCCL INFO Channel 07/0 : 3[3] -> 2[2] via P2P/CUMEM
tg10705:596144:596780 [0] NCCL INFO Channel 10/0 : 0[0] -> 3[3] via P2P/CUMEM
tg10705:596145:596778 [1] NCCL INFO Channel 11/0 : 1[1] -> 0[0] via P2P/CUMEM
tg10705:596144:596780 [0] NCCL INFO Channel 11/0 : 0[0] -> 3[3] via P2P/CUMEM
tg10705:596147:596779 [3] NCCL INFO Channel 11/0 : 3[3] -> 2[2] via P2P/CUMEM
tg10705:596146:596781 [2] NCCL INFO Channel 11/0 : 2[2] -> 1[1] via P2P/CUMEM
tg10705:596146:596781 [2] NCCL INFO Channel 15/0 : 2[2] -> 1[1] via P2P/CUMEM
tg10705:596145:596778 [1] NCCL INFO Channel 14/0 : 1[1] -> 0[0] via P2P/CUMEM
tg10705:596147:596779 [3] NCCL INFO Channel 13/0 : 3[3] -> 2[2] via P2P/CUMEM
tg10705:596144:596780 [0] NCCL INFO Channel 16/0 : 0[0] -> 3[3] via P2P/CUMEM
tg10705:596145:596778 [1] NCCL INFO Channel 17/0 : 1[1] -> 0[0] via P2P/CUMEM
tg10705:596144:596780 [0] NCCL INFO Channel 17/0 : 0[0] -> 3[3] via P2P/CUMEM
tg10705:596146:596781 [2] NCCL INFO Channel 17/0 : 2[2] -> 1[1] via P2P/CUMEM
tg10705:596147:596779 [3] NCCL INFO Channel 17/0 : 3[3] -> 2[2] via P2P/CUMEM
tg10705:596145:596778 [1] NCCL INFO Channel 20/0 : 1[1] -> 0[0] via P2P/CUMEM
tg10705:596147:596779 [3] NCCL INFO Channel 19/0 : 3[3] -> 2[2] via P2P/CUMEM
tg10705:596144:596780 [0] NCCL INFO Channel 22/0 : 0[0] -> 3[3] via P2P/CUMEM
tg10705:596146:596781 [2] NCCL INFO Channel 21/0 : 2[2] -> 1[1] via P2P/CUMEM
tg10705:596145:596778 [1] NCCL INFO Channel 23/0 : 1[1] -> 0[0] via P2P/CUMEM
tg10705:596147:596779 [3] NCCL INFO Channel 23/0 : 3[3] -> 2[2] via P2P/CUMEM
tg10705:596146:596781 [2] NCCL INFO Channel 23/0 : 2[2] -> 1[1] via P2P/CUMEM
tg10705:596144:596780 [0] NCCL INFO Channel 23/0 : 0[0] -> 3[3] via P2P/CUMEM
tg10705:596144:596780 [0] NCCL INFO Connected all rings, use ring PXN 0 GDR 1
tg10705:596145:596778 [1] NCCL INFO Connected all rings, use ring PXN 0 GDR 1
tg10705:596147:596779 [3] NCCL INFO Connected all rings, use ring PXN 0 GDR 1
tg10705:596146:596781 [2] NCCL INFO Connected all rings, use ring PXN 0 GDR 1
[transformers] ***** Running training *****
[transformers]   Num examples = 270
[transformers]   Num Epochs = 2
[transformers]   Num update steps per epoch = 5
[transformers]   Instantaneous batch size per device = 2
[transformers]   Total train batch size (w. parallel, distributed & accumulation) = 64
[transformers]   Gradient Accumulation steps = 8
[transformers]   Total optimization steps = 10
[transformers] ***** Running training *****
[transformers]   Num examples = 270
[transformers]   Num Epochs = 2
[transformers]   Num update steps per epoch = 5
[transformers]   Instantaneous batch size per device = 2
[transformers]   Total train batch size (w. parallel, distributed & accumulation) = 64
[transformers]   Gradient Accumulation steps = 8
[transformers]   Total optimization steps = 10
[transformers]   Number of trainable parameters = 20,185,088
[transformers]   Number of trainable parameters = 20,185,088
[transformers] ***** Running training *****
[transformers]   Num examples = 270
[transformers]   Num Epochs = 2
[transformers]   Num update steps per epoch = 5
[transformers]   Instantaneous batch size per device = 2
[transformers]   Total train batch size (w. parallel, distributed & accumulation) = 64
[transformers]   Gradient Accumulation steps = 8
[transformers]   Total optimization steps = 10
[transformers]   Number of trainable parameters = 20,185,088
[INFO|2026-08-25 17:22:47] llamafactory.data.collator:545 >> [rank1] mm_debug batch_samples: {"rank": 1, "batch_index": 0, "samples": [{"sample_idx": 18, "question_id": "/tmp/cot_stage/annotations/3dthinker10k_cot.jsonl_69", "media": {"images": {"count": 2, "items": ["data/other_all_image_resize/among/bottle_120/front_004.jpg", "data/other_all_image_resize/among/bottle_120/left_138.jpg"]}, "videos": null, "audios": null}}, {"sample_idx": 172, "question_id": "/tmp/cot_stage/annotations/3dthinker10k_cot.jsonl_65", "media": {"images": {"count": 3, "items": ["data/other_all_image_resize/around/group30/1_frame.png", "data/other_all_image_resize/around/group30/2_frame.png", "data/other_all_image_resize/around/group30/3_frame.png"]}, "videos": null, "audios": null}}]}
[INFO|2026-08-25 17:22:47] llamafactory.data.collator:545 >> [rank3] mm_debug batch_samples: {"rank": 3, "batch_index": 0, "samples": [{"sample_idx": 130, "question_id": "/tmp/cot_stage/annotations/3dthinker10k_cot.jsonl_92", "media": {"images": {"count": 3, "items": ["data/other_all_image_resize/rotation/8f7164fd509596a61bdbe7397e331e7ccf1a83aa74a50522a71f7bf656416ae7/1_frame_00016.png", "data/other_all_image_resize/rotation/8f7164fd509596a61bdbe7397e331e7ccf1a83aa74a50522a71f7bf656416ae7/2_frame_00231.png", "data/other_all_image_resize/rotation/8f7164fd509596a61bdbe7397e331e7ccf1a83aa74a50522a71f7bf656416ae7/3_frame_00094.png"]}, "videos": null, "audios": null}}, {"sample_idx": 136, "question_id": "/tmp/cot_stage/annotations/3dthinker10k_cot.jsonl_7", "media": {"images": {"count": 4, "items": ["data/other_all_image_resize/rotation/group75/1.jpg", "data/other_all_image_resize/rotation/group75/2.jpg", "data/other_all_image_resize/rotation/group75/3.jpg", "data/other_all_image_resize/rotation/group75/4.jpg"]}, "videos": null, "audios": null}}]}
[INFO|2026-08-25 17:22:47] llamafactory.data.collator:545 >> [rank1] mm_debug batch_samples: {"rank": 1, "batch_index": 0, "samples": [{"sample_idx": 237, "question_id": "/tmp/cot_stage/annotations/3dthinker10k_cot.jsonl_79", "media": {"images": {"count": 4, "items": ["data/other_all_image_resize/among/ball_326/front_235.jpg", "data/other_all_image_resize/among/ball_326/left_028.jpg", "data/other_all_image_resize/among/ball_326/back_93.jpg", "data/other_all_image_resize/among/ball_326/right_162.jpg"]}, "videos": null, "audios": null}}, {"sample_idx": 97, "question_id": "/tmp/cot_stage/annotations/3dthinker10k_cot.jsonl_10", "media": {"images": {"count": 4, "items": ["data/other_all_image_resize/among/bottle_127/front_012.jpg", "data/other_all_image_resize/among/bottle_127/left_155.jpg", "data/other_all_image_resize/among/bottle_127/back_240.jpg", "data/other_all_image_resize/among/bottle_127/right_318.jpg"]}, "videos": null, "audios": null}}]}
[INFO|2026-08-25 17:22:47] llamafactory.data.collator:545 >> [rank1] mm_debug batch_samples: {"rank": 1, "batch_index": 0, "samples": [{"sample_idx": 248, "question_id": "/tmp/cot_stage/annotations/SpatialSSRL_coldstart.json_95", "media": {"images": {"count": 1, "items": ["coldstart_SFT_images/img_95.jpg"]}, "videos": null, "audios": null}}, {"sample_idx": 177, "question_id": "/tmp/cot_stage/annotations/SpatialSSRL_coldstart.json_14", "media": {"images": {"count": 1, "items": ["coldstart_SFT_images/img_14.jpg"]}, "videos": null, "audios": null}}]}
[INFO|2026-08-25 17:22:47] llamafactory.data.collator:545 >> [rank1] mm_debug batch_samples: {"rank": 1, "batch_index": 0, "samples": [{"sample_idx": 39, "question_id": "/tmp/cot_stage/annotations/3dthinker10k_cot.jsonl_32", "media": {"images": {"count": 4, "items": ["data/other_all_image_resize/among/shoe_248/front_004.jpg", "data/other_all_image_resize/among/shoe_248/left_090.jpg", "data/other_all_image_resize/among/shoe_248/back_169.jpg", "data/other_all_image_resize/among/shoe_248/right_254.jpg"]}, "videos": null, "audios": null}}, {"sample_idx": 144, "question_id": "/tmp/cot_stage/annotations/SpatialSSRL_coldstart.json_6", "media": {"images": {"count": 1, "items": ["coldstart_SFT_images/img_6.jpg"]}, "videos": null, "audios": null}}]}
[INFO|2026-08-25 17:22:47] llamafactory.data.collator:545 >> [rank3] mm_debug batch_samples: {"rank": 3, "batch_index": 0, "samples": [{"sample_idx": 199, "question_id": "/tmp/cot_stage/annotations/3dthinker10k_cot.jsonl_15", "media": {"images": {"count": 4, "items": ["data/other_all_image_resize/among/shoe_167/front_000.jpg", "data/other_all_image_resize/among/shoe_167/left_055.jpg", "data/other_all_image_resize/among/shoe_167/back_111.jpg", "data/other_all_image_resize/among/shoe_167/right_186.jpg"]}, "videos": null, "audios": null}}, {"sample_idx": 128, "question_id": "/tmp/cot_stage/annotations/SpatialSSRL_coldstart.json_80", "media": {"images": {"count": 1, "items": ["coldstart_SFT_images/img_80.jpg"]}, "videos": null, "audios": null}}]}
[INFO|trainer.py:1469] 2026-08-25 17:22:48,423 >> ***** Running training *****
[INFO|trainer.py:1470] 2026-08-25 17:22:48,424 >>   Num examples = 270
[INFO|trainer.py:1471] 2026-08-25 17:22:48,424 >>   Num Epochs = 2
[INFO|trainer.py:1472] 2026-08-25 17:22:48,424 >>   Num update steps per epoch = 5
[INFO|trainer.py:1473] 2026-08-25 17:22:48,424 >>   Instantaneous batch size per device = 2
[INFO|trainer.py:1476] 2026-08-25 17:22:48,424 >>   Total train batch size (w. parallel, distributed & accumulation) = 64
[INFO|trainer.py:1477] 2026-08-25 17:22:48,424 >>   Gradient Accumulation steps = 8
[INFO|trainer.py:1478] 2026-08-25 17:22:48,424 >>   Total optimization steps = 10
[INFO|trainer.py:1479] 2026-08-25 17:22:48,429 >>   Number of trainable parameters = 20,185,088
[INFO|2026-08-25 17:22:48] llamafactory.data.collator:545 >> [rank2] mm_debug batch_samples: {"rank": 2, "batch_index": 0, "samples": [{"sample_idx": 251, "question_id": "/tmp/cot_stage/annotations/SpatialSSRL_coldstart.json_82", "media": {"images": {"count": 1, "items": ["coldstart_SFT_images/img_82.jpg"]}, "videos": null, "audios": null}}, {"sample_idx": 249, "question_id": "/tmp/cot_stage/annotations/Scene30k.parquet_34", "media": {"images": {"count": 65, "items": ["ScanNet/scans/scene0001_00/color/0.jpg", "ScanNet/scans/scene0001_00/color/24.jpg", "ScanNet/scans/scene0001_00/color/48.jpg", "ScanNet/scans/scene0001_00/color/72.jpg", "ScanNet/scans/scene0001_00/color/96.jpg", "...(60 more)"]}, "videos": null, "audios": null}}]}
wandb: Tracking run with wandb version 0.27.2
wandb: W&B syncing is set to `offline` in this directory. Run `wandb online` or set WANDB_MODE=online to enable cloud syncing.
wandb: Run data is saved locally in /scratch/i/indrisch/LLaMA-Factory-LFS/wandb/wandb/offline-run-20260825_172248-yetsc95p
[INFO|2026-08-25 17:22:49] llamafactory.data.collator:545 >> [rank0] mm_debug batch_samples: {"rank": 0, "batch_index": 0, "samples": [{"sample_idx": 47, "question_id": "/tmp/cot_stage/annotations/SpatialSSRL_coldstart.json_89", "media": {"images": {"count": 1, "items": ["coldstart_SFT_images/img_89.jpg"]}, "videos": null, "audios": null}}, {"sample_idx": 75, "question_id": "/tmp/cot_stage/annotations/SpatialSSRL_coldstart.json_35", "media": {"images": {"count": 1, "items": ["coldstart_SFT_images/img_35.jpg"]}, "videos": null, "audios": null}}]}
[INFO|2026-08-25 17:22:49] llamafactory.data.collator:545 >> [rank0] mm_debug batch_samples: {"rank": 0, "batch_index": 0, "samples": [{"sample_idx": 222, "question_id": "/tmp/cot_stage/annotations/3dthinker10k_cot.jsonl_23", "media": {"images": {"count": 3, "items": ["data/other_all_image_resize/around/group106/6_frame.png", "data/other_all_image_resize/around/group106/2_frame.png", "data/other_all_image_resize/around/group106/3_frame.png"]}, "videos": null, "audios": null}}, {"sample_idx": 208, "question_id": "/tmp/cot_stage/annotations/SpatialSSRL_coldstart.json_54", "media": {"images": {"count": 1, "items": ["coldstart_SFT_images/img_54.jpg"]}, "videos": null, "audios": null}}]}
[INFO|2026-08-25 17:22:50] llamafactory.data.collator:545 >> [rank0] mm_debug batch_samples: {"rank": 0, "batch_index": 0, "samples": [{"sample_idx": 90, "question_id": "/tmp/cot_stage/annotations/Scene30k.parquet_33", "media": {"images": {"count": 65, "items": ["ScanNet/scans/scene0001_00/color/0.jpg", "ScanNet/scans/scene0001_00/color/24.jpg", "ScanNet/scans/scene0001_00/color/48.jpg", "ScanNet/scans/scene0001_00/color/72.jpg", "ScanNet/scans/scene0001_00/color/96.jpg", "...(60 more)"]}, "videos": null, "audios": null}}, {"sample_idx": 182, "question_id": "/tmp/cot_stage/annotations/SpatialSSRL_coldstart.json_3", "media": {"images": {"count": 1, "items": ["coldstart_SFT_images/img_3.jpg"]}, "videos": null, "audios": null}}]}
[INFO|2026-08-25 17:22:50] llamafactory.data.collator:545 >> [rank3] mm_debug batch_samples: {"rank": 3, "batch_index": 0, "samples": [{"sample_idx": 101, "question_id": "/tmp/cot_stage/annotations/Scene30k.parquet_79", "media": {"images": {"count": 217, "items": ["ScanNet/scans/scene0002_00/color/0.jpg", "ScanNet/scans/scene0002_00/color/24.jpg", "ScanNet/scans/scene0002_00/color/48.jpg", "ScanNet/scans/scene0002_00/color/72.jpg", "ScanNet/scans/scene0002_00/color/96.jpg", "...(212 more)"]}, "videos": null, "audios": null}}, {"sample_idx": 52, "question_id": "/tmp/cot_stage/annotations/3dthinker10k_cot.jsonl_49", "media": {"images": {"count": 4, "items": ["data/other_all_image_resize/among/bottle_187/front_344.jpg", "data/other_all_image_resize/among/bottle_187/left_102.jpg", "data/other_all_image_resize/among/bottle_187/back_181.jpg", "data/other_all_image_resize/among/bottle_187/right_262.jpg"]}, "videos": null, "audios": null}}]}
[INFO|2026-08-25 17:22:51] llamafactory.data.collator:545 >> [rank2] mm_debug batch_samples: {"rank": 2, "batch_index": 0, "samples": [{"sample_idx": 269, "question_id": "/tmp/cot_stage/annotations/SpatialSSRL_coldstart.json_36", "media": {"images": {"count": 1, "items": ["coldstart_SFT_images/img_36.jpg"]}, "videos": null, "audios": null}}, {"sample_idx": 9, "question_id": "/tmp/cot_stage/annotations/Scene30k.parquet_12", "media": {"images": {"count": 233, "items": ["ScanNet/scans/scene0000_00/color/0.jpg", "ScanNet/scans/scene0000_00/color/24.jpg", "ScanNet/scans/scene0000_00/color/48.jpg", "ScanNet/scans/scene0000_00/color/72.jpg", "ScanNet/scans/scene0000_00/color/96.jpg", "...(228 more)"]}, "videos": null, "audios": null}}]}
[INFO|2026-08-25 17:22:51] llamafactory.data.collator:545 >> [rank2] mm_debug batch_samples: {"rank": 2, "batch_index": 0, "samples": [{"sample_idx": 120, "question_id": "/tmp/cot_stage/annotations/SpatialSSRL_coldstart.json_33", "media": {"images": {"count": 1, "items": ["coldstart_SFT_images/img_33.jpg"]}, "videos": null, "audios": null}}, {"sample_idx": 110, "question_id": "/tmp/cot_stage/annotations/Scene30k.parquet_4", "media": {"images": {"count": 233, "items": ["ScanNet/scans/scene0000_00/color/0.jpg", "ScanNet/scans/scene0000_00/color/24.jpg", "ScanNet/scans/scene0000_00/color/48.jpg", "ScanNet/scans/scene0000_00/color/72.jpg", "ScanNet/scans/scene0000_00/color/96.jpg", "...(228 more)"]}, "videos": null, "audios": null}}]}
[INFO|2026-08-25 17:22:51] llamafactory.data.collator:545 >> [rank2] mm_debug batch_samples: {"rank": 2, "batch_index": 0, "samples": [{"sample_idx": 56, "question_id": "/tmp/cot_stage/annotations/SpatialSSRL_coldstart.json_18", "media": {"images": {"count": 1, "items": ["coldstart_SFT_images/img_18.jpg"]}, "videos": null, "audios": null}}, {"sample_idx": 158, "question_id": "/tmp/cot_stage/annotations/Scene30k.parquet_13", "media": {"images": {"count": 233, "items": ["ScanNet/scans/scene0000_00/color/0.jpg", "ScanNet/scans/scene0000_00/color/24.jpg", "ScanNet/scans/scene0000_00/color/48.jpg", "ScanNet/scans/scene0000_00/color/72.jpg", "ScanNet/scans/scene0000_00/color/96.jpg", "...(228 more)"]}, "videos": null, "audios": null}}]}
[INFO|2026-08-25 17:22:53] llamafactory.data.collator:545 >> [rank0] mm_debug batch_samples: {"rank": 0, "batch_index": 0, "samples": [{"sample_idx": 107, "question_id": "/tmp/cot_stage/annotations/Scene30k.parquet_59", "media": {"images": {"count": 217, "items": ["ScanNet/scans/scene0002_00/color/0.jpg", "ScanNet/scans/scene0002_00/color/24.jpg", "ScanNet/scans/scene0002_00/color/48.jpg", "ScanNet/scans/scene0002_00/color/72.jpg", "ScanNet/scans/scene0002_00/color/96.jpg", "...(212 more)"]}, "videos": null, "audios": null}}, {"sample_idx": 23, "question_id": "/tmp/cot_stage/annotations/Scene30k.parquet_38", "media": {"images": {"count": 65, "items": ["ScanNet/scans/scene0001_00/color/0.jpg", "ScanNet/scans/scene0001_00/color/24.jpg", "ScanNet/scans/scene0001_00/color/48.jpg", "ScanNet/scans/scene0001_00/color/72.jpg", "ScanNet/scans/scene0001_00/color/96.jpg", "...(60 more)"]}, "videos": null, "audios": null}}]}
[INFO|2026-08-25 17:22:54] llamafactory.data.collator:545 >> [rank3] mm_debug batch_samples: {"rank": 3, "batch_index": 0, "samples": [{"sample_idx": 162, "question_id": "/tmp/cot_stage/annotations/Scene30k.parquet_85", "media": {"images": {"count": 217, "items": ["ScanNet/scans/scene0002_00/color/0.jpg", "ScanNet/scans/scene0002_00/color/24.jpg", "ScanNet/scans/scene0002_00/color/48.jpg", "ScanNet/scans/scene0002_00/color/72.jpg", "ScanNet/scans/scene0002_00/color/96.jpg", "...(212 more)"]}, "videos": null, "audios": null}}, {"sample_idx": 25, "question_id": "/tmp/cot_stage/annotations/Scene30k.parquet_56", "media": {"images": {"count": 217, "items": ["ScanNet/scans/scene0002_00/color/0.jpg", "ScanNet/scans/scene0002_00/color/24.jpg", "ScanNet/scans/scene0002_00/color/48.jpg", "ScanNet/scans/scene0002_00/color/72.jpg", "ScanNet/scans/scene0002_00/color/96.jpg", "...(212 more)"]}, "videos": null, "audios": null}}]}
[INFO|2026-08-25 17:22:55] llamafactory.train.callbacks:383 >> [rank1] mm_debug step_begin step=0 free_gb=61.405 total_gb=79.179 allocated_gb=15.878 reserved_gb=15.883
[INFO|2026-08-25 17:22:55] llamafactory.train.sft.trainer:453 >> [rank1] mm_debug pre_forward: {"rank": 1, "step": 0, "gpu_memory": [{"device": 0, "free_gb": 60.577, "total_gb": 79.179}, {"device": 1, "free_gb": 61.405, "total_gb": 79.179}, {"device": 2, "free_gb": 60.655, "total_gb": 79.179}, {"device": 3, "free_gb": 60.735, "total_gb": 79.179}], "gpu_allocated_gb": 15.878, "gpu_reserved_gb": 15.883, "gpu_device": 1, "model_cuda_param_gb": 15.483, "model_cuda_buffer_gb": 0.0, "model_cuda_total_gb": 15.483, "samples": [{"sample_idx": 18, "question_id": "/tmp/cot_stage/annotations/3dthinker10k_cot.jsonl_69", "media": {"images": {"count": 2, "items": ["data/other_all_image_resize/among/bottle_120/front_004.jpg", "data/other_all_image_resize/among/bottle_120/left_138.jpg"]}, "videos": null, "audios": null}}, {"sample_idx": 172, "question_id": "/tmp/cot_stage/annotations/3dthinker10k_cot.jsonl_65", "media": {"images": {"count": 3, "items": ["data/other_all_image_resize/around/group30/1_frame.png", "data/other_all_image_resize/around/group30/2_frame.png", "data/other_all_image_resize/around/group30/3_frame.png"]}, "videos": null, "audios": null}}], "tensor_shapes": {"_indices": {"shape": [2], "dtype": "torch.int64"}, "input_ids": {"shape": [2, 904], "dtype": "torch.int64"}, "attention_mask": {"shape": [2, 904], "dtype": "torch.int64"}, "labels": {"shape": [2, 904], "dtype": "torch.int64"}, "position_ids": {"shape": [4, 2, 904], "dtype": "torch.int64"}, "rope_deltas": {"shape": [2, 1], "dtype": "torch.int64"}, "pixel_values": {"shape": [1760, 1176], "dtype": "torch.bfloat16"}, "image_grid_thw": {"shape": [5, 3], "dtype": "torch.int64"}}, "batch_bytes": 4240920, "batch_gb": 0.004, "image_features": {"pixel_values": {"shape": [1760, 1176], "dtype": "torch.bfloat16", "bytes": 4139520, "gb": 0.004}}, "image_tokens": {"image_grid_thw_shape": [5, 3], "image_tokens_total": 1760, "image_tokens_min": 352, "image_tokens_max": 352, "image_token_count": 5}, "event": "pre_forward"}
  0%|          | 0/10 [00:00<?, ?it/s][transformers] `use_return_dict` is deprecated! Use `return_dict` instead!
[INFO|2026-08-25 17:22:56] llamafactory.train.callbacks:383 >> [rank0] mm_debug step_begin step=0 free_gb=60.399 total_gb=79.179 allocated_gb=16.356 reserved_gb=16.375
[INFO|2026-08-25 17:22:56] llamafactory.train.sft.trainer:144 >> [rank0] mm_debug pre_step step=0 optimizer_step=0 frames=4 batch_gb=0.003 free_gb=60.399 total_gb=79.179 gpu_allocated_gb=16.356 gpu_reserved_gb=16.375 model_cuda_total_gb=15.483
[INFO|2026-08-25 17:22:56] llamafactory.train.sft.trainer:453 >> [rank0] mm_debug pre_forward: {"rank": 0, "step": 0, "gpu_memory": [{"device": 0, "free_gb": 60.399, "total_gb": 79.179}, {"device": 1, "free_gb": 59.272, "total_gb": 79.179}, {"device": 2, "free_gb": 60.141, "total_gb": 79.179}, {"device": 3, "free_gb": 60.221, "total_gb": 79.179}], "gpu_allocated_gb": 16.356, "gpu_reserved_gb": 16.375, "gpu_device": 0, "model_cuda_param_gb": 15.483, "model_cuda_buffer_gb": 0.0, "model_cuda_total_gb": 15.483, "samples": [{"sample_idx": 222, "question_id": "/tmp/cot_stage/annotations/3dthinker10k_cot.jsonl_23", "media": {"images": {"count": 3, "items": ["data/other_all_image_resize/around/group106/6_frame.png", "data/other_all_image_resize/around/group106/2_frame.png", "data/other_all_image_resize/around/group106/3_frame.png"]}, "videos": null, "audios": null}}, {"sample_idx": 208, "question_id": "/tmp/cot_stage/annotations/SpatialSSRL_coldstart.json_54", "media": {"images": {"count": 1, "items": ["coldstart_SFT_images/img_54.jpg"]}, "videos": null, "audios": null}}], "tensor_shapes": {"_indices": {"shape": [2], "dtype": "torch.int64"}, "input_ids": {"shape": [2, 1024], "dtype": "torch.int64"}, "attention_mask": {"shape": [2, 1024], "dtype": "torch.int64"}, "labels": {"shape": [2, 1024], "dtype": "torch.int64"}, "position_ids": {"shape": [4, 2, 1024], "dtype": "torch.int64"}, "rope_deltas": {"shape": [2, 1], "dtype": "torch.int64"}, "pixel_values": {"shape": [1408, 1176], "dtype": "torch.bfloat16"}, "image_grid_thw": {"shape": [4, 3], "dtype": "torch.int64"}}, "batch_bytes": 3426432, "batch_gb": 0.003, "image_features": {"pixel_values": {"shape": [1408, 1176], "dtype": "torch.bfloat16", "bytes": 3311616, "gb": 0.003}}, "image_tokens": {"image_grid_thw_shape": [4, 3], "image_tokens_total": 1408, "image_tokens_min": 352, "image_tokens_max": 352, "image_token_count": 4}, "event": "pre_forward"}
[WARNING|logging.py:340] 2026-08-25 17:22:56,727 >> `use_return_dict` is deprecated! Use `return_dict` instead!
[INFO|2026-08-25 17:22:58] llamafactory.train.callbacks:383 >> [rank3] mm_debug step_begin step=0 free_gb=59.553 total_gb=79.179 allocated_gb=16.699 reserved_gb=16.707
[INFO|2026-08-25 17:22:59] llamafactory.train.sft.trainer:453 >> [rank3] mm_debug pre_forward: {"rank": 3, "step": 0, "gpu_memory": [{"device": 0, "free_gb": 58.286, "total_gb": 79.179}, {"device": 1, "free_gb": 58.758, "total_gb": 79.179}, {"device": 2, "free_gb": 59.628, "total_gb": 79.179}, {"device": 3, "free_gb": 59.553, "total_gb": 79.179}], "gpu_allocated_gb": 16.699, "gpu_reserved_gb": 16.707, "gpu_device": 3, "model_cuda_param_gb": 15.483, "model_cuda_buffer_gb": 0.0, "model_cuda_total_gb": 15.483, "samples": [{"sample_idx": 130, "question_id": "/tmp/cot_stage/annotations/3dthinker10k_cot.jsonl_92", "media": {"images": {"count": 3, "items": ["data/other_all_image_resize/rotation/8f7164fd509596a61bdbe7397e331e7ccf1a83aa74a50522a71f7bf656416ae7/1_frame_00016.png", "data/other_all_image_resize/rotation/8f7164fd509596a61bdbe7397e331e7ccf1a83aa74a50522a71f7bf656416ae7/2_frame_00231.png", "data/other_all_image_resize/rotation/8f7164fd509596a61bdbe7397e331e7ccf1a83aa74a50522a71f7bf656416ae7/3_frame_00094.png"]}, "videos": null, "audios": null}}, {"sample_idx": 136, "question_id": "/tmp/cot_stage/annotations/3dthinker10k_cot.jsonl_7", "media": {"images": {"count": 4, "items": ["data/other_all_image_resize/rotation/group75/1.jpg", "data/other_all_image_resize/rotation/group75/2.jpg", "data/other_all_image_resize/rotation/group75/3.jpg", "data/other_all_image_resize/rotation/group75/4.jpg"]}, "videos": null, "audios": null}}], "tensor_shapes": {"_indices": {"shape": [2], "dtype": "torch.int64"}, "input_ids": {"shape": [2, 1088], "dtype": "torch.int64"}, "attention_mask": {"shape": [2, 1088], "dtype": "torch.int64"}, "labels": {"shape": [2, 1088], "dtype": "torch.int64"}, "position_ids": {"shape": [4, 2, 1088], "dtype": "torch.int64"}, "rope_deltas": {"shape": [2, 1], "dtype": "torch.int64"}, "pixel_values": {"shape": [2464, 1176], "dtype": "torch.bfloat16"}, "image_grid_thw": {"shape": [7, 3], "dtype": "torch.int64"}}, "batch_bytes": 5917384, "batch_gb": 0.006, "image_features": {"pixel_values": {"shape": [2464, 1176], "dtype": "torch.bfloat16", "bytes": 5795328, "gb": 0.005}}, "image_tokens": {"image_grid_thw_shape": [7, 3], "image_tokens_total": 2464, "image_tokens_min": 352, "image_tokens_max": 352, "image_token_count": 7}, "event": "pre_forward"}
[transformers] `use_return_dict` is deprecated! Use `return_dict` instead!
[INFO|2026-08-25 17:22:59] llamafactory.train.callbacks:383 >> [rank2] mm_debug step_begin step=0 free_gb=58.940 total_gb=79.179 allocated_gb=16.799 reserved_gb=16.807
[INFO|2026-08-25 17:23:00] llamafactory.train.sft.trainer:453 >> [rank2] mm_debug pre_forward: {"rank": 2, "step": 0, "gpu_memory": [{"device": 0, "free_gb": 57.124, "total_gb": 79.179}, {"device": 1, "free_gb": 57.655, "total_gb": 79.179}, {"device": 2, "free_gb": 58.94, "total_gb": 79.179}, {"device": 3, "free_gb": 57.421, "total_gb": 79.179}], "gpu_allocated_gb": 16.799, "gpu_reserved_gb": 16.807, "gpu_device": 2, "model_cuda_param_gb": 15.483, "model_cuda_buffer_gb": 0.0, "model_cuda_total_gb": 15.483, "samples": [{"sample_idx": 120, "question_id": "/tmp/cot_stage/annotations/SpatialSSRL_coldstart.json_33", "media": {"images": {"count": 1, "items": ["coldstart_SFT_images/img_33.jpg"]}, "videos": null, "audios": null}}, {"sample_idx": 110, "question_id": "/tmp/cot_stage/annotations/Scene30k.parquet_4", "media": {"images": {"count": 233, "items": ["ScanNet/scans/scene0000_00/color/0.jpg", "ScanNet/scans/scene0000_00/color/24.jpg", "ScanNet/scans/scene0000_00/color/48.jpg", "ScanNet/scans/scene0000_00/color/72.jpg", "ScanNet/scans/scene0000_00/color/96.jpg", "...(228 more)"]}, "videos": null, "audios": null}}], "tensor_shapes": {"_indices": {"shape": [2], "dtype": "torch.int64"}, "input_ids": {"shape": [2, 21312], "dtype": "torch.int64"}, "attention_mask": {"shape": [2, 21312], "dtype": "torch.int64"}, "labels": {"shape": [2, 21312], "dtype": "torch.int64"}, "position_ids": {"shape": [4, 2, 21312], "dtype": "torch.int64"}, "rope_deltas": {"shape": [2, 1], "dtype": "torch.int64"}, "pixel_values": {"shape": [82340, 1176], "dtype": "torch.bfloat16"}, "image_grid_thw": {"shape": [234, 3], "dtype": "torch.int64"}}, "batch_bytes": 196056272, "batch_gb": 0.183, "image_features": {"pixel_values": {"shape": [82340, 1176], "dtype": "torch.bfloat16", "bytes": 193663680, "gb": 0.18}}, "image_tokens": {"image_grid_thw_shape": [234, 3], "image_tokens_total": 82340, "image_tokens_min": 324, "image_tokens_max": 352, "image_token_count": 234}, "event": "pre_forward"}
[transformers] `use_return_dict` is deprecated! Use `return_dict` instead!
[INFO|2026-08-25 17:23:18] llamafactory.train.sft.trainer:144 >> [rank0] mm_debug pre_step step=1 optimizer_step=0 frames=66 batch_gb=0.052 free_gb=57.124 total_gb=79.179 gpu_allocated_gb=16.428 gpu_reserved_gb=18.486 model_cuda_total_gb=15.483
[INFO|2026-08-25 17:23:35] llamafactory.train.sft.trainer:144 >> [rank0] mm_debug pre_step step=2 optimizer_step=0 frames=2 batch_gb=0.001 free_gb=50.383 total_gb=79.179 gpu_allocated_gb=16.428 gpu_reserved_gb=25.225 model_cuda_total_gb=15.483
[INFO|2026-08-25 17:23:52] llamafactory.train.sft.trainer:144 >> [rank0] mm_debug pre_step step=3 optimizer_step=0 frames=282 batch_gb=0.220 free_gb=50.380 total_gb=79.179 gpu_allocated_gb=16.428 gpu_reserved_gb=25.229 model_cuda_total_gb=15.483
[INFO|2026-08-25 17:24:12] llamafactory.train.sft.trainer:144 >> [rank0] mm_debug pre_step step=4 optimizer_step=0 frames=221 batch_gb=0.172 free_gb=31.005 total_gb=79.179 gpu_allocated_gb=16.428 gpu_reserved_gb=44.604 model_cuda_total_gb=15.483
[INFO|2026-08-25 17:24:28] llamafactory.train.sft.trainer:144 >> [rank0] mm_debug pre_step step=5 optimizer_step=0 frames=298 batch_gb=0.232 free_gb=31.005 total_gb=79.179 gpu_allocated_gb=16.428 gpu_reserved_gb=44.604 model_cuda_total_gb=15.483
[INFO|2026-08-25 17:24:50] llamafactory.train.sft.trainer:144 >> [rank0] mm_debug pre_step step=6 optimizer_step=0 frames=218 batch_gb=0.170 free_gb=29.169 total_gb=79.179 gpu_allocated_gb=16.428 gpu_reserved_gb=46.439 model_cuda_total_gb=15.483
[INFO|2026-08-25 17:25:06] llamafactory.train.sft.trainer:144 >> [rank0] mm_debug pre_step step=7 optimizer_step=0 frames=5 batch_gb=0.004 free_gb=29.169 total_gb=79.179 gpu_allocated_gb=16.428 gpu_reserved_gb=46.439 model_cuda_total_gb=15.483
[INFO|2026-08-25 17:25:27] llamafactory.train.sft.trainer:144 >> [rank0] mm_debug pre_step step=8 optimizer_step=1 frames=66 batch_gb=0.051 free_gb=29.167 total_gb=79.179 gpu_allocated_gb=15.988 gpu_reserved_gb=46.439 model_cuda_total_gb=15.483
[INFO|2026-08-25 17:25:39] llamafactory.train.prediction_dump:160 >> Wrote train predictions (8 records) to saves/qwen2_5vl-7b/lora/sft/CoT_traineval_resume_ep1/train_predictions.json
[INFO|2026-08-25 17:25:39] llamafactory.train.sft.trainer:144 >> train prediction dump: step=1 local=2 gathered=8 added=8 total=8
[INFO|2026-08-25 17:25:48] llamafactory.train.sft.trainer:144 >> [rank0] mm_debug pre_step step=9 optimizer_step=1 frames=2 batch_gb=0.001 free_gb=29.167 total_gb=79.179 gpu_allocated_gb=15.998 gpu_reserved_gb=46.439 model_cuda_total_gb=15.483
[INFO|2026-08-25 17:26:04] llamafactory.train.sft.trainer:144 >> [rank0] mm_debug pre_step step=10 optimizer_step=1 frames=66 batch_gb=0.051 free_gb=29.167 total_gb=79.179 gpu_allocated_gb=15.998 gpu_reserved_gb=46.439 model_cuda_total_gb=15.483
[INFO|2026-08-25 17:26:20] llamafactory.train.sft.trainer:144 >> [rank0] mm_debug pre_step step=11 optimizer_step=1 frames=2 batch_gb=0.002 free_gb=29.167 total_gb=79.179 gpu_allocated_gb=15.998 gpu_reserved_gb=46.439 model_cuda_total_gb=15.483
[INFO|2026-08-25 17:26:37] llamafactory.train.sft.trainer:144 >> [rank0] mm_debug pre_step step=12 optimizer_step=1 frames=69 batch_gb=0.054 free_gb=29.167 total_gb=79.179 gpu_allocated_gb=15.998 gpu_reserved_gb=46.439 model_cuda_total_gb=15.483
[INFO|2026-08-25 17:26:54] llamafactory.train.sft.trainer:144 >> [rank0] mm_debug pre_step step=13 optimizer_step=1 frames=2 batch_gb=0.002 free_gb=29.167 total_gb=79.179 gpu_allocated_gb=15.998 gpu_reserved_gb=46.439 model_cuda_total_gb=15.483
[INFO|2026-08-25 17:26:56] llamafactory.train.sft.trainer:144 >> [rank0] mm_debug pre_step step=14 optimizer_step=1 frames=67 batch_gb=0.052 free_gb=29.167 total_gb=79.179 gpu_allocated_gb=15.998 gpu_reserved_gb=46.439 model_cuda_total_gb=15.483
[INFO|2026-08-25 17:27:12] llamafactory.train.sft.trainer:144 >> [rank0] mm_debug pre_step step=15 optimizer_step=1 frames=221 batch_gb=0.172 free_gb=29.167 total_gb=79.179 gpu_allocated_gb=15.998 gpu_reserved_gb=46.439 model_cuda_total_gb=15.483
[INFO|2026-08-25 17:27:35] llamafactory.train.sft.trainer:144 >> [rank0] mm_debug pre_step step=16 optimizer_step=2 frames=282 batch_gb=0.220 free_gb=29.167 total_gb=79.179 gpu_allocated_gb=16.750 gpu_reserved_gb=46.439 model_cuda_total_gb=15.483
[INFO|2026-08-25 17:27:49] llamafactory.train.prediction_dump:160 >> Wrote train predictions (16 records) to saves/qwen2_5vl-7b/lora/sft/CoT_traineval_resume_ep1/train_predictions.json
[INFO|2026-08-25 17:27:49] llamafactory.train.sft.trainer:144 >> train prediction dump: step=2 local=2 gathered=8 added=8 total=16
[INFO|2026-08-25 17:27:59] llamafactory.train.sft.trainer:144 >> [rank0] mm_debug pre_step step=17 optimizer_step=2 frames=237 batch_gb=0.185 free_gb=10.415 total_gb=79.179 gpu_allocated_gb=16.760 gpu_reserved_gb=65.191 model_cuda_total_gb=15.483
[INFO|2026-08-25 17:28:16] llamafactory.train.sft.trainer:144 >> [rank0] mm_debug pre_step step=18 optimizer_step=2 frames=220 batch_gb=0.172 free_gb=10.415 total_gb=79.179 gpu_allocated_gb=16.760 gpu_reserved_gb=65.191 model_cuda_total_gb=15.483
[INFO|2026-08-25 17:28:32] llamafactory.train.sft.trainer:144 >> [rank0] mm_debug pre_step step=19 optimizer_step=2 frames=5 batch_gb=0.004 free_gb=10.415 total_gb=79.179 gpu_allocated_gb=16.760 gpu_reserved_gb=65.191 model_cuda_total_gb=15.483
[INFO|2026-08-25 17:28:48] llamafactory.train.sft.trainer:144 >> [rank0] mm_debug pre_step step=20 optimizer_step=2 frames=221 batch_gb=0.173 free_gb=10.415 total_gb=79.179 gpu_allocated_gb=16.760 gpu_reserved_gb=65.191 model_cuda_total_gb=15.483
[INFO|2026-08-25 17:29:04] llamafactory.train.sft.trainer:144 >> [rank0] mm_debug pre_step step=21 optimizer_step=2 frames=434 batch_gb=0.337 free_gb=10.415 total_gb=79.179 gpu_allocated_gb=16.760 gpu_reserved_gb=65.191 model_cuda_total_gb=15.483
[INFO|2026-08-25 17:29:25] llamafactory.train.sft.trainer:144 >> [rank0] mm_debug pre_step step=22 optimizer_step=2 frames=67 batch_gb=0.052 free_gb=10.415 total_gb=79.179 gpu_allocated_gb=16.760 gpu_reserved_gb=65.191 model_cuda_total_gb=15.483
[INFO|2026-08-25 17:29:42] llamafactory.train.sft.trainer:144 >> [rank0] mm_debug pre_step step=23 optimizer_step=2 frames=8 batch_gb=0.006 free_gb=10.415 total_gb=79.179 gpu_allocated_gb=16.760 gpu_reserved_gb=65.191 model_cuda_total_gb=15.483
[INFO|2026-08-25 17:30:02] llamafactory.train.sft.trainer:144 >> [rank0] mm_debug pre_step step=24 optimizer_step=3 frames=5 batch_gb=0.004 free_gb=10.415 total_gb=79.179 gpu_allocated_gb=16.158 gpu_reserved_gb=65.191 model_cuda_total_gb=15.483
[INFO|2026-08-25 17:30:19] llamafactory.train.prediction_dump:160 >> Wrote train predictions (24 records) to saves/qwen2_5vl-7b/lora/sft/CoT_traineval_resume_ep1/train_predictions.json
[INFO|2026-08-25 17:30:19] llamafactory.train.sft.trainer:144 >> train prediction dump: step=3 local=2 gathered=8 added=8 total=24
[INFO|2026-08-25 17:30:28] llamafactory.train.sft.trainer:144 >> [rank0] mm_debug pre_step step=25 optimizer_step=3 frames=5 batch_gb=0.004 free_gb=10.415 total_gb=79.179 gpu_allocated_gb=16.168 gpu_reserved_gb=65.191 model_cuda_total_gb=15.483
[INFO|2026-08-25 17:30:44] llamafactory.train.sft.trainer:144 >> [rank0] mm_debug pre_step step=26 optimizer_step=3 frames=66 batch_gb=0.051 free_gb=10.413 total_gb=79.179 gpu_allocated_gb=16.168 gpu_reserved_gb=65.191 model_cuda_total_gb=15.483
[INFO|2026-08-25 17:31:00] llamafactory.train.sft.trainer:144 >> [rank0] mm_debug pre_step step=27 optimizer_step=3 frames=66 batch_gb=0.051 free_gb=10.413 total_gb=79.179 gpu_allocated_gb=16.168 gpu_reserved_gb=65.191 model_cuda_total_gb=15.483
[INFO|2026-08-25 17:31:16] llamafactory.train.sft.trainer:144 >> [rank0] mm_debug pre_step step=28 optimizer_step=3 frames=219 batch_gb=0.171 free_gb=10.413 total_gb=79.179 gpu_allocated_gb=16.168 gpu_reserved_gb=65.191 model_cuda_total_gb=15.483
[INFO|2026-08-25 17:31:31] llamafactory.train.sft.trainer:144 >> [rank0] mm_debug pre_step step=29 optimizer_step=3 frames=218 batch_gb=0.170 free_gb=10.413 total_gb=79.179 gpu_allocated_gb=16.168 gpu_reserved_gb=65.191 model_cuda_total_gb=15.483
[INFO|2026-08-25 17:31:53] llamafactory.train.sft.trainer:144 >> [rank0] mm_debug pre_step step=30 optimizer_step=3 frames=5 batch_gb=0.004 free_gb=10.413 total_gb=79.179 gpu_allocated_gb=16.168 gpu_reserved_gb=65.191 model_cuda_total_gb=15.483
[INFO|2026-08-25 17:32:10] llamafactory.train.sft.trainer:144 >> [rank0] mm_debug pre_step step=31 optimizer_step=3 frames=130 batch_gb=0.101 free_gb=10.413 total_gb=79.179 gpu_allocated_gb=16.168 gpu_reserved_gb=65.191 model_cuda_total_gb=15.483
[INFO|2026-08-25 17:32:32] llamafactory.train.sft.trainer:144 >> [rank0] mm_debug pre_step step=32 optimizer_step=4 frames=220 batch_gb=0.172 free_gb=10.413 total_gb=79.179 gpu_allocated_gb=15.944 gpu_reserved_gb=65.191 model_cuda_total_gb=15.483
[INFO|2026-08-25 17:32:48] llamafactory.train.prediction_dump:160 >> Wrote train predictions (32 records) to saves/qwen2_5vl-7b/lora/sft/CoT_traineval_resume_ep1/train_predictions.json
[INFO|2026-08-25 17:32:48] llamafactory.train.sft.trainer:144 >> train prediction dump: step=4 local=2 gathered=8 added=8 total=32
[INFO|2026-08-25 17:33:00] llamafactory.train.sft.trainer:144 >> [rank0] mm_debug pre_step step=33 optimizer_step=4 frames=218 batch_gb=0.170 free_gb=10.413 total_gb=79.179 gpu_allocated_gb=15.953 gpu_reserved_gb=65.191 model_cuda_total_gb=15.483
[INFO|2026-08-25 17:33:16] llamafactory.train.callbacks:144 >> stop_at_global_step=5 reached (global_step=5); requesting training stop.
 10%|█         | 1/10 [02:32<22:55, 152.78s/it] 20%|██        | 2/10 [04:38<18:14, 136.82s/it] 30%|███       | 3/10 [07:08<16:41, 143.08s/it] 40%|████      | 4/10 [09:43<14:44, 147.41s/it] 50%|█████     | 5/10 [10:27<09:11, 110.31s/it][transformers] 
***** Running Evaluation *****
[transformers] 
***** Running Evaluation *****
[transformers]   Num examples = 30
[transformers]   Batch size = 1
[transformers] 
***** Running Evaluation *****
[transformers]   Num examples = 30
[transformers]   Batch size = 1
[transformers]   Num examples = 30
[transformers]   Batch size = 1
[INFO|trainer.py:2668] 2026-08-25 17:33:16,799 >> 
***** Running Evaluation *****
[INFO|trainer.py:2670] 2026-08-25 17:33:16,799 >>   Num examples = 30
[INFO|trainer.py:2673] 2026-08-25 17:33:16,799 >>   Batch size = 1

  0%|          | 0/8 [00:00<?, ?it/s][A[rank1]: Traceback (most recent call last):
[rank1]:   File "/scratch/i/indrisch/LLaMA-Factory-LFS/src/llamafactory/launcher.py", line 185, in <module>
[rank1]:     run_exp()
[rank1]:     ~~~~~~~^^
[rank1]:   File "/scratch/i/indrisch/LLaMA-Factory-LFS/src/llamafactory/train/tuner.py", line 219, in run_exp
[rank1]:     _training_function(config={"args": args, "callbacks": callbacks})
[rank1]:     ~~~~~~~~~~~~~~~~~~^^^^^^^^^^^^^^^^^^^^^^^^^^^^^^^^^^^^^^^^^^^^^^^
[rank1]:   File "/scratch/i/indrisch/LLaMA-Factory-LFS/src/llamafactory/train/tuner.py", line 187, in _training_function
[rank1]:     run_sft(model_args, data_args, training_args, finetuning_args, generating_args, callbacks)
[rank1]:     ~~~~~~~^^^^^^^^^^^^^^^^^^^^^^^^^^^^^^^^^^^^^^^^^^^^^^^^^^^^^^^^^^^^^^^^^^^^^^^^^^^^^^^^^^^
[rank1]:   File "/scratch/i/indrisch/LLaMA-Factory-LFS/src/llamafactory/train/sft/workflow.py", line 131, in run_sft
[rank1]:     train_result = trainer.train(resume_from_checkpoint=training_args.resume_from_checkpoint)
[rank1]:   File "/scratch/i/indrisch/venv_llamafactory_py313/lib/python3.13/site-packages/transformers/trainer.py", line 1427, in train
[rank1]:     return inner_training_loop(
[rank1]:         args=args,
[rank1]:     ...<2 lines>...
[rank1]:         ignore_keys_for_eval=ignore_keys_for_eval,
[rank1]:     )
[rank1]:   File "/scratch/i/indrisch/venv_llamafactory_py313/lib/python3.13/site-packages/transformers/trainer.py", line 1509, in _inner_training_loop
[rank1]:     self._run_epoch(
[rank1]:     ~~~~~~~~~~~~~~~^
[rank1]:         model=model,
[rank1]:         ^^^^^^^^^^^^
[rank1]:     ...<9 lines>...
[rank1]:         steps_trained_in_current_epoch=steps_trained_in_current_epoch,
[rank1]:         ^^^^^^^^^^^^^^^^^^^^^^^^^^^^^^^^^^^^^^^^^^^^^^^^^^^^^^^^^^^^^^
[rank1]:     )
[rank1]:     ^
[rank1]:   File "/scratch/i/indrisch/venv_llamafactory_py313/lib/python3.13/site-packages/transformers/trainer.py", line 1778, in _run_epoch
[rank1]:     self._maybe_log_save_evaluate(
[rank1]:     ~~~~~~~~~~~~~~~~~~~~~~~~~~~~~^
[rank1]:         self._tr_loss,
[rank1]:         ^^^^^^^^^^^^^^
[rank1]:     ...<6 lines>...
[rank1]:         learning_rate=learning_rate,
[rank1]:         ^^^^^^^^^^^^^^^^^^^^^^^^^^^^
[rank1]:     )
[rank1]:     ^
[rank1]:   File "/scratch/i/indrisch/venv_llamafactory_py313/lib/python3.13/site-packages/transformers/trainer.py", line 2084, in _maybe_log_save_evaluate
[rank1]:     metrics = self._evaluate(trial, ignore_keys_for_eval)
[rank1]:   File "/scratch/i/indrisch/venv_llamafactory_py313/lib/python3.13/site-packages/transformers/trainer.py", line 2995, in _evaluate
[rank1]:     metrics = self.evaluate(ignore_keys=ignore_keys_for_eval)
[rank1]:   File "/scratch/i/indrisch/LLaMA-Factory-LFS/src/llamafactory/train/sft/trainer.py", line 902, in evaluate
[rank1]:     metrics = super().evaluate(*args, **kwargs)
[rank1]:   File "/scratch/i/indrisch/venv_llamafactory_py313/lib/python3.13/site-packages/transformers/trainer_seq2seq.py", line 193, in evaluate
[rank1]:     return super().evaluate(eval_dataset, ignore_keys=ignore_keys, metric_key_prefix=metric_key_prefix)
[rank1]:            ~~~~~~~~~~~~~~~~^^^^^^^^^^^^^^^^^^^^^^^^^^^^^^^^^^^^^^^^^^^^^^^^^^^^^^^^^^^^^^^^^^^^^^^^^^^^
[rank1]:   File "/scratch/i/indrisch/venv_llamafactory_py313/lib/python3.13/site-packages/transformers/trainer.py", line 2582, in evaluate
[rank1]:     output = self.evaluation_loop(
[rank1]:         eval_dataloader,
[rank1]:     ...<5 lines>...
[rank1]:         metric_key_prefix=metric_key_prefix,
[rank1]:     )
[rank1]:   File "/scratch/i/indrisch/venv_llamafactory_py313/lib/python3.13/site-packages/transformers/trainer.py", line 2734, in evaluation_loop
[rank1]:     all_preds.add(logits)
[rank1]:     ~~~~~~~~~~~~~^^^^^^^^
[rank1]:   File "/scratch/i/indrisch/venv_llamafactory_py313/lib/python3.13/site-packages/transformers/trainer_pt_utils.py", line 378, in add
[rank1]:     self.tensors = nested_concat(self.tensors, tensors, padding_index=self.padding_index)
[rank1]:                    ~~~~~~~~~~~~~^^^^^^^^^^^^^^^^^^^^^^^^^^^^^^^^^^^^^^^^^^^^^^^^^^^^^^^^^
[rank1]:   File "/scratch/i/indrisch/venv_llamafactory_py313/lib/python3.13/site-packages/transformers/trainer_pt_utils.py", line 130, in nested_concat
[rank1]:     return torch_pad_and_concatenate(tensors, new_tensors, padding_index=padding_index)
[rank1]:   File "/scratch/i/indrisch/venv_llamafactory_py313/lib/python3.13/site-packages/transformers/trainer_pt_utils.py", line 94, in torch_pad_and_concatenate
[rank1]:     result = tensor1.new_full(new_shape, padding_index)
[rank1]: torch.OutOfMemoryError: CUDA out of memory. Tried to allocate 44.94 GiB. GPU 1 has a total capacity of 79.18 GiB of which 30.13 GiB is free. Process 596146 has 520.00 MiB memory in use. Including non-PyTorch memory, this process has 47.50 GiB memory in use. Process 596147 has 520.00 MiB memory in use. Process 596144 has 520.00 MiB memory in use. Of the allocated memory 45.32 GiB is allocated by PyTorch, and 154.69 MiB is reserved by PyTorch but unallocated. If reserved but unallocated memory is large try setting PYTORCH_CUDA_ALLOC_CONF=expandable_segments:True to avoid fragmentation.  See documentation for Memory Management  (https://pytorch.org/docs/stable/notes/cuda.html#environment-variables)
tg10705:596145:597649 [1] NCCL INFO misc/socket.cc:64 -> 3
tg10705:596145:597649 [1] NCCL INFO misc/socket.cc:80 -> 3
tg10705:596145:597649 [1] NCCL INFO misc/socket.cc:829 -> 3
tg10705:596145:597649 [1] NCCL INFO misc/socket.cc:64 -> 3
tg10705:596145:597649 [1] NCCL INFO misc/socket.cc:80 -> 3
tg10705:596145:597649 [1] NCCL INFO misc/socket.cc:829 -> 3
tg10705:596145:597649 [1] NCCL INFO misc/socket.cc:64 -> 3
tg10705:596145:597649 [1] NCCL INFO misc/socket.cc:80 -> 3
tg10705:596145:597649 [1] NCCL INFO misc/socket.cc:829 -> 3
tg10705:596145:597649 [1] NCCL INFO misc/socket.cc:64 -> 3
tg10705:596145:597649 [1] NCCL INFO misc/socket.cc:80 -> 3
tg10705:596145:597649 [1] NCCL INFO misc/socket.cc:829 -> 3
tg10705:596145:596603 [1] NCCL INFO misc/socket.cc:881 -> 3
[rank3]: Traceback (most recent call last):
[rank3]:   File "/scratch/i/indrisch/LLaMA-Factory-LFS/src/llamafactory/launcher.py", line 185, in <module>
[rank3]:     run_exp()
[rank3]:     ~~~~~~~^^
[rank3]:   File "/scratch/i/indrisch/LLaMA-Factory-LFS/src/llamafactory/train/tuner.py", line 219, in run_exp
[rank3]:     _training_function(config={"args": args, "callbacks": callbacks})
[rank3]:     ~~~~~~~~~~~~~~~~~~^^^^^^^^^^^^^^^^^^^^^^^^^^^^^^^^^^^^^^^^^^^^^^^
[rank3]:   File "/scratch/i/indrisch/LLaMA-Factory-LFS/src/llamafactory/train/tuner.py", line 187, in _training_function
[rank3]:     run_sft(model_args, data_args, training_args, finetuning_args, generating_args, callbacks)
[rank3]:     ~~~~~~~^^^^^^^^^^^^^^^^^^^^^^^^^^^^^^^^^^^^^^^^^^^^^^^^^^^^^^^^^^^^^^^^^^^^^^^^^^^^^^^^^^^
[rank3]:   File "/scratch/i/indrisch/LLaMA-Factory-LFS/src/llamafactory/train/sft/workflow.py", line 131, in run_sft
[rank3]:     train_result = trainer.train(resume_from_checkpoint=training_args.resume_from_checkpoint)
[rank3]:   File "/scratch/i/indrisch/venv_llamafactory_py313/lib/python3.13/site-packages/transformers/trainer.py", line 1427, in train
[rank3]:     return inner_training_loop(
[rank3]:         args=args,
[rank3]:     ...<2 lines>...
[rank3]:         ignore_keys_for_eval=ignore_keys_for_eval,
[rank3]:     )
[rank3]:   File "/scratch/i/indrisch/venv_llamafactory_py313/lib/python3.13/site-packages/transformers/trainer.py", line 1509, in _inner_training_loop
[rank3]:     self._run_epoch(
[rank3]:     ~~~~~~~~~~~~~~~^
[rank3]:         model=model,
[rank3]:         ^^^^^^^^^^^^
[rank3]:     ...<9 lines>...
[rank3]:         steps_trained_in_current_epoch=steps_trained_in_current_epoch,
[rank3]:         ^^^^^^^^^^^^^^^^^^^^^^^^^^^^^^^^^^^^^^^^^^^^^^^^^^^^^^^^^^^^^^
[rank3]:     )
[rank3]:     ^
[rank3]:   File "/scratch/i/indrisch/venv_llamafactory_py313/lib/python3.13/site-packages/transformers/trainer.py", line 1778, in _run_epoch
[rank3]:     self._maybe_log_save_evaluate(
[rank3]:     ~~~~~~~~~~~~~~~~~~~~~~~~~~~~~^
[rank3]:         self._tr_loss,
[rank3]:         ^^^^^^^^^^^^^^
[rank3]:     ...<6 lines>...
[rank3]:         learning_rate=learning_rate,
[rank3]:         ^^^^^^^^^^^^^^^^^^^^^^^^^^^^
[rank3]:     )
[rank3]:     ^
[rank3]:   File "/scratch/i/indrisch/venv_llamafactory_py313/lib/python3.13/site-packages/transformers/trainer.py", line 2084, in _maybe_log_save_evaluate
[rank3]:     metrics = self._evaluate(trial, ignore_keys_for_eval)
[rank3]:   File "/scratch/i/indrisch/venv_llamafactory_py313/lib/python3.13/site-packages/transformers/trainer.py", line 2995, in _evaluate
[rank3]:     metrics = self.evaluate(ignore_keys=ignore_keys_for_eval)
[rank3]:   File "/scratch/i/indrisch/LLaMA-Factory-LFS/src/llamafactory/train/sft/trainer.py", line 902, in evaluate
[rank3]:     metrics = super().evaluate(*args, **kwargs)
[rank3]:   File "/scratch/i/indrisch/venv_llamafactory_py313/lib/python3.13/site-packages/transformers/trainer_seq2seq.py", line 193, in evaluate
[rank3]:     return super().evaluate(eval_dataset, ignore_keys=ignore_keys, metric_key_prefix=metric_key_prefix)
[rank3]:            ~~~~~~~~~~~~~~~~^^^^^^^^^^^^^^^^^^^^^^^^^^^^^^^^^^^^^^^^^^^^^^^^^^^^^^^^^^^^^^^^^^^^^^^^^^^^
[rank3]:   File "/scratch/i/indrisch/venv_llamafactory_py313/lib/python3.13/site-packages/transformers/trainer.py", line 2582, in evaluate
[rank3]:     output = self.evaluation_loop(
[rank3]:         eval_dataloader,
[rank3]:     ...<5 lines>...
[rank3]:         metric_key_prefix=metric_key_prefix,
[rank3]:     )
[rank3]:   File "/scratch/i/indrisch/venv_llamafactory_py313/lib/python3.13/site-packages/transformers/trainer.py", line 2734, in evaluation_loop
[rank3]:     all_preds.add(logits)
[rank3]:     ~~~~~~~~~~~~~^^^^^^^^
[rank3]:   File "/scratch/i/indrisch/venv_llamafactory_py313/lib/python3.13/site-packages/transformers/trainer_pt_utils.py", line 378, in add
[rank3]:     self.tensors = nested_concat(self.tensors, tensors, padding_index=self.padding_index)
[rank3]:                    ~~~~~~~~~~~~~^^^^^^^^^^^^^^^^^^^^^^^^^^^^^^^^^^^^^^^^^^^^^^^^^^^^^^^^^
[rank3]:   File "/scratch/i/indrisch/venv_llamafactory_py313/lib/python3.13/site-packages/transformers/trainer_pt_utils.py", line 130, in nested_concat
[rank3]:     return torch_pad_and_concatenate(tensors, new_tensors, padding_index=padding_index)
[rank3]:   File "/scratch/i/indrisch/venv_llamafactory_py313/lib/python3.13/site-packages/transformers/trainer_pt_utils.py", line 94, in torch_pad_and_concatenate
[rank3]:     result = tensor1.new_full(new_shape, padding_index)
[rank3]: torch.OutOfMemoryError: CUDA out of memory. Tried to allocate 44.94 GiB. GPU 3 has a total capacity of 79.18 GiB of which 29.99 GiB is free. Process 596146 has 520.00 MiB memory in use. Process 596145 has 520.00 MiB memory in use. Including non-PyTorch memory, this process has 47.63 GiB memory in use. Process 596144 has 520.00 MiB memory in use. Of the allocated memory 45.46 GiB is allocated by PyTorch, and 159.62 MiB is reserved by PyTorch but unallocated. If reserved but unallocated memory is large try setting PYTORCH_CUDA_ALLOC_CONF=expandable_segments:True to avoid fragmentation.  See documentation for Memory Management  (https://pytorch.org/docs/stable/notes/cuda.html#environment-variables)
tg10705:596145:597649 [1] NCCL INFO comm 0x479d6560 rank 1 nranks 4 cudaDev 1 busId 5f000 - Abort COMPLETE
Traceback (most recent call last):
  File "/scratch/i/indrisch/LLaMA-Factory-LFS/src/llamafactory/launcher.py", line 185, in <module>
    run_exp()
    ~~~~~~~^^
  File "/scratch/i/indrisch/LLaMA-Factory-LFS/src/llamafactory/train/tuner.py", line 219, in run_exp
    _training_function(config={"args": args, "callbacks": callbacks})
    ~~~~~~~~~~~~~~~~~~^^^^^^^^^^^^^^^^^^^^^^^^^^^^^^^^^^^^^^^^^^^^^^^
  File "/scratch/i/indrisch/LLaMA-Factory-LFS/src/llamafactory/train/tuner.py", line 187, in _training_function
    run_sft(model_args, data_args, training_args, finetuning_args, generating_args, callbacks)
    ~~~~~~~^^^^^^^^^^^^^^^^^^^^^^^^^^^^^^^^^^^^^^^^^^^^^^^^^^^^^^^^^^^^^^^^^^^^^^^^^^^^^^^^^^^
  File "/scratch/i/indrisch/LLaMA-Factory-LFS/src/llamafactory/train/sft/workflow.py", line 131, in run_sft
    train_result = trainer.train(resume_from_checkpoint=training_args.resume_from_checkpoint)
  File "/scratch/i/indrisch/venv_llamafactory_py313/lib/python3.13/site-packages/transformers/trainer.py", line 1427, in train
    return inner_training_loop(
        args=args,
    ...<2 lines>...
        ignore_keys_for_eval=ignore_keys_for_eval,
    )
  File "/scratch/i/indrisch/venv_llamafactory_py313/lib/python3.13/site-packages/transformers/trainer.py", line 1509, in _inner_training_loop
    self._run_epoch(
    ~~~~~~~~~~~~~~~^
        model=model,
        ^^^^^^^^^^^^
    ...<9 lines>...
        steps_trained_in_current_epoch=steps_trained_in_current_epoch,
        ^^^^^^^^^^^^^^^^^^^^^^^^^^^^^^^^^^^^^^^^^^^^^^^^^^^^^^^^^^^^^^
    )
    ^
  File "/scratch/i/indrisch/venv_llamafactory_py313/lib/python3.13/site-packages/transformers/trainer.py", line 1778, in _run_epoch
    self._maybe_log_save_evaluate(
    ~~~~~~~~~~~~~~~~~~~~~~~~~~~~~^
        self._tr_loss,
        ^^^^^^^^^^^^^^
    ...<6 lines>...
        learning_rate=learning_rate,
        ^^^^^^^^^^^^^^^^^^^^^^^^^^^^
    )
    ^
  File "/scratch/i/indrisch/venv_llamafactory_py313/lib/python3.13/site-packages/transformers/trainer.py", line 2084, in _maybe_log_save_evaluate
    metrics = self._evaluate(trial, ignore_keys_for_eval)
  File "/scratch/i/indrisch/venv_llamafactory_py313/lib/python3.13/site-packages/transformers/trainer.py", line 2995, in _evaluate
    metrics = self.evaluate(ignore_keys=ignore_keys_for_eval)
  File "/scratch/i/indrisch/LLaMA-Factory-LFS/src/llamafactory/train/sft/trainer.py", line 902, in evaluate
    metrics = super().evaluate(*args, **kwargs)
  File "/scratch/i/indrisch/venv_llamafactory_py313/lib/python3.13/site-packages/transformers/trainer_seq2seq.py", line 193, in evaluate
    return super().evaluate(eval_dataset, ignore_keys=ignore_keys, metric_key_prefix=metric_key_prefix)
           ~~~~~~~~~~~~~~~~^^^^^^^^^^^^^^^^^^^^^^^^^^^^^^^^^^^^^^^^^^^^^^^^^^^^^^^^^^^^^^^^^^^^^^^^^^^^
  File "/scratch/i/indrisch/venv_llamafactory_py313/lib/python3.13/site-packages/transformers/trainer.py", line 2582, in evaluate
    output = self.evaluation_loop(
        eval_dataloader,
    ...<5 lines>...
        metric_key_prefix=metric_key_prefix,
    )
  File "/scratch/i/indrisch/venv_llamafactory_py313/lib/python3.13/site-packages/transformers/trainer.py", line 2734, in evaluation_loop
    all_preds.add(logits)
    ~~~~~~~~~~~~~^^^^^^^^
  File "/scratch/i/indrisch/venv_llamafactory_py313/lib/python3.13/site-packages/transformers/trainer_pt_utils.py", line 378, in add
    self.tensors = nested_concat(self.tensors, tensors, padding_index=self.padding_index)
                   ~~~~~~~~~~~~~^^^^^^^^^^^^^^^^^^^^^^^^^^^^^^^^^^^^^^^^^^^^^^^^^^^^^^^^^
  File "/scratch/i/indrisch/venv_llamafactory_py313/lib/python3.13/site-packages/transformers/trainer_pt_utils.py", line 130, in nested_concat
    return torch_pad_and_concatenate(tensors, new_tensors, padding_index=padding_index)
  File "/scratch/i/indrisch/venv_llamafactory_py313/lib/python3.13/site-packages/transformers/trainer_pt_utils.py", line 94, in torch_pad_and_concatenate
    result = tensor1.new_full(new_shape, padding_index)
torch.OutOfMemoryError: CUDA out of memory. Tried to allocate 44.94 GiB. GPU 0 has a total capacity of 79.18 GiB of which 29.89 GiB is free. Process 596146 has 520.00 MiB memory in use. Process 596145 has 520.00 MiB memory in use. Process 596147 has 520.00 MiB memory in use. Including non-PyTorch memory, this process has 47.74 GiB memory in use. Of the allocated memory 45.61 GiB is allocated by PyTorch, and 104.54 MiB is reserved by PyTorch but unallocated. If reserved but unallocated memory is large try setting PYTORCH_CUDA_ALLOC_CONF=expandable_segments:True to avoid fragmentation.  See documentation for Memory Management  (https://pytorch.org/docs/stable/notes/cuda.html#environment-variables)
[rank0]: Traceback (most recent call last):
[rank0]:   File "/scratch/i/indrisch/LLaMA-Factory-LFS/src/llamafactory/launcher.py", line 185, in <module>
[rank0]:     run_exp()
[rank0]:     ~~~~~~~^^
[rank0]:   File "/scratch/i/indrisch/LLaMA-Factory-LFS/src/llamafactory/train/tuner.py", line 219, in run_exp
[rank0]:     _training_function(config={"args": args, "callbacks": callbacks})
[rank0]:     ~~~~~~~~~~~~~~~~~~^^^^^^^^^^^^^^^^^^^^^^^^^^^^^^^^^^^^^^^^^^^^^^^
[rank0]:   File "/scratch/i/indrisch/LLaMA-Factory-LFS/src/llamafactory/train/tuner.py", line 187, in _training_function
[rank0]:     run_sft(model_args, data_args, training_args, finetuning_args, generating_args, callbacks)
[rank0]:     ~~~~~~~^^^^^^^^^^^^^^^^^^^^^^^^^^^^^^^^^^^^^^^^^^^^^^^^^^^^^^^^^^^^^^^^^^^^^^^^^^^^^^^^^^^
[rank0]:   File "/scratch/i/indrisch/LLaMA-Factory-LFS/src/llamafactory/train/sft/workflow.py", line 131, in run_sft
[rank0]:     train_result = trainer.train(resume_from_checkpoint=training_args.resume_from_checkpoint)
[rank0]:   File "/scratch/i/indrisch/venv_llamafactory_py313/lib/python3.13/site-packages/transformers/trainer.py", line 1427, in train
[rank0]:     return inner_training_loop(
[rank0]:         args=args,
[rank0]:     ...<2 lines>...
[rank0]:         ignore_keys_for_eval=ignore_keys_for_eval,
[rank0]:     )
[rank0]:   File "/scratch/i/indrisch/venv_llamafactory_py313/lib/python3.13/site-packages/transformers/trainer.py", line 1509, in _inner_training_loop
[rank0]:     self._run_epoch(
[rank0]:     ~~~~~~~~~~~~~~~^
[rank0]:         model=model,
[rank0]:         ^^^^^^^^^^^^
[rank0]:     ...<9 lines>...
[rank0]:         steps_trained_in_current_epoch=steps_trained_in_current_epoch,
[rank0]:         ^^^^^^^^^^^^^^^^^^^^^^^^^^^^^^^^^^^^^^^^^^^^^^^^^^^^^^^^^^^^^^
[rank0]:     )
[rank0]:     ^
[rank0]:   File "/scratch/i/indrisch/venv_llamafactory_py313/lib/python3.13/site-packages/transformers/trainer.py", line 1778, in _run_epoch
[rank0]:     self._maybe_log_save_evaluate(
[rank0]:     ~~~~~~~~~~~~~~~~~~~~~~~~~~~~~^
[rank0]:         self._tr_loss,
[rank0]:         ^^^^^^^^^^^^^^
[rank0]:     ...<6 lines>...
[rank0]:         learning_rate=learning_rate,
[rank0]:         ^^^^^^^^^^^^^^^^^^^^^^^^^^^^
[rank0]:     )
[rank0]:     ^
[rank0]:   File "/scratch/i/indrisch/venv_llamafactory_py313/lib/python3.13/site-packages/transformers/trainer.py", line 2084, in _maybe_log_save_evaluate
[rank0]:     metrics = self._evaluate(trial, ignore_keys_for_eval)
[rank0]:   File "/scratch/i/indrisch/venv_llamafactory_py313/lib/python3.13/site-packages/transformers/trainer.py", line 2995, in _evaluate
[rank0]:     metrics = self.evaluate(ignore_keys=ignore_keys_for_eval)
[rank0]:   File "/scratch/i/indrisch/LLaMA-Factory-LFS/src/llamafactory/train/sft/trainer.py", line 902, in evaluate
[rank0]:     metrics = super().evaluate(*args, **kwargs)
[rank0]:   File "/scratch/i/indrisch/venv_llamafactory_py313/lib/python3.13/site-packages/transformers/trainer_seq2seq.py", line 193, in evaluate
[rank0]:     return super().evaluate(eval_dataset, ignore_keys=ignore_keys, metric_key_prefix=metric_key_prefix)
[rank0]:            ~~~~~~~~~~~~~~~~^^^^^^^^^^^^^^^^^^^^^^^^^^^^^^^^^^^^^^^^^^^^^^^^^^^^^^^^^^^^^^^^^^^^^^^^^^^^
[rank0]:   File "/scratch/i/indrisch/venv_llamafactory_py313/lib/python3.13/site-packages/transformers/trainer.py", line 2582, in evaluate
[rank0]:     output = self.evaluation_loop(
[rank0]:         eval_dataloader,
[rank0]:     ...<5 lines>...
[rank0]:         metric_key_prefix=metric_key_prefix,
[rank0]:     )
[rank0]:   File "/scratch/i/indrisch/venv_llamafactory_py313/lib/python3.13/site-packages/transformers/trainer.py", line 2734, in evaluation_loop
[rank0]:     all_preds.add(logits)
[rank0]:     ~~~~~~~~~~~~~^^^^^^^^
[rank0]:   File "/scratch/i/indrisch/venv_llamafactory_py313/lib/python3.13/site-packages/transformers/trainer_pt_utils.py", line 378, in add
[rank0]:     self.tensors = nested_concat(self.tensors, tensors, padding_index=self.padding_index)
[rank0]:                    ~~~~~~~~~~~~~^^^^^^^^^^^^^^^^^^^^^^^^^^^^^^^^^^^^^^^^^^^^^^^^^^^^^^^^^
[rank0]:   File "/scratch/i/indrisch/venv_llamafactory_py313/lib/python3.13/site-packages/transformers/trainer_pt_utils.py", line 130, in nested_concat
[rank0]:     return torch_pad_and_concatenate(tensors, new_tensors, padding_index=padding_index)
[rank0]:   File "/scratch/i/indrisch/venv_llamafactory_py313/lib/python3.13/site-packages/transformers/trainer_pt_utils.py", line 94, in torch_pad_and_concatenate
[rank0]:     result = tensor1.new_full(new_shape, padding_index)
[rank0]: torch.OutOfMemoryError: CUDA out of memory. Tried to allocate 44.94 GiB. GPU 0 has a total capacity of 79.18 GiB of which 29.89 GiB is free. Process 596146 has 520.00 MiB memory in use. Process 596145 has 520.00 MiB memory in use. Process 596147 has 520.00 MiB memory in use. Including non-PyTorch memory, this process has 47.74 GiB memory in use. Of the allocated memory 45.61 GiB is allocated by PyTorch, and 104.54 MiB is reserved by PyTorch but unallocated. If reserved but unallocated memory is large try setting PYTORCH_CUDA_ALLOC_CONF=expandable_segments:True to avoid fragmentation.  See documentation for Memory Management  (https://pytorch.org/docs/stable/notes/cuda.html#environment-variables)
[1;34mwandb[0m: 
[1;34mwandb[0m: You can sync this run to the cloud by running:
[1;34mwandb[0m: [1mwandb sync /scratch/i/indrisch/LLaMA-Factory-LFS/wandb/wandb/offline-run-20260825_172248-yetsc95p[0m
[1;34mwandb[0m: Find logs at: [1;35mwandb/wandb/offline-run-20260825_172248-yetsc95p/logs[0m
[rank2]: Traceback (most recent call last):
[rank2]:   File "/scratch/i/indrisch/LLaMA-Factory-LFS/src/llamafactory/launcher.py", line 185, in <module>
[rank2]:     run_exp()
[rank2]:     ~~~~~~~^^
[rank2]:   File "/scratch/i/indrisch/LLaMA-Factory-LFS/src/llamafactory/train/tuner.py", line 219, in run_exp
[rank2]:     _training_function(config={"args": args, "callbacks": callbacks})
[rank2]:     ~~~~~~~~~~~~~~~~~~^^^^^^^^^^^^^^^^^^^^^^^^^^^^^^^^^^^^^^^^^^^^^^^
[rank2]:   File "/scratch/i/indrisch/LLaMA-Factory-LFS/src/llamafactory/train/tuner.py", line 187, in _training_function
[rank2]:     run_sft(model_args, data_args, training_args, finetuning_args, generating_args, callbacks)
[rank2]:     ~~~~~~~^^^^^^^^^^^^^^^^^^^^^^^^^^^^^^^^^^^^^^^^^^^^^^^^^^^^^^^^^^^^^^^^^^^^^^^^^^^^^^^^^^^
[rank2]:   File "/scratch/i/indrisch/LLaMA-Factory-LFS/src/llamafactory/train/sft/workflow.py", line 131, in run_sft
[rank2]:     train_result = trainer.train(resume_from_checkpoint=training_args.resume_from_checkpoint)
[rank2]:   File "/scratch/i/indrisch/venv_llamafactory_py313/lib/python3.13/site-packages/transformers/trainer.py", line 1427, in train
[rank2]:     return inner_training_loop(
[rank2]:         args=args,
[rank2]:     ...<2 lines>...
[rank2]:         ignore_keys_for_eval=ignore_keys_for_eval,
[rank2]:     )
[rank2]:   File "/scratch/i/indrisch/venv_llamafactory_py313/lib/python3.13/site-packages/transformers/trainer.py", line 1509, in _inner_training_loop
[rank2]:     self._run_epoch(
[rank2]:     ~~~~~~~~~~~~~~~^
[rank2]:         model=model,
[rank2]:         ^^^^^^^^^^^^
[rank2]:     ...<9 lines>...
[rank2]:         steps_trained_in_current_epoch=steps_trained_in_current_epoch,
[rank2]:         ^^^^^^^^^^^^^^^^^^^^^^^^^^^^^^^^^^^^^^^^^^^^^^^^^^^^^^^^^^^^^^
[rank2]:     )
[rank2]:     ^
[rank2]:   File "/scratch/i/indrisch/venv_llamafactory_py313/lib/python3.13/site-packages/transformers/trainer.py", line 1778, in _run_epoch
[rank2]:     self._maybe_log_save_evaluate(
[rank2]:     ~~~~~~~~~~~~~~~~~~~~~~~~~~~~~^
[rank2]:         self._tr_loss,
[rank2]:         ^^^^^^^^^^^^^^
[rank2]:     ...<6 lines>...
[rank2]:         learning_rate=learning_rate,
[rank2]:         ^^^^^^^^^^^^^^^^^^^^^^^^^^^^
[rank2]:     )
[rank2]:     ^
[rank2]:   File "/scratch/i/indrisch/venv_llamafactory_py313/lib/python3.13/site-packages/transformers/trainer.py", line 2084, in _maybe_log_save_evaluate
[rank2]:     metrics = self._evaluate(trial, ignore_keys_for_eval)
[rank2]:   File "/scratch/i/indrisch/venv_llamafactory_py313/lib/python3.13/site-packages/transformers/trainer.py", line 2995, in _evaluate
[rank2]:     metrics = self.evaluate(ignore_keys=ignore_keys_for_eval)
[rank2]:   File "/scratch/i/indrisch/LLaMA-Factory-LFS/src/llamafactory/train/sft/trainer.py", line 902, in evaluate
[rank2]:     metrics = super().evaluate(*args, **kwargs)
[rank2]:   File "/scratch/i/indrisch/venv_llamafactory_py313/lib/python3.13/site-packages/transformers/trainer_seq2seq.py", line 193, in evaluate
[rank2]:     return super().evaluate(eval_dataset, ignore_keys=ignore_keys, metric_key_prefix=metric_key_prefix)
[rank2]:            ~~~~~~~~~~~~~~~~^^^^^^^^^^^^^^^^^^^^^^^^^^^^^^^^^^^^^^^^^^^^^^^^^^^^^^^^^^^^^^^^^^^^^^^^^^^^
[rank2]:   File "/scratch/i/indrisch/venv_llamafactory_py313/lib/python3.13/site-packages/transformers/trainer.py", line 2582, in evaluate
[rank2]:     output = self.evaluation_loop(
[rank2]:         eval_dataloader,
[rank2]:     ...<5 lines>...
[rank2]:         metric_key_prefix=metric_key_prefix,
[rank2]:     )
[rank2]:   File "/scratch/i/indrisch/venv_llamafactory_py313/lib/python3.13/site-packages/transformers/trainer.py", line 2734, in evaluation_loop
[rank2]:     all_preds.add(logits)
[rank2]:     ~~~~~~~~~~~~~^^^^^^^^
[rank2]:   File "/scratch/i/indrisch/venv_llamafactory_py313/lib/python3.13/site-packages/transformers/trainer_pt_utils.py", line 378, in add
[rank2]:     self.tensors = nested_concat(self.tensors, tensors, padding_index=self.padding_index)
[rank2]:                    ~~~~~~~~~~~~~^^^^^^^^^^^^^^^^^^^^^^^^^^^^^^^^^^^^^^^^^^^^^^^^^^^^^^^^^
[rank2]:   File "/scratch/i/indrisch/venv_llamafactory_py313/lib/python3.13/site-packages/transformers/trainer_pt_utils.py", line 130, in nested_concat
[rank2]:     return torch_pad_and_concatenate(tensors, new_tensors, padding_index=padding_index)
[rank2]:   File "/scratch/i/indrisch/venv_llamafactory_py313/lib/python3.13/site-packages/transformers/trainer_pt_utils.py", line 94, in torch_pad_and_concatenate
[rank2]:     result = tensor1.new_full(new_shape, padding_index)
[rank2]: torch.OutOfMemoryError: CUDA out of memory. Tried to allocate 44.94 GiB. GPU 2 has a total capacity of 79.18 GiB of which 29.84 GiB is free. Including non-PyTorch memory, this process has 47.79 GiB memory in use. Process 596145 has 520.00 MiB memory in use. Process 596147 has 520.00 MiB memory in use. Process 596144 has 520.00 MiB memory in use. Of the allocated memory 45.66 GiB is allocated by PyTorch, and 110.70 MiB is reserved by PyTorch but unallocated. If reserved but unallocated memory is large try setting PYTORCH_CUDA_ALLOC_CONF=expandable_segments:True to avoid fragmentation.  See documentation for Memory Management  (https://pytorch.org/docs/stable/notes/cuda.html#environment-variables)
tg10705:596147:597663 [3] NCCL INFO misc/socket.cc:64 -> 3
tg10705:596147:597663 [3] NCCL INFO misc/socket.cc:80 -> 3
tg10705:596147:597663 [3] NCCL INFO misc/socket.cc:829 -> 3
tg10705:596147:597663 [3] NCCL INFO misc/socket.cc:64 -> 3
tg10705:596147:597663 [3] NCCL INFO misc/socket.cc:80 -> 3
tg10705:596147:597663 [3] NCCL INFO misc/socket.cc:829 -> 3
tg10705:596147:597663 [3] NCCL INFO misc/socket.cc:64 -> 3
tg10705:596147:597663 [3] NCCL INFO misc/socket.cc:80 -> 3
tg10705:596147:597663 [3] NCCL INFO misc/socket.cc:829 -> 3
tg10705:596147:597663 [3] NCCL INFO misc/socket.cc:64 -> 3
tg10705:596147:597663 [3] NCCL INFO misc/socket.cc:80 -> 3
tg10705:596147:597663 [3] NCCL INFO misc/socket.cc:829 -> 3
tg10705:596147:596600 [3] NCCL INFO misc/socket.cc:881 -> 3
tg10705:596146:597665 [2] NCCL INFO misc/socket.cc:64 -> 3
tg10705:596146:597665 [2] NCCL INFO misc/socket.cc:80 -> 3
tg10705:596146:597665 [2] NCCL INFO misc/socket.cc:829 -> 3
tg10705:596146:597665 [2] NCCL INFO misc/socket.cc:64 -> 3
tg10705:596146:597665 [2] NCCL INFO misc/socket.cc:80 -> 3
tg10705:596146:597665 [2] NCCL INFO misc/socket.cc:829 -> 3
tg10705:596146:597665 [2] NCCL INFO misc/socket.cc:64 -> 3
tg10705:596146:597665 [2] NCCL INFO misc/socket.cc:80 -> 3
tg10705:596146:597665 [2] NCCL INFO misc/socket.cc:829 -> 3
tg10705:596146:596606 [2] NCCL INFO misc/socket.cc:881 -> 3
tg10705:596146:597665 [2] NCCL INFO misc/socket.cc:64 -> 3
tg10705:596146:597665 [2] NCCL INFO misc/socket.cc:80 -> 3
tg10705:596146:597665 [2] NCCL INFO misc/socket.cc:829 -> 3
tg10705:596147:596600 [3] NCCL INFO misc/socket.cc:881 -> 3
[rank0]:[W825 17:33:37.691115561 ProcessGroupNCCL.cpp:1479] Warning: WARNING: destroy_process_group() was not called before program exit, which can leak resources. For more info, please see https://pytorch.org/docs/stable/distributed.html#shutdown (function operator())
tg10705:596144:597667 [0] NCCL INFO misc/socket.cc:64 -> 3
tg10705:596144:597667 [0] NCCL INFO misc/socket.cc:80 -> 3
tg10705:596144:597667 [0] NCCL INFO misc/socket.cc:829 -> 3
tg10705:596144:596601 [0] NCCL INFO misc/socket.cc:881 -> 3
tg10705:596144:597667 [0] NCCL INFO misc/socket.cc:64 -> 3
tg10705:596144:597667 [0] NCCL INFO misc/socket.cc:80 -> 3
tg10705:596144:597667 [0] NCCL INFO misc/socket.cc:829 -> 3
tg10705:596144:597667 [0] NCCL INFO misc/socket.cc:64 -> 3
tg10705:596144:597667 [0] NCCL INFO misc/socket.cc:80 -> 3
tg10705:596144:597667 [0] NCCL INFO misc/socket.cc:829 -> 3
tg10705:596146:596606 [2] NCCL INFO misc/socket.cc:881 -> 3
tg10705:596144:597667 [0] NCCL INFO misc/socket.cc:64 -> 3
tg10705:596144:597667 [0] NCCL INFO misc/socket.cc:80 -> 3
tg10705:596144:597667 [0] NCCL INFO misc/socket.cc:829 -> 3
tg10705:596147:597663 [3] NCCL INFO comm 0x12516dc0 rank 3 nranks 4 cudaDev 3 busId db000 - Abort COMPLETE
tg10705:596146:597665 [2] NCCL INFO comm 0x4e2fbd60 rank 2 nranks 4 cudaDev 2 busId cb000 - Abort COMPLETE
tg10705:596144:596776 [0] NCCL INFO [Service thread] Connection closed by localRank 1
tg10705:596147:596774 [3] NCCL INFO [Service thread] Connection closed by localRank 1
tg10705:596146:596770 [2] NCCL INFO [Service thread] Connection closed by localRank 1
tg10705:596144:597667 [0] NCCL INFO comm 0x45189e70 rank 0 nranks 4 cudaDev 0 busId 4e000 - Abort COMPLETE
W0825 17:33:38.136000 596142 torch/distributed/elastic/multiprocessing/api.py:900] Sending process 596144 closing signal SIGTERM
W0825 17:33:38.139000 596142 torch/distributed/elastic/multiprocessing/api.py:900] Sending process 596146 closing signal SIGTERM
W0825 17:33:38.141000 596142 torch/distributed/elastic/multiprocessing/api.py:900] Sending process 596147 closing signal SIGTERM
E0825 17:33:39.610000 596142 torch/distributed/elastic/multiprocessing/api.py:874] failed (exitcode: 1) local_rank: 1 (pid: 596145) of binary: /scratch/i/indrisch/venv_llamafactory_py313/bin/python
Traceback (most recent call last):
  File "/scratch/i/indrisch/venv_llamafactory_py313/bin/torchrun", line 8, in <module>
    sys.exit(main())
             ~~~~^^
  File "/scratch/i/indrisch/venv_llamafactory_py313/lib/python3.13/site-packages/torch/distributed/elastic/multiprocessing/errors/__init__.py", line 355, in wrapper
    return f(*args, **kwargs)
  File "/scratch/i/indrisch/venv_llamafactory_py313/lib/python3.13/site-packages/torch/distributed/run.py", line 892, in main
    run(args)
    ~~~^^^^^^
  File "/scratch/i/indrisch/venv_llamafactory_py313/lib/python3.13/site-packages/torch/distributed/run.py", line 883, in run
    elastic_launch(
    ~~~~~~~~~~~~~~~
        config=config,
        ~~~~~~~~~~~~~~
        entrypoint=cmd,
        ~~~~~~~~~~~~~~~
    )(*cmd_args)
    ~^^^^^^^^^^^
  File "/scratch/i/indrisch/venv_llamafactory_py313/lib/python3.13/site-packages/torch/distributed/launcher/api.py", line 139, in __call__
    return launch_agent(self._config, self._entrypoint, list(args))
  File "/scratch/i/indrisch/venv_llamafactory_py313/lib/python3.13/site-packages/torch/distributed/launcher/api.py", line 270, in launch_agent
    raise ChildFailedError(
    ...<2 lines>...
    )
torch.distributed.elastic.multiprocessing.errors.ChildFailedError: 
============================================================
/scratch/i/indrisch/LLaMA-Factory-LFS/src/llamafactory/launcher.py FAILED
------------------------------------------------------------
Failures:
  <NO_OTHER_FAILURES>
------------------------------------------------------------
Root Cause (first observed failure):
[0]:
  time      : 2026-08-25_17:33:38
  host      : tg10705.tamia.ecpia.ca
  rank      : 1 (local_rank: 1)
  exitcode  : 1 (pid: 596145)
  error_file: <N/A>
  traceback : To enable traceback see: https://pytorch.org/docs/stable/elastic/errors.html
============================================================
Traceback (most recent call last):
  File "/scratch/i/indrisch/venv_llamafactory_py313/bin/llamafactory-cli", line 6, in <module>
    sys.exit(main())
             ~~~~^^
  File "/scratch/i/indrisch/LLaMA-Factory-LFS/src/llamafactory/cli.py", line 24, in main
    launcher.launch()
    ~~~~~~~~~~~~~~~^^
  File "/scratch/i/indrisch/LLaMA-Factory-LFS/src/llamafactory/launcher.py", line 115, in launch
    process = subprocess.run(
        (
    ...<14 lines>...
        check=True,
    )
  File "/cvmfs/soft.computecanada.ca/easybuild/software/2023/x86-64-v4/Compiler/gcccore/python/3.13.2/lib/python3.13/subprocess.py", line 579, in run
    raise CalledProcessError(retcode, process.args,
                             output=stdout, stderr=stderr)
subprocess.CalledProcessError: Command '['torchrun', '--nnodes', '1', '--node_rank', '0', '--nproc_per_node', '4', '--master_addr', 'tg10705', '--master_port', '29500', '/scratch/i/indrisch/LLaMA-Factory-LFS/src/llamafactory/launcher.py', '/tmp/cot_stage/train.yaml']' returned non-zero exit status 1.

======== GPU REPORT ========

==============NVSMI LOG==============

Timestamp                                              : Tue Aug 25 17:33:40 2026
Driver Version                                         : 580.159.04
CUDA Version                                           : 13.0

Attached GPUs                                          : 4
GPU 00000000:4E:00.0
    Accounting Mode                                    : Enabled
    Accounting Mode Buffer Size                        : 4000
    Accounted Processes
        Process ID                                     : 596145
            GPU Utilization                            : 0 %
            Memory Utilization                         : 0 %
            Max memory usage                           : 520 MiB
            Time                                       : 697180 ms
            Is Running                                 : 0
        Process ID                                     : 596146
            GPU Utilization                            : 0 %
            Memory Utilization                         : 0 %
            Max memory usage                           : 520 MiB
            Time                                       : 698160 ms
            Is Running                                 : 0
        Process ID                                     : 596147
            GPU Utilization                            : 0 %
            Memory Utilization                         : 0 %
            Max memory usage                           : 520 MiB
            Time                                       : 698417 ms
            Is Running                                 : 0
        Process ID                                     : 596144
            GPU Utilization                            : 84 %
            Memory Utilization                         : 32 %
            Max memory usage                           : 79488 MiB
            Time                                       : 698642 ms
            Is Running                                 : 0

GPU 00000000:5F:00.0
    Accounting Mode                                    : Enabled
    Accounting Mode Buffer Size                        : 4000
    Accounted Processes
        Process ID                                     : 596145
            GPU Utilization                            : 84 %
            Memory Utilization                         : 25 %
            Max memory usage                           : 79486 MiB
            Time                                       : 697125 ms
            Is Running                                 : 0
        Process ID                                     : 596146
            GPU Utilization                            : 0 %
            Memory Utilization                         : 0 %
            Max memory usage                           : 520 MiB
            Time                                       : 698111 ms
            Is Running                                 : 0
        Process ID                                     : 596147
            GPU Utilization                            : 0 %
            Memory Utilization                         : 0 %
            Max memory usage                           : 520 MiB
            Time                                       : 698366 ms
            Is Running                                 : 0
        Process ID                                     : 596144
            GPU Utilization                            : 0 %
            Memory Utilization                         : 0 %
            Max memory usage                           : 520 MiB
            Time                                       : 698560 ms
            Is Running                                 : 0

GPU 00000000:CB:00.0
    Accounting Mode                                    : Enabled
    Accounting Mode Buffer Size                        : 4000
    Accounted Processes
        Process ID                                     : 596145
            GPU Utilization                            : 0 %
            Memory Utilization                         : 0 %
            Max memory usage                           : 520 MiB
            Time                                       : 697083 ms
            Is Running                                 : 0
        Process ID                                     : 596146
            GPU Utilization                            : 84 %
            Memory Utilization                         : 41 %
            Max memory usage                           : 79488 MiB
            Time                                       : 698031 ms
            Is Running                                 : 0
        Process ID                                     : 596147
            GPU Utilization                            : 0 %
            Memory Utilization                         : 0 %
            Max memory usage                           : 520 MiB
            Time                                       : 698299 ms
            Is Running                                 : 0
        Process ID                                     : 596144
            GPU Utilization                            : 0 %
            Memory Utilization                         : 0 %
            Max memory usage                           : 520 MiB
            Time                                       : 698476 ms
            Is Running                                 : 0

GPU 00000000:DB:00.0
    Accounting Mode                                    : Enabled
    Accounting Mode Buffer Size                        : 4000
    Accounted Processes
        Process ID                                     : 596145
            GPU Utilization                            : 0 %
            Memory Utilization                         : 0 %
            Max memory usage                           : 520 MiB
            Time                                       : 697019 ms
            Is Running                                 : 0
        Process ID                                     : 596146
            GPU Utilization                            : 0 %
            Memory Utilization                         : 0 %
            Max memory usage                           : 520 MiB
            Time                                       : 697969 ms
            Is Running                                 : 0
        Process ID                                     : 596147
            GPU Utilization                            : 85 %
            Memory Utilization                         : 25 %
            Max memory usage                           : 79486 MiB
            Time                                       : 698236 ms
            Is Running                                 : 0
        Process ID                                     : 596144
            GPU Utilization                            : 0 %
            Memory Utilization                         : 0 %
            Max memory usage                           : 520 MiB
            Time                                       : 698412 ms
            Is Running                                 : 0

Tue Aug 25 17:33:40 2026       
+-----------------------------------------------------------------------------------------+
| NVIDIA-SMI 580.159.04             Driver Version: 580.159.04     CUDA Version: 13.0     |
+-----------------------------------------+------------------------+----------------------+
| GPU  Name                 Persistence-M | Bus-Id          Disp.A | Volatile Uncorr. ECC |
| Fan  Temp   Perf          Pwr:Usage/Cap |           Memory-Usage | GPU-Util  Compute M. |
|                                         |                        |               MIG M. |
|=========================================+========================+======================|
|   0  NVIDIA H100 80GB HBM3          On  |   00000000:4E:00.0 Off |                    0 |
| N/A   54C    P0            138W /  700W |       0MiB /  81559MiB |      0%      Default |
|                                         |                        |             Disabled |
+-----------------------------------------+------------------------+----------------------+
|   1  NVIDIA H100 80GB HBM3          On  |   00000000:5F:00.0 Off |                    0 |
| N/A   53C    P0            135W /  700W |       0MiB /  81559MiB |      0%      Default |
|                                         |                        |             Disabled |
+-----------------------------------------+------------------------+----------------------+
|   2  NVIDIA H100 80GB HBM3          On  |   00000000:CB:00.0 Off |                    0 |
| N/A   52C    P0            137W /  700W |       0MiB /  81559MiB |      0%      Default |
|                                         |                        |             Disabled |
+-----------------------------------------+------------------------+----------------------+
|   3  NVIDIA H100 80GB HBM3          On  |   00000000:DB:00.0 Off |                    0 |
| N/A   53C    P0            135W /  700W |       0MiB /  81559MiB |      0%      Default |
|                                         |                        |             Disabled |
+-----------------------------------------+------------------------+----------------------+

+-----------------------------------------------------------------------------------------+
| Processes:                                                                              |
|  GPU   GI   CI              PID   Type   Process name                        GPU Memory |
|        ID   ID                                                               Usage      |
|=========================================================================================|
|  No running processes found                                                             |
+-----------------------------------------------------------------------------------------+
srun: error: tg10705: task 0: Exited with exit code 1
srun: Terminating StepId=428152.0

======== GPU REPORT ========

==============NVSMI LOG==============

Timestamp                                              : Tue Aug 25 17:33:41 2026
Driver Version                                         : 580.159.04
CUDA Version                                           : 13.0

Attached GPUs                                          : 4
GPU 00000000:4E:00.0
    Accounting Mode                                    : Enabled
    Accounting Mode Buffer Size                        : 4000
    Accounted Processes
        Process ID                                     : 596145
            GPU Utilization                            : 0 %
            Memory Utilization                         : 0 %
            Max memory usage                           : 520 MiB
            Time                                       : 697180 ms
            Is Running                                 : 0
        Process ID                                     : 596146
            GPU Utilization                            : 0 %
            Memory Utilization                         : 0 %
            Max memory usage                           : 520 MiB
            Time                                       : 698160 ms
            Is Running                                 : 0
        Process ID                                     : 596147
            GPU Utilization                            : 0 %
            Memory Utilization                         : 0 %
            Max memory usage                           : 520 MiB
            Time                                       : 698417 ms
            Is Running                                 : 0
        Process ID                                     : 596144
            GPU Utilization                            : 84 %
            Memory Utilization                         : 32 %
            Max memory usage                           : 79488 MiB
            Time                                       : 698642 ms
            Is Running                                 : 0

GPU 00000000:5F:00.0
    Accounting Mode                                    : Enabled
    Accounting Mode Buffer Size                        : 4000
    Accounted Processes
        Process ID                                     : 596145
            GPU Utilization                            : 84 %
            Memory Utilization                         : 25 %
            Max memory usage                           : 79486 MiB
            Time                                       : 697125 ms
            Is Running                                 : 0
        Process ID                                     : 596146
            GPU Utilization                            : 0 %
            Memory Utilization                         : 0 %
            Max memory usage                           : 520 MiB
            Time                                       : 698111 ms
            Is Running                                 : 0
        Process ID                                     : 596147
            GPU Utilization                            : 0 %
            Memory Utilization                         : 0 %
            Max memory usage                           : 520 MiB
            Time                                       : 698366 ms
            Is Running                                 : 0
        Process ID                                     : 596144
            GPU Utilization                            : 0 %
            Memory Utilization                         : 0 %
            Max memory usage                           : 520 MiB
            Time                                       : 698560 ms
            Is Running                                 : 0

GPU 00000000:CB:00.0
    Accounting Mode                                    : Enabled
    Accounting Mode Buffer Size                        : 4000
    Accounted Processes
        Process ID                                     : 596145
            GPU Utilization                            : 0 %
            Memory Utilization                         : 0 %
            Max memory usage                           : 520 MiB
            Time                                       : 697083 ms
            Is Running                                 : 0
        Process ID                                     : 596146
            GPU Utilization                            : 84 %
            Memory Utilization                         : 41 %
            Max memory usage                           : 79488 MiB
            Time                                       : 698031 ms
            Is Running                                 : 0
        Process ID                                     : 596147
            GPU Utilization                            : 0 %
            Memory Utilization                         : 0 %
            Max memory usage                           : 520 MiB
            Time                                       : 698299 ms
            Is Running                                 : 0
        Process ID                                     : 596144
            GPU Utilization                            : 0 %
            Memory Utilization                         : 0 %
            Max memory usage                           : 520 MiB
            Time                                       : 698476 ms
            Is Running                                 : 0

GPU 00000000:DB:00.0
    Accounting Mode                                    : Enabled
    Accounting Mode Buffer Size                        : 4000
    Accounted Processes
        Process ID                                     : 596145
            GPU Utilization                            : 0 %
            Memory Utilization                         : 0 %
            Max memory usage                           : 520 MiB
            Time                                       : 697019 ms
            Is Running                                 : 0
        Process ID                                     : 596146
            GPU Utilization                            : 0 %
            Memory Utilization                         : 0 %
            Max memory usage                           : 520 MiB
            Time                                       : 697969 ms
            Is Running                                 : 0
        Process ID                                     : 596147
            GPU Utilization                            : 85 %
            Memory Utilization                         : 25 %
            Max memory usage                           : 79486 MiB
            Time                                       : 698236 ms
            Is Running                                 : 0
        Process ID                                     : 596144
            GPU Utilization                            : 0 %
            Memory Utilization                         : 0 %
            Max memory usage                           : 520 MiB
            Time                                       : 698412 ms
            Is Running                                 : 0

Tue Aug 25 17:33:41 2026       
+-----------------------------------------------------------------------------------------+
| NVIDIA-SMI 580.159.04             Driver Version: 580.159.04     CUDA Version: 13.0     |
+-----------------------------------------+------------------------+----------------------+
| GPU  Name                 Persistence-M | Bus-Id          Disp.A | Volatile Uncorr. ECC |
| Fan  Temp   Perf          Pwr:Usage/Cap |           Memory-Usage | GPU-Util  Compute M. |
|                                         |                        |               MIG M. |
|=========================================+========================+======================|
|   0  NVIDIA H100 80GB HBM3          On  |   00000000:4E:00.0 Off |                    0 |
| N/A   53C    P0            133W /  700W |       0MiB /  81559MiB |      0%      Default |
|                                         |                        |             Disabled |
+-----------------------------------------+------------------------+----------------------+
|   1  NVIDIA H100 80GB HBM3          On  |   00000000:5F:00.0 Off |                    0 |
| N/A   51C    P0             94W /  700W |       0MiB /  81559MiB |      0%      Default |
|                                         |                        |             Disabled |
+-----------------------------------------+------------------------+----------------------+
|   2  NVIDIA H100 80GB HBM3          On  |   00000000:CB:00.0 Off |                    0 |
| N/A   51C    P0             91W /  700W |       0MiB /  81559MiB |      0%      Default |
|                                         |                        |             Disabled |
+-----------------------------------------+------------------------+----------------------+
|   3  NVIDIA H100 80GB HBM3          On  |   00000000:DB:00.0 Off |                    0 |
| N/A   52C    P0            103W /  700W |       0MiB /  81559MiB |      0%      Default |
|                                         |                        |             Disabled |
+-----------------------------------------+------------------------+----------------------+

+-----------------------------------------------------------------------------------------+
| Processes:                                                                              |
|  GPU   GI   CI              PID   Type   Process name                        GPU Memory |
|        ID   ID                                                               Usage      |
|=========================================================================================|
|  No running processes found                                                             |
+-----------------------------------------------------------------------------------------+
